fuente,fecha,hora,titulo,url
Opinion,2026-09-27,00:00,La Verde abre una nueva etapa frente a Paraguay en Washington,https://www.opinion.com.bo/deportes/verde-abre-nueva-etapa-frente-paraguay-washington/20260927000016996743.html
Vision 360,2026-09-27,00:00,"El diésel a Bs 17,95 y la estrategia del shock",https://www.vision360.bo/noticias/2026/09/27/69643-el-diesel-a-bs-17_95-y-la-estrategia-del-shock
Vision 360,2026-09-27,00:00,Cuando la justicia libera y la impunidad se campea,https://www.vision360.bo/noticias/2026/09/27/69649-cuando-la-justicia-libera-y-la-impunidad-se-campea
Vision 360,2026-09-27,00:00,Caso “Narcomaderas”: ¡la Cancillería debe ejercer la protección consular ya!,https://www.vision360.bo/noticias/2026/09/27/69652-caso-narcomaderas-la-cancilleria-debe-ejercer-la-proteccion-consular-ya
Opinion,2026-09-27,00:04,Bolivia insta a superar las limitaciones estructurales que enfrentan los países sin litoral,https://www.opinion.com.bo/pais/bolivia-insta-superar-limitaciones-estructurales-que-enfrentan-paises-litoral/20260927000446996745.html
La Razon,2026-09-27,00:26,Avicultores advierten con parar la producción de pollo,https://larazon.bo/economia-y-empresa/2026/09/27/avicultores-advierten-con-parar-la-produccion-de-pollo/
Vision 360,2026-09-27,00:28,¿Evo de nuevo? ... ¡huevo carajo!,https://www.vision360.bo/noticias/2026/09/27/69697-evo-de-nuevo--huevo-carajo
La Razon,2026-09-27,00:32,Una semana de muchas novedades,https://larazon.bo/opinion/columnistas/2026/09/27/una-semana-de-muchas-novedades/
La Razon,2026-09-27,00:37,Bolivia: el país que tenía dos océanos… pero no encontraba los rieles,https://larazon.bo/opinion/columnistas/2026/09/27/bolivia-el-pais-que-tenia-dos-oceanos-pero-no-encontraba-los-rieles/
La Razon,2026-09-27,00:49,Gobierno y regiones: El 50/50 pasó de propuesta a exigencia regional,https://larazon.bo/nacional/2026/09/27/gobierno-y-regiones-el-50-50-paso-de-propuesta-a-exigencia-regional/
La Razon,2026-09-27,01:10,Transporte y logística: El puerto de Mejillones acelera la salida boliviana al Pacífico,https://larazon.bo/economia-y-empresa/2026/09/27/transporte-y-logistica-el-puerto-de-mejillones-acelera-la-salida-boliviana-al-pacifico/
La Razon,2026-09-27,01:16,Chile y Bolivia analizan modernizar el acuerdo de 1992,https://larazon.bo/economia-y-empresa/2026/09/27/chile-y-bolivia-analizan-modernizar-el-acuerdo-de-1992/
La Razon,2026-09-27,01:22,Empresarios bolivianos plantean un comodato en Mejillones,https://larazon.bo/economia-y-empresa/2026/09/27/empresarios-bolivianos-plantean-un-comodato-en-mejillones/
El Deber,2026-09-27,05:00,El circo de la Asamblea de la ONU,https://eldeber.com.bo/opinion/circo-asamblea-onu_1790458251
El Deber,2026-09-27,05:00,El fin de la sangría fiscal,https://eldeber.com.bo/opinion/fin-sangria-fiscal_1790458512
El Deber,2026-09-27,05:00,"CAF y Bolivia, cuando la lealtad también construye desarrollo",https://eldeber.com.bo/opinion/caf-bolivia-cuando-lealtad-construye-desarrollo_1790458728
El Deber,2026-09-27,05:00,"El dieselazo, el dólar se divorcia y el BCB saca la aspiradora",https://eldeber.com.bo/opinion/dieselazo-dolar-divorcia-bcb-saca-aspiradora_1790458998
El Deber,2026-09-27,05:00,Invitar no es atraer,https://eldeber.com.bo/opinion/invitar-no-atraer_1790459248
El Deber,2026-09-27,05:00,Cara a cara,https://eldeber.com.bo/opinion/cara-cara_1790459415
El Deber,2026-09-27,05:00,Convertir la crisis en nuevo modelo de desarrollo,https://eldeber.com.bo/opinion/convertir-crisis-nuevo-modelo-desarrollo_1790459642
El Deber,2026-09-27,05:00,El Lugar de la Ausencia’ llega a Fenavid,https://eldeber.com.bo/sociales/lugar-ausencia-llega-fenavid_1790466991
El Deber,2026-09-27,05:00,La UE alerta a bolivianos por ofertas para ir a Rusia: “Puede terminar muy mal”,https://eldeber.com.bo/pais/ue-alerta-bolivianos-ofertas-ir-rusia-puede-terminar-mal_1790467786
El Deber,2026-09-27,05:00,El salón velatorio de Alto San Pedro quedó a medio construir y en el abandono,https://eldeber.com.bo/santa-cruz/salon-velatorio-alto-san-pedro-quedo-medio-construir-abandono_1790468797
El Deber,2026-09-27,05:00,"El diésel caro vuelve a abrirle espacio al GNV, una industria relegada en la era del MAS",https://eldeber.com.bo/economia/diesel-caro-vuelve-abrirle-espacio-gnv-industria-relegada-era_1790471509
El Deber,2026-09-27,05:00,Orlando Vaca: “Hay que reactivar nuestros campos petroleros”,https://eldeber.com.bo/economia/orlando-vaca-hay-reactivar-nuestros-campos-petroleros_1790472169
La Razon,2026-09-27,05:05,"Ante Paraguay, la Selección Boliviana abre otro ciclo",https://larazon.bo/marcas/2026/09/27/ante-paraguay-la-seleccion-boliviana-abre-otro-ciclo/
El Deber,2026-09-27,05:15,"Laguna Guapilo, lugar de encanto que necesita más cuidado",https://eldeber.com.bo/santa-cruz/laguna-guapilo-lugar-encanto-necesita-cuidado_1790469443
El Diario,2026-09-27,06:27,Atigrados ganan a Guabirá con una sufrida remontada,https://www.eldiario.net/portal/2026/09/27/atigrados-ganan-a-guabira-con-una-sufrida-remontada/
El Diario,2026-09-27,06:28,Buscan postular al laboratorio de Chacaltaya como patrimonio mundial,https://www.eldiario.net/portal/2026/09/27/buscan-postular-al-laboratorio-de-chacaltaya-como-patrimonio-mundial/
El Diario,2026-09-27,06:30,"Amanda Porter, nueva encargada de Negocios de Estados Unidos",https://www.eldiario.net/portal/2026/09/27/amanda-porter-nueva-encargada-de-negocios-de-estados-unidos/
El Diario,2026-09-27,06:31,Bolivia requiere un plan de shock e inversión privada,https://www.eldiario.net/portal/2026/09/27/bolivia-requiere-un-plan-de-shock-e-inversion-privada/
El Diario,2026-09-27,06:33,Morales amenaza al Gobierno otra vez con movilizaciones,https://www.eldiario.net/portal/2026/09/27/morales-amenaza-al-gobierno-otra-vez-con-movilizaciones/
El Diario,2026-09-27,06:41,Santa Cruz afrontará calor extremo y fuertes vientos,https://www.eldiario.net/portal/2026/09/27/santa-cruz-afrontara-calor-extremo-y-fuertes-vientos/
El Diario,2026-09-27,06:45,Rabia canina activa operativo epidemiológico en Red Norte,https://www.eldiario.net/portal/2026/09/27/rabia-canina-activa-operativo-epidemiologico-en-red-norte/
El Diario,2026-09-27,06:46,Padres piden clases virtuales ante repliegue del transporte,https://www.eldiario.net/portal/2026/09/27/padres-piden-clases-virtuales-ante-repliegue-del-transporte/
El Diario,2026-09-27,06:46,Garantizan agua potable en Cochabamba,https://www.eldiario.net/portal/2026/09/27/garantizan-agua-potable-en-cochabamba/
El Diario,2026-09-27,06:47,Santa Cruz concretará primera importación regional de diésel,https://www.eldiario.net/portal/2026/09/27/santa-cruz-concretara-primera-importacion-regional-de-diesel/
El Diario,2026-09-27,06:48,Refuerzan en Yacuiba capacidad de respuesta frente a incendios forestales,https://www.eldiario.net/portal/2026/09/27/refuerzan-en-yacuiba-capacidad-de-respuesta-frente-a-incendios-forestales/
El Diario,2026-09-27,06:49,Dan 48 horas al Gobierno para abrogar decreto 5716,https://www.eldiario.net/portal/2026/09/27/dan-48-horas-al-gobierno-para-abrogar-decreto-5716/
El Diario,2026-09-27,06:50,Fortalecen prevención contra violencia en tres departamentos,https://www.eldiario.net/portal/2026/09/27/fortalecen-prevencion-contra-violencia-en-tres-departamentos/
La Razon,2026-09-27,06:52,Indígenas dan un ultimátum a la minería y exigen retirar dragas,https://larazon.bo/sociedad/2026/09/27/indigenas-dan-un-ultimatum-a-la-mineria-y-exigen-retirar-dragas/
El Diario,2026-09-27,06:54,Triple accidente deja personas heridas y daños materiales,https://www.eldiario.net/portal/2026/09/27/triple-accidente-deja-personas-heridas-y-danos-materiales/
El Diario,2026-09-27,06:55,Un joven es arrestado durante una protesta en refinería de Palmasola,https://www.eldiario.net/portal/2026/09/27/un-joven-es-arrestado-durante-una-protesta-en-refineria-de-palmasola/
El Diario,2026-09-27,06:56,Policía busca al nieto de una mujer hallada sin vida,https://www.eldiario.net/portal/2026/09/27/policia-busca-al-nieto-de-una-mujer-hallada-sin-vida/
El Diario,2026-09-27,06:58,Identifican a cuatro testaferros de los hijos del expresidente Luis Arce,https://www.eldiario.net/portal/2026/09/27/identifican-a-cuatro-testaferros-de-los-hijos-del-expresidente-luis-arce/
Red Uno,2026-09-27,07:00,Ernesto Justiniano responde a Evo Morales tras advertencia de movilizaciones: “Nadie está por encima de la ley”,https://www.reduno.com.bo/noticias/ernesto-justiniano-responde-a-evo-morales-tras-advertencia-de-movilizaciones-nadie-esta-por-encima-de-la-ley-202692764354
El Diario,2026-09-27,07:01,Marcha de las Diversidades en La Paz,https://www.eldiario.net/portal/2026/09/27/marcha-de-las-diversidades-en-la-paz/
El Diario,2026-09-27,07:02,Persisten asentamientos en Kantutani Bajo; advierten que es zona de riesgo,https://www.eldiario.net/portal/2026/09/27/persisten-asentamientos-en-kantutani-bajo-advierten-que-es-zona-de-riesgo/
El Diario,2026-09-27,07:03,Exdiputado plantea censo del transporte,https://www.eldiario.net/portal/2026/09/27/exdiputado-plantea-censo-del-transporte/
El Diario,2026-09-27,07:06,Trabajan en nominación del laboratorio de Chacaltaya como patrimonio humano,https://www.eldiario.net/portal/2026/09/27/trabajan-en-nominacion-del-laboratorio-de-chacaltaya-como-patrimonio-humano/
La Razon,2026-09-27,07:06,Irán mantiene condiciones para reapertura de Ormuz,https://larazon.bo/mundo/2026/09/27/iran-mantiene-condiciones-para-reapertura-de-ormuz/
El Deber,2026-09-27,07:08,Por qué Japón tiene tan pocos cestos de basura y aun así mantiene sus calles limpias,https://eldeber.com.bo/bbc/por-que-japon-tiene-tan-pocos-cestos-de-basura-y-aun-asi-mantiene-sus-calles-limpias-202692774532
El Diario,2026-09-27,07:08,Zegarra plantea cuatro proyectos de ley para regular el sector minero,https://www.eldiario.net/portal/2026/09/27/zegarra-plantea-cuatro-proyectos-de-ley-para-regular-el-sector-minero/
El Diario,2026-09-27,07:09,Diputada escucha a sectores afectados por “Caso maderas”,https://www.eldiario.net/portal/2026/09/27/diputada-escucha-a-sectores-afectados-por-caso-maderas/
El Deber,2026-09-27,07:10,Por qué un nuevo pacto fronterizo entre Pakistán y China enfurece a India,https://eldeber.com.bo/bbc/por-que-un-nuevo-pacto-fronterizo-entre-pakistan-y-china-enfurece-a-india-202692711947
El Diario,2026-09-27,07:12,No se debe permitir que el Chapare continúe provocando al Gobierno,https://www.eldiario.net/portal/2026/09/27/no-se-debe-permitir-que-el-chapare-continue-provocando-al-gobierno/
La Razon,2026-09-27,07:13,Cientos de personas acampan en Madrid por crisis de vivienda,https://larazon.bo/mundo/2026/09/27/cientos-de-personas-acampan-en-madrid-por-crisis-de-vivienda/
El Deber,2026-09-27,07:14,El papa León XIV moviliza a fieles latinoamericanos en París,https://eldeber.com.bo/rfi/el-papa-leon-xiv-moviliza-a-fieles-latinoamericanos-en-paris-20269274756
El Deber,2026-09-27,07:17,Acampadas y protestas: el caso Maricarmen sacude España,https://eldeber.com.bo/rfi/acampadas-y-protestas-el-caso-maricarmen-sacude-espana-20269274515
El Diario,2026-09-27,07:17,Educación en declive y fachada democrática,https://www.eldiario.net/portal/2026/09/27/educacion-en-declive-y-fachada-democratica/
El Diario,2026-09-27,07:21,No hizo la tarea,https://www.eldiario.net/portal/2026/09/27/no-hizo-la-tarea/
El Diario,2026-09-27,07:21,Sobre raterío y pillerío,https://www.eldiario.net/portal/2026/09/27/sobre-raterio-y-pillerio/
La Razon,2026-09-27,07:21,León XIV pide ‘perseverar’ la lucha contra agresiones sexuales,https://larazon.bo/mundo/2026/09/27/leon-xiv-pide-perseverar-la-lucha-contra-agresiones-sexuales/
El Deber,2026-09-27,07:22,La gigantesca flota china que opera frente a las aguas de Chile,https://eldeber.com.bo/rfi/la-gigantesca-flota-china-que-opera-frente-a-las-aguas-de-chile-202692753442
El Diario,2026-09-27,07:22,Pérdida de identidad y sentido,https://www.eldiario.net/portal/2026/09/27/perdida-de-identidad-y-sentido/
El Diario,2026-09-27,07:25,Bono demográfico desafía a regiones a planificar su desarrollo económico,https://www.eldiario.net/portal/2026/09/27/bono-demografico-desafia-a-regiones-a-planificar-su-desarrollo-economico/
El Diario,2026-09-27,07:27,Condiciones socioeconómicas y educación,https://www.eldiario.net/portal/2026/09/27/condiciones-socioeconomicas-y-educacion/
El Diario,2026-09-27,07:28,Monroe frente a China: la nueva disputa por América Latina,https://www.eldiario.net/portal/2026/09/27/monroe-frente-a-china-la-nueva-disputa-por-america-latina/
El Diario,2026-09-27,07:29,Comodato para Bolivia en Mejillones,https://www.eldiario.net/portal/2026/09/27/comodato-para-bolivia-en-mejillones/
El Diario,2026-09-27,07:38,"De Raúl Castro al hincha, en su día…",https://www.eldiario.net/portal/2026/09/27/de-raul-castro-al-hincha-en-su-dia/
El Diario,2026-09-27,07:41,Gustavo Alfaro renueva con Paraguay,https://www.eldiario.net/portal/2026/09/27/gustavo-alfaro-renueva-con-paraguay/
El Diario,2026-09-27,07:42,Bolívar recibe a Blooming por la Copa Bolivia,https://www.eldiario.net/portal/2026/09/27/bolivar-recibe-a-blooming-por-la-copa-bolivia/
El Diario,2026-09-27,07:42,La Verde rinde su primer examen en washington,https://www.eldiario.net/portal/2026/09/27/la-verde-rinde-su-primer-examen-en-washington/
El Diario,2026-09-27,07:43,Brasil conquista Santa Fe y es el rey del medallero,https://www.eldiario.net/portal/2026/09/27/brasil-conquista-santa-fe-y-es-el-rey-del-medallero/
El Diario,2026-09-27,07:45,BOLIVIA CIERRA CON BROCHE DE ORO,https://www.eldiario.net/portal/2026/09/27/bolivia-cierra-con-broche-de-oro/
Los Tiempos,2026-09-27,07:50,Evistas se movilizarán si el Gobierno no repone subvención al diésel en siete días,https://www.lostiempos.com/actualidad/pais/20260927/evistas-se-movilizaran-si-gobierno-no-repone-subvencion-al-diesel-siete
El Diario,2026-09-27,07:54,Celebración del 77º aniversario de la República Popular China,https://www.eldiario.net/portal/2026/09/27/celebracion-del-77o-aniversario-de-la-republica-popular-china/
El Diario,2026-09-27,07:55,LA ESQUIZOFRENIA,https://www.eldiario.net/portal/2026/09/27/la-esquizofrenia/
El Diario,2026-09-27,07:55,GASTRONOMÍA BOLIVIANA: PLATO PACEÑO,https://www.eldiario.net/portal/2026/09/27/gastronomia-boliviana-plato-paceno/
El Diario,2026-09-27,07:56,FUNCIONES DEL HÍGADO,https://www.eldiario.net/portal/2026/09/27/funciones-del-higado/
El Diario,2026-09-27,07:57,DEFICIENCIAS RADIALES,https://www.eldiario.net/portal/2026/09/27/deficiencias-radiales/
El Diario,2026-09-27,07:58,¿QUÉ ES EL SÍNDROME DE COTARD?,https://www.eldiario.net/portal/2026/09/27/que-es-el-sindrome-de-cotard/
El Diario,2026-09-27,07:59,¿PORQUE SE DEBERÍA CONSIDERAR EL USO DE SELLADORES DENTALES?,https://www.eldiario.net/portal/2026/09/27/porque-se-deberia-considerar-el-uso-de-selladores-dentales-6/
Los Tiempos,2026-09-27,07:59,La construcción se contrae casi en un 30% por falta de inversión,https://www.lostiempos.com/actualidad/economia/20260927/construccion-se-contrae-casi-30-falta-inversion
El Deber,2026-09-27,08:00,COMUNICADO DIGITAL | BONOS BFC - EMISIÓN 4,https://eldeber.com.bo/comunicados/comunicado-digital-bonos-bfc-emision-4_1790475781
El Deber,2026-09-27,08:00,COMUNICADO DIGITAL | AVISO REMATE,https://eldeber.com.bo/comunicados/comunicado-digital-aviso-remate_1790475914
El Deber,2026-09-27,08:00,BNB reúne a la nueva generación empresarial en un encuentro de primer nivel,https://eldeber.com.bo/te-puede-interesar/bnb-reune-nueva-generacion-empresarial-encuentro-primer-nivel_1790452200
Red Uno,2026-09-27,08:00,¿Cómo estará el tiempo en su ciudad? Estas son las temperaturas para este domingo,https://www.reduno.com.bo/noticias/como-estara-el-tiempo-en-su-ciudad-estas-son-las-temperaturas-para-este-domingo-202692774818
Vision 360,2026-09-27,08:00,Con tres partidos finaliza este domingo la quinta fecha del torneo por series 2026,https://www.vision360.bo/noticias/2026/09/27/69694-con-tres-partidos-finaliza-este-domingo-la-quinta-fecha-del-torneo-por-series-2026
El Deber,2026-09-27,08:02,Iglesia católica inicia la semana de hermandad con las diócesis de diócesis Tréveris y Hildesheim,https://eldeber.com.bo/santa-cruz/iglesia-catolica-inicia-semana-hermandad-diocesis-diocesis-treveris-hildesheim_1790510553
El Diario,2026-09-27,08:03,Tom Cruise brilla en la premiere de ‘Digger’ junto a Kate Middleton y el príncipe Guillermo,https://www.eldiario.net/portal/2026/09/27/tom-cruise-brilla-en-la-premiere-de-digger-junto-a-kate-middleton-y-el-principe-guillermo/
El Diario,2026-09-27,08:04,Sobre la producción de El Corazón de la Bestia,https://www.eldiario.net/portal/2026/09/27/sobre-la-produccion-de-el-corazon-de-la-bestia/
El Diario,2026-09-27,08:05,La creación de la Madre Siniestra,https://www.eldiario.net/portal/2026/09/27/la-creacion-de-la-madre-siniestra/
El Diario,2026-09-27,08:05,Encontrar Alaska para el rodaje de El Corazón de la Bestia,https://www.eldiario.net/portal/2026/09/27/encontrar-alaska-para-el-rodaje-de-el-corazon-de-la-bestia/
El Deber,2026-09-27,08:07,"La Casa de los Secretos, la lujosa mansión donde Reino Unido espiaba a los generales nazis y que cambió el curso de la II Guerra Mundial",https://eldeber.com.bo/bbc/la-casa-de-los-secretos-la-lujosa-mansion-donde-reino-unido-espiaba-a-los-generales-nazis-y-que-cambio-el-curso-de-la-ii-guerra-mundial-202692783241
El Diario,2026-09-27,08:07,EL ÚLTIMO GRAN GOLPE,https://www.eldiario.net/portal/2026/09/27/el-ultimo-gran-golpe/
El Diario,2026-09-27,08:09,EL CORAZÓN DE LA BESTIA,https://www.eldiario.net/portal/2026/09/27/el-corazon-de-la-bestia/
Red Uno,2026-09-27,08:09,Mujer muere tras ser embestida la motocicleta en la que viajaba junto a su hijo en San Julián,https://www.reduno.com.bo/noticias/mujer-muere-tras-ser-embestida-la-motocicleta-en-la-que-viajaba-junto-a-su-hijo-en-san-julian-20269278228
El Diario,2026-09-27,08:10,AVENGERS: ENDGAME BONUS,https://www.eldiario.net/portal/2026/09/27/avengers-endgame-bonus/
El Diario,2026-09-27,08:11,Antologías de Cine Mundo del humor,https://www.eldiario.net/portal/2026/09/27/antologias-de-cine-mundo-del-humor-26/
El Diario,2026-09-27,08:12,"“Verity: la sombra de un engaño”, la historia, producción y fecha de estreno",https://www.eldiario.net/portal/2026/09/27/verity-la-sombra-de-un-engano-la-historia-produccion-y-fecha-de-estreno/
El Diario,2026-09-27,08:13,“ONE PIECE Aventura en la Isla Espiral” presenta su póster y trailer,https://www.eldiario.net/portal/2026/09/27/one-piece-aventura-en-la-isla-espiral-presenta-su-poster-y-trailer/
Los Tiempos,2026-09-27,08:13,Llegan 900 mil vacunas contra la rabia para la campaña masiva,https://www.lostiempos.com/actualidad/cochabamba/20260927/llegan-900-mil-vacunas-contra-rabia-campana-masiva
El Diario,2026-09-27,08:15,"“Digger”, protagonizado por Tom Cruise y dirigida por Alejandro Gonzáles Iñárritu",https://www.eldiario.net/portal/2026/09/27/digger-protagonizado-por-tom-cruise-y-dirigida-por-alejandro-gonzales-inarritu/
Red Uno,2026-09-27,08:20,¿Viajará por carretera este domingo? ABC reporta desvíos y restricciones en varias rutas del país,https://www.reduno.com.bo/noticias/viajara-por-carretera-este-domingo-abc-reporta-desvios-y-restricciones-en-varias-rutas-del-pais-202692782019
Red Uno,2026-09-27,08:26,"Requisa en el penal San Roque: secuestran armas blancas, celulares y hasta una pipa artesanal",https://www.reduno.com.bo/noticias/requisa-en-el-penal-san-roque-secuestran-armas-blancas-celulares-y-hasta-una-pipa-artesanal-202692781857
El Diario,2026-09-27,08:27,EL LUSTRA,https://www.eldiario.net/portal/2026/09/27/el-lustra-229/
El Deber,2026-09-27,08:28,"Ernesto Justiniano: ""Nadie está por encima de la ley""",https://eldeber.com.bo/pais/ernesto-justiniano-nadie-esta-encima-ley_1790512138
Unitel,2026-09-27,08:28,"Santa Cruz tendrá un domingo caluroso, ¿hasta cuánto subirá la temperatura?",https://unitel.bo/noticias/sociedad/santa-cruz-tendra-un-domingo-caluroso-hasta-cuanto-subira-la-temperatura-PD23751097
El Deber,2026-09-27,08:30,Paulo Macedo: “El futuro de la carne boliviana está en crecer y exportar”,https://eldeber.com.bo/te-puede-interesar/paulo-macedo-futuro-carne-boliviana-esta-crecer-exportar_1790453153
Vision 360,2026-09-27,08:30,Bolivia enfrenta a Paraguay con la mira puesta en las eliminatorias de la Copa del Mundo de 2030,https://www.vision360.bo/noticias/2026/09/27/69700-bolivia-enfrenta-a-paraguay-con-la-mira-puesta-en-las-eliminatorias-de-la-copa-del-mundo-de-2030
El Diario,2026-09-27,08:31,China y EEUU acuerdan crear canal de seguridad para la IA,https://www.eldiario.net/portal/2026/09/27/china-y-eeuu-acuerdan-crear-canal-de-seguridad-para-la-ia/
El Diario,2026-09-27,08:31,Trump rechaza el plan de Irán para reabrir Ormuz,https://www.eldiario.net/portal/2026/09/27/trump-rechaza-el-plan-de-iran-para-reabrir-ormuz/
El Diario,2026-09-27,08:32,Racionamientos eléctricos se triplican desde decreto de Chávez hace 16 años,https://www.eldiario.net/portal/2026/09/27/racionamientos-electricos-se-triplican-desde-decreto-de-chavez-hace-16-anos/
El Diario,2026-09-27,08:33,Gobierno retira censura a más medios tras avance de diálogo,https://www.eldiario.net/portal/2026/09/27/gobierno-retira-censura-a-mas-medios-tras-avance-de-dialogo/
El Diario,2026-09-27,08:34,Encuentran cuerpo de otra mujer mientras investigan los asesinatos,https://www.eldiario.net/portal/2026/09/27/encuentran-cuerpo-de-otra-mujer-mientras-investigan-los-asesinatos/
El Diario,2026-09-27,08:34,Fallecen seis personas tras una explosión en edificio de Atenas,https://www.eldiario.net/portal/2026/09/27/fallecen-seis-personas-tras-una-explosion-en-edificio-de-atenas/
El Diario,2026-09-27,08:35,El Papa celebra misa al aire libre ante 800.000 personas,https://www.eldiario.net/portal/2026/09/27/el-papa-celebra-misa-al-aire-libre-ante-800-000-personas/
Unitel,2026-09-27,08:35,Expocruz 2026 cierra este domingo con shows y reconocimientos,https://unitel.bo/noticias/economia/expocruz-2026-cierra-este-domingo-con-shows-y-reconocimientos-BD23751231
El Deber,2026-09-27,08:45,Conserso gana su cuarta Palmera Dorada y destaca en creatividad,https://eldeber.com.bo/te-puede-interesar/conserso-gana-cuarta-palmera-dorada-destaca-creatividad_1790454369
Red Uno,2026-09-27,08:46,“Me desperté y estaba allí”: Sandra Bullock revela la experiencia paranormal que vivió con un misterioso “hombre verde”,https://www.reduno.com.bo/noticias/me-desperte-y-estaba-alli-sandra-bullock-revela-la-experiencia-paranormal-que-vivio-con-un-misterioso-hombre-verde-202692755827
El Deber,2026-09-27,09:00,Verouskha Orosco: “Ser embajadora de nuestra cultura significa conocerla y respetarla”,https://eldeber.com.bo/sociales/verouskha-orosco-ser-embajadora-nuestra-cultura-significa-conocerla-respetarla_1790465007
El Deber,2026-09-27,09:00,David Paz y su legado monumental,https://eldeber.com.bo/santa-cruz/david-paz-legado-monumental_1790466450
El Deber,2026-09-27,09:00,Sorprenden a dos pasajeras de un bus con más de 8 kilos de droga,https://eldeber.com.bo/santa-cruz/sorprenden-dos-pasajeras-bus-8-kilos-droga_1790513928
Vision 360,2026-09-27,09:06,"Los atigrados están de fiesta, este domingo se celebra el Día del Hincha Stronguista",https://www.vision360.bo/noticias/2026/09/27/69706-los-atigrados-estan-de-fiesta-este-domingo-se-celebra-el-dia-del-hincha-stronguista
Red Uno,2026-09-27,09:07,"Entre fotos, juegos y premios, así disfrutaron los visitantes del stand de Red Uno",https://www.reduno.com.bo/noticias/entre-fotos-juegos-y-premios-asi-disfrutaron-los-visitantes-del-stand-de-red-uno-202692783237
Red Uno,2026-09-27,09:10,¡Son gigantes! Visitantes quedan maravillados con los grandes ejemplares de Expocruz 2026,https://www.reduno.com.bo/noticias/son-gigantes-visitantes-quedan-maravillados-con-los-grandes-ejemplares-de-expocruz-2026-20269278500
Unitel,2026-09-27,09:13,Transporte ratifica paro este lunes y en Santa Cruz las clases serán virtuales,https://unitel.bo/noticias/sociedad/transporte-ratifica-paro-este-lunes-y-en-santa-cruz-las-clases-seran-virtuales-PD23751592
El Deber,2026-09-27,09:14,UNIVIDA S.A. apuesta por la prevención y presenta su estand en Expocruz 2026 con un cóctel oficial,https://eldeber.com.bo/te-puede-interesar/univida-apuesta-prevencion-presenta-stand-expocruz-2026-coctel-oficial_1790478199
Vision 360,2026-09-27,09:18,"Trump cree que habrá un acuerdo con Cuba y no será ""necesaria"" una intervención militar",https://www.vision360.bo/noticias/2026/09/27/69712-trump-cree-que-habra-un-acuerdo-con-cuba-y-no-sera-necesaria-una-intervencion-militar
Vision 360,2026-09-27,09:27,"El Día del Hincha, el festejo del ADN Stronguista",https://www.vision360.bo/noticias/2026/09/27/69715-el-dia-del-hincha-el-festejo-del-adn-stronguista
El Deber,2026-09-27,09:29,"Qué es el altruismo eficaz, su nexo con la IA y por qué choca con Donald Trump",https://eldeber.com.bo/mundo/altruismo-eficaz-nexo-ia-choca-donald-trump_1790515783
El Deber,2026-09-27,09:34,Los suizos deciden en referéndum no ampliar la tradicional neutralidad del país,https://eldeber.com.bo/mundo/suizos-deciden-referendum-no-ampliar-tradicional-neutralidad-pais_1790516042
El Deber,2026-09-27,09:36,Rodaria recibe la Palmera Dorada en la categoría Arquitectura Contemporánea en Expocruz 2026,https://eldeber.com.bo/te-puede-interesar/rodaria-recibe-palmera-dorada-categoria-arquitectura-contemporanea-expocruz-2026_1790516218
ANF,2026-09-27,09:38,Irán anuncia la captura de un segundo submarino no tripulado del Ejército de EEUU en el estrecho de Ormuz,https://www.noticiasfides.com/mundo/iran-anuncia-la-captura-de-un-segundo-submarino-no-tripulado-del-ejercito-de-eeuu-en-el-estrecho-de-ormuz
El Deber,2026-09-27,09:40,Un desfile de la Orden de Orange en zona católica reaviva la tensión en Irlanda del Norte,https://eldeber.com.bo/mundo/desfile-orden-orange-zona-catolica-reaviva-tension-irlanda-norte_1790516408
La Razon,2026-09-27,09:42,Justiniano responde a ultimátum de Evo: ‘Nadie está por encima de la ley’,https://larazon.bo/nacional/2026/09/27/justiniano-responde-a-ultimatum-de-evo-nadie-esta-por-encima-de-la-ley/
Red Uno,2026-09-27,09:46,Iglesia llama a dejar la división y recuperar la unidad en Santa Cruz,https://www.reduno.com.bo/noticias/iglesia-llama-a-dejar-la-division-y-recuperar-la-unidad-en-santa-cruz-202692793547
Unitel,2026-09-27,09:47,Evo Morales califica de “chacota” el discurso de Rodrigo Paz ante la ONU,https://unitel.bo/noticias/politica/evo-morales-califica-de-chacota-el-discurso-de-rodrigo-paz-ante-la-onu-HD23751798
Vision 360,2026-09-27,09:56,¡¡¡Hincha atigrado!!!,https://www.vision360.bo/noticias/2026/09/27/69718-hincha-atigrado
El Deber,2026-09-27,10:00,BYD destaca por la tecnología en su stand,https://eldeber.com.bo/te-puede-interesar/byd-destaca-tecnologia-stand_1790516694
Vision 360,2026-09-27,10:02,"Ministro Justiniano a Evo Morales: “Nadie, por haber sido presidente, está por encima de la ley”",https://www.vision360.bo/noticias/2026/09/27/69721-ministro-justiniano-a-evo-morales-nadie-por-haber-sido-presidente-esta-por-encima-de-la-ley
El Deber,2026-09-27,10:10,Innovación y tradición se encuentran en Expocruz,https://eldeber.com.bo/te-puede-interesar/innovacion-financiera-tradicion-crucena-stand-banco-union_1790518211
El Deber,2026-09-27,10:15,VIAGGIO brilla con su exposición de stand exterior,https://eldeber.com.bo/te-puede-interesar/viaggio-brilla-exposicion-stand-exterior_1790517043
Vision 360,2026-09-27,10:15,"Colectivos LGTBI marchan en Bolivia por la ""revolución"" de sus derechos",https://www.vision360.bo/noticias/2026/09/27/69703-colectivos-lgtbi-marchan-en-bolivia-por-la-revolucion-de-sus-derechos
Vision 360,2026-09-27,10:16,México encara 12 años sin resolver la desaparición de los 43 estudiantes de Ayotzinapa,https://www.vision360.bo/noticias/2026/09/27/69709-mexico-encara-12-anos-sin-resolver-la-desaparicion-de-los-43-estudiantes-de-ayotzinapa
Diez,2026-09-27,10:17,Bolivia inicia un nuevo ciclo ante Paraguay con la mira puesta en 2030,https://diez.bo/futbol/bolivia-inicia-un-nuevo-ciclo-ante-paraguay-con-la-mira-puesta-en-2030_1790518671
Unitel,2026-09-27,10:20,Iglesia Católica llama a la unidad y al perdón frente a los anuncios de movilizaciones,https://unitel.bo/noticias/sociedad/iglesia-catolica-llama-a-la-unidad-y-al-perdon-frente-a-los-anuncios-de-movilizaciones-HD23752162
El Deber,2026-09-27,10:22,"La policía antiterrorista británica investiga un ""incidente grave"" cerca de una base aérea que utiliza el ejército de Estados Unidos",https://eldeber.com.bo/bbc/la-policia-antiterrorista-britanica-investiga-un-incidente-grave-cerca-de-una-base-aerea-que-utiliza-el-ejercito-de-estados-unidos-2026927103737
El Deber,2026-09-27,10:25,BFC presenta hotelería bovina en Fegasacruz,https://eldeber.com.bo/te-puede-interesar/bfc-presenta-hoteleria-bovina-fegasacruz_1790517711
La Razon,2026-09-27,10:26,Policía refuerza patrullaje preventivo en Parotani ante anuncio de movilizaciones,https://larazon.bo/nacional/2026/09/27/policia-refuerza-patrullaje-preventivo-en-parotani-ante-anuncio-de-movilizaciones/
Red Uno,2026-09-27,10:27,Policía de La Paz despliega 900 efectivos en carreteras y puntos estratégicos ante posibles bloqueos,https://www.reduno.com.bo/noticias/policia-de-la-paz-despliega-900-efectivos-en-carreteras-y-puntos-estrategicos-ante-posibles-bloqueos-20269279428
El Deber,2026-09-27,10:28,¿Narcoviaje? Detienen a 28 bolivianos que viajaban en bus a San Pablo por traficar más de 2.500 cápsulas de droga,https://eldeber.com.bo/pais/narcoviaje-detienen-28-bolivianos-viajaban-bus-san-pablo-traficar-2-500-capsulas-droga_1790518923
Diez,2026-09-27,10:30,Blooming pone en marcha la era Paulucci ante Bolívar,https://diez.bo/futbol/blooming-pone-en-marcha-la-era-paulucci-ante-bolivar_1790519429
Vision 360,2026-09-27,10:30,Bolivia mejora su desempeño en los Juegos Suramericanos gracias al ráquetbol,https://www.vision360.bo/noticias/2026/09/27/69724-bolivia-mejora-su-desempeno-en-los-juegos-suramericanos-gracias-al-raquetbol
Unitel,2026-09-27,10:39,"Gobierno: Revisión de empresas públicas no es decisión política, sino para “precautelar recursos de los bolivianos”",https://unitel.bo/noticias/economia/gobierno-revision-de-empresas-publicas-no-es-decision-politica-sino-para-precautelar-recursos-de-los-bolivianos-LD23752382
Diez,2026-09-27,10:44,Quinta fecha baja el telón con partidos clave por la clasificación,https://diez.bo/futbol/la-quinta-fecha-baja-el-telon-con-partidos-clave-por-la-clasificacion_1790520274
Unitel,2026-09-27,10:53,Felcn aprehende a 12 personas e incauta 625 cápsulas de droga en Roboré,https://unitel.bo/noticias/seguridad/felcn-aprehende-a-12-personas-e-incauta-625-capsulas-de-droga-en-robore-OD23752480
Unitel,2026-09-27,10:55,Lula y Bolsonaro buscan el voto útil a una semana de las polarizadas elecciones de Brasil,https://unitel.bo/noticias/mundo/lula-y-bolsonaro-buscan-el-voto-util-a-una-semana-de-las-polarizadas-elecciones-de-brasil-AD23752211
El Deber,2026-09-27,10:57,Transporte cooperativizado de Santa Cruz insiste en mantener el paro a pesar del diálogo con el municipio,https://eldeber.com.bo/santa-cruz/transporte-cooperativizado-santa-cruz-insiste-mantener-paro-pesar-dialogo-municipio_1790521031
La Razon,2026-09-27,10:57,Asentamientos en Kantutani y Bajo Sopocachi llegan casi 300 personas,https://larazon.bo/ciudades/2026/09/27/asentamientos-en-kantutani-y-bajo-sopocachi-llegan-casi-300-personas/
El Deber,2026-09-27,11:01,"Por qué 130 años después sigue la obsesión con el asesinato de los padres de Lizzie Borden, uno de los mayores misterios sin resolver en EE.UU.",https://eldeber.com.bo/bbc/por-que-130-anos-despues-sigue-la-obsesion-con-el-asesinato-de-los-padres-de-lizzie-borden-uno-de-los-mayores-misterios-sin-resolver-en-ee-uu--2026927114032
Red Uno,2026-09-27,11:03,Warnes ratifica repliegue total del transporte para este lunes 28,https://www.reduno.com.bo/noticias/warnes-ratifica-repliegue-total-del-transporte-para-este-lunes-28-2026927104129
ANF,2026-09-27,11:08,Gobierno responde a Evo sobre su ultimátum y le recuerda que tiene órdenes de aprehensión,https://www.noticiasfides.com/nacional/politica/gobierno-responde-a-evo-sobre-su-ultimatum-y-le-recuerda-que-tiene-ordenes-de-aprehension
La Razon,2026-09-27,11:08,Marcelo Arce tenía 19 inmuebles y se investiga a presuntos testaferros,https://larazon.bo/nacional/2026/09/27/marcelo-arce-tenia-19-inmuebles-y-se-investiga-a-presuntos-testaferros/
Red Uno,2026-09-27,11:10,Playa Turquesa abre hoy en Cochabamba y se darán entradas por un año a sus 10 primeros visitantes,https://www.reduno.com.bo/noticias/playa-turquesa-abre-hoy-en-cochabamba-y-se-daran-entradas-por-un-ano-a-sus-10-primeros-visitantes-202692710488
Red Uno,2026-09-27,11:20,INE busca personal en Santa Cruz: conoce los requisitos para trabajar en el Censo Agropecuario,https://www.reduno.com.bo/noticias/ine-busca-personal-en-santa-cruz-conoce-los-requisitos-para-trabajar-en-el-censo-agropecuario-2026927104527
Unitel,2026-09-27,11:21,"Tras amenazas de Evo, asambleístas piden hacer cumplir orden de aprehensión contra el exmandatario",https://unitel.bo/noticias/politica/tras-amenazas-de-evo-asambleistas-piden-hacer-cumplir-orden-de-aprehension-contra-el-exmandatario-MD23752925
La Razon,2026-09-27,11:22,"Construcción registra caída del 27,3% en su PIB durante el primer semestre",https://larazon.bo/economia-y-empresa/2026/09/27/construccion-registra-caida-del-273-en-su-pib-durante-el-primer-semestre/
ERBOL,2026-09-27,11:25,Justiniano responde a las amenazas de Evo y le pide que se presente ante la justicia,https://erbol.com.bo/nacional/justiniano-responde-las-amenazas-de-evo-y-le-pide-que-se-presente-ante-la-justicia
Red Uno,2026-09-27,11:27,Transportistas cooperativizados de Santa Cruz paralizarán sus actividades este lunes,https://www.reduno.com.bo/noticias/transportistas-cooperativizados-de-santa-cruz-paralizaran-sus-actividades-este-lunes-2026927111514
Unitel,2026-09-27,11:27,Tres aprehendidos con cocaína y marihuana tras operativos en la carretera Bioceánica,https://unitel.bo/noticias/seguridad/tres-aprehendidos-con-cocaina-y-marihuana-tras-operativos-en-la-carretera-bioceanica-DD23753077
El Deber,2026-09-27,11:37,Avicultores se declaran en emergencia y advierten riesgo para la provisión de pollo,https://eldeber.com.bo/economia/avicultores-declaran-emergencia-advierten-riesgo-provision-pollo_1790523071
Opinion,2026-09-27,11:46,"Gobierno responde a Evo Morales: ""Nadie está por encima de la ley""",https://www.opinion.com.bo/pais/gobierno-responde-evo-morales-nadie-encima-ley/20260927114604996747.html
Vision 360,2026-09-27,11:46,"Choferes de Sucre, Potosí, Tarija, Oruro y Santa Cruz acatarán paro dispuesto para este lunes contra el D.S. 5716",https://www.vision360.bo/noticias/2026/09/27/69730-choferes-de-sucre-potosi-tarija-oruro-y-santa-cruz-acataran-paro-dispuesto-para-este-lunes-contra-el-ds-5716
Diez,2026-09-27,11:47,"Florentín, crítico tras la caída de Oriente: “Fue decepcionante”",https://diez.bo/futbol/florentin-critico-tras-la-caida-de-oriente-fue-decepcionante_1790524026
Opinion,2026-09-27,11:51,Más de 100 brigadas médicas realizan rastrillaje contra el sarampión en dos distritos de El Alto,https://www.opinion.com.bo/pais/mas-100-brigadas-medicas-realizan-rastrillaje-sarampion-dos-distritos-alto/20260927115102996749.html
ERBOL,2026-09-27,11:54,Bolivia enfrenta a Paraguay este domingo,https://erbol.com.bo/deporte/bolivia-enfrenta-paraguay-este-domingo
Opinion,2026-09-27,11:54,Roboré: caen 12 personas con más 600 cápsulas de droga dentro de sus cuerpos,https://www.opinion.com.bo/policial/robore-caen-12-personas-mas-600-capsulas-droga-dentro-cuerpos/20260927115417996751.html
ERBOL,2026-09-27,11:56,Bolívar recibe a Blooming este domingo,https://erbol.com.bo/deporte/bol%C3%ADvar-recibe-blooming-este-domingo
ERBOL,2026-09-27,11:57,El Tigre le gana a Guabirá y esta cerca de los cuartos,https://erbol.com.bo/deporte/el-tigre-le-gana-guabir%C3%A1-y-esta-cerca-de-los-cuartos
El Deber,2026-09-27,11:59,"Justicia dispone medidas para que testigos, víctimas y acusados del ataque a Las Londras asistan a las audiencias",https://eldeber.com.bo/santa-cruz/justicia-dispone-medidas-testigos-victimas-acusados-ataque-londras-asistan-audiencias_1790524774
La Razon,2026-09-27,11:59,Desfile de campeones cierra muestra pecuaria en Expocruz,https://larazon.bo/economia-y-empresa/2026/09/27/desfile-de-campeones-cierra-muestra-pecuaria-en-expocruz/
Vision 360,2026-09-27,12:00,"España da brillo a la segunda estrella y Lamine Yamal, al Balón de Oro",https://www.vision360.bo/noticias/2026/09/27/69727-espana-da-brillo-a-la-segunda-estrella-y-lamine-yamal-al-balon-de-oro
La Razon,2026-09-27,12:01,UE alerta a bolivianos sobre ofertas laborales para ir a Rusia,https://larazon.bo/nacional/2026/09/27/ue-alerta-a-bolivianos-sobre-ofertas-laborales-para-ir-a-rusia/
La Razon,2026-09-27,12:11,Llama de 229 kilos es el rey de la XVI Feria de Camélidos,https://larazon.bo/economia-y-empresa/2026/09/27/llama-de-229-kilos-es-el-rey-de-la-xvi-feria-de-camelidos/
El Deber,2026-09-27,12:20,San Javier se conecta con el mundo con una experiencia de turismo inmersivo,https://eldeber.com.bo/santa-cruz/san-javier-conecta-mundo-experiencia-turismo-inmersivo_1790526052
Vision 360,2026-09-27,12:24,"Evo califica de ""chacota” y “de vergüenza” la participación y el discurso de Paz en la ONU",https://www.vision360.bo/noticias/2026/09/27/69733-evo-califica-de-chacota-y-de-vergenza-la-participacion-y-el-discurso-de-paz-en-la-onu
La Razon,2026-09-27,12:27,Bolivia propone protocolo para proteger a jueces del crimen organizado,https://larazon.bo/nacional/2026/09/27/bolivia-propone-protocolo-para-proteger-a-jueces-del-crimen-organizado/
ANF,2026-09-27,12:30,"Ante amenazas de conflictividad, Monseñor Arana llama al diálogo y actuar en consecuencia con lo que se pregona",https://www.noticiasfides.com/iglesia/ante-amenazas-de-conflictividad-monsenor-arana-llama-al-dialogo-y-actuar-en-consecuencia-con-lo-que-se-pregona
Red Uno,2026-09-27,12:33,Impulsan proyecto de ley para proteger a Tilcayo,https://www.reduno.com.bo/noticias/impulsan-proyecto-de-ley-para-proteger-a-tilcayo-202692711045
La Razon,2026-09-27,12:37,Choferes de La Paz no acatarán el paro y reconocen debilitamiento de la convocatoria,https://larazon.bo/economia-y-empresa/2026/09/27/choferes-de-la-paz-no-acataran-el-paro-y-reconocen-debilitamiento-de-la-convocatoria/
La Razon,2026-09-27,12:39,China envía dos pandas gigantes a Estados Unidos,https://larazon.bo/mundo/2026/09/27/china-envia-dos-pandas-gigantes-a-estados-unidos/
Red Uno,2026-09-27,12:39,¿Planea visitar Playa Turquesa? Conozca qué puede llevar y qué está prohibido antes de ingresar,https://www.reduno.com.bo/noticias/planea-visitar-playa-turquesa-conozca-que-puede-llevar-y-que-esta-prohibido-antes-de-ingresar-202692712830
La Razon,2026-09-27,12:41,Pumari cuestiona estado de excepción y protestas anunciadas por Evo,https://larazon.bo/nacional/2026/09/27/pumari-cuestiona-estado-de-excepcion-y-protestas-anunciadas-por-evo/
Unitel,2026-09-27,12:42,Policía advierte que no se permitirán movilizaciones en La Paz: “Tenemos 900 efectivos desplegados”,https://unitel.bo/noticias/seguridad/policia-advierte-que-no-se-permitiran-movilizaciones-en-la-paz-tenemos-900-efectivos-desplegados-KD23753944
La Razon,2026-09-27,12:46,Santa Cruz: Transporte urbano ratifica paro pese al desmarque de seis sectores,https://larazon.bo/sociedad/2026/09/27/santa-cruz-transporte-urbano-ratifica-paro-pese-al-desmarque-de-seis-sectores/
Red Uno,2026-09-27,12:47,¿Cómo está el dólar en el mercado paralelo? Estos son los valores actualizados,https://www.reduno.com.bo/noticias/como-esta-el-dolar-en-el-mercado-paralelo-estos-son-los-valores-actualizados-2026927123446
El Deber,2026-09-27,12:51,"En Roboré, 12 personas son aprehendidas tras ser halladas con 3 tipos de droga",https://eldeber.com.bo/santa-cruz/robore-12-personas-aprehendidas-ser-halladas-3-tipos-droga_1790527415
El Deber,2026-09-27,13:04,La secretaria de Desarrollo Económico expuso sus propuestas en el estand de la Gobernación en Expocruz,https://eldeber.com.bo/santa-cruz/secretaria-desarrollo-economico-expuso-propuestas-estand-gobernacion-expocruz_1790527579
ERBOL,2026-09-27,13:09,Evo prevé que Paz se irá como Goni; Ruiz dice que Morales libra su última batalla antes de ser detenido,https://erbol.com.bo/nacional/evo-prev%C3%A9-que-paz-se-ir%C3%A1-como-goni-ruiz-dice-que-morales-libra-su-%C3%BAltima-batalla-antes-de
La Razon,2026-09-27,13:09,Cancillería destaca el potencial del país en el Día Mundial del Turismo,https://larazon.bo/lr-article/2026/09/27/cancilleria-destaca-el-potencial-del-pais-en-el-dia-mundial-del-turismo/
Vision 360,2026-09-27,13:11,Bolivia finaliza entre los 75 mejores de la Olimpiada Mundial y Velarde logra el título de WFM,https://www.vision360.bo/noticias/2026/09/27/69739-bolivia-finaliza-entre-los-75-mejores-de-la-olimpiada-mundial-y-velarde-logra-el-titulo-de-wfm
La Razon,2026-09-27,13:14,Washington Post cuestiona trayectoria del asesor de Rodrigo Paz,https://larazon.bo/nacional/2026/09/27/washington-post-cuestiona-trayectoria-del-asesor-de-rodrigo-paz/
Unitel,2026-09-27,13:18,¡Intenso calor en Santa Cruz!: Toma en cuenta estas recomendaciones para evitar daños a tu salud,https://unitel.bo/noticias/sociedad/intenso-calor-en-santa-cruz-toma-en-cuenta-estas-recomendaciones-para-evitar-danos-a-tu-salud-LD23754285
Red Uno,2026-09-27,13:28,Los Yungas: transporte interprovincial se replegará este lunes y cerrará sus oficinas,https://www.reduno.com.bo/noticias/los-yungas-transporte-interprovincial-se-replegara-este-lunes-y-cerrara-sus-oficinas-2026927125336
Unitel,2026-09-27,13:28,"Paro de transporte parcial: Santa Cruz acatará la medida; La Paz, El Alto y Cochabamba se desmarcan",https://unitel.bo/noticias/economia/paro-de-transporte-parcial-santa-cruz-acatara-la-medida-la-paz-el-alto-y-cochabamba-se-desmarcan-FD23754450
El Deber,2026-09-27,13:32,Repliegue de choferes llega dividido en todo el país: Santa Cruz paraliza y La Paz trabajará con normalidad,https://eldeber.com.bo/pais/repliegue-choferes-llega-dividido-todo-pais-santa-cruz-paraliza-paz-trabajara-normalidad_1790529883
Opinion,2026-09-27,13:33,Cochabamba recibe la primera Playa Turquesa de acceso público de Bolivia,https://www.opinion.com.bo/cochabamba/cochabamba-recibe-primera-playa-turquesa-acceso-publico-bolivia/20260927133305996753.html
Red Uno,2026-09-27,13:35,Policía reporta vías libres en Potosí y monitorea posibles movilizaciones para este lunes,https://www.reduno.com.bo/noticias/policia-reporta-vias-libres-en-potosi-y-monitorea-posibles-movilizaciones-para-este-lunes-2026927124724
Opinion,2026-09-27,13:37,Transporte ratifica paro en Santa Cruz y suspenden clases presenciales este lunes,https://www.opinion.com.bo/pais/transporte-ratifica-paro-santa-cruz-suspenden-clases-presenciales-lunes/20260927133721996755.html
La Razon,2026-09-27,13:41,Hallan armas blancas y celulares en el penal de San Roque,https://larazon.bo/ciudades/2026/09/27/hallan-armas-blancas-y-celulares-en-el-penal-de-san-roque/
El Deber,2026-09-27,13:46,"Las cabañas del Río Piraí cierran septiembre con música, juegos y el festival del locro",https://eldeber.com.bo/santa-cruz/cabanas-rio-pirai-cierran-septiembre-musica-juegos-festival-locro_1790530263
El Deber,2026-09-27,13:49,Quién es el hombre más rico de África y por qué ahora quiere vender partes de su imperio,https://eldeber.com.bo/bbc/quien-es-el-hombre-mas-rico-de-africa-y-por-que-ahora-quiere-vender-partes-de-su-imperio-2026927124621
Opinion,2026-09-27,13:51,"Secuestran teléfonos celulares, armas blancas y bebidas alcohólicas de cárceles de La Paz y Sucre",https://www.opinion.com.bo/policial/secuestran-telefonos-celulares-armas-blancas-bebidas-alcoholicas-carceles-paz-sucre/20260927135144996757.html
Vision 360,2026-09-27,13:58,Viceministro García devela esquema de blanqueo de capitales vinculado a YPFB en el caso Luis Marcelo Arce,https://www.vision360.bo/noticias/2026/09/27/69742-viceministro-garcia-devela-esquema-de-blanqueo-de-capitales-vinculado-a-ypfb-en-el-caso-luis-marcelo-arce
El Deber,2026-09-27,14:00,"Día Mundial del Turismo: Bolivia generó $us 818,6 millones en 2025",https://eldeber.com.bo/pais/dia-mundial-turismo-bolivia-genero-us-818-6-millones-2025_1790532052
Red Uno,2026-09-27,14:01,Inauguran Playa Turquesa en Cochabamba: Reyes Villa invita a las familias a conocer el nuevo espacio,https://www.reduno.com.bo/noticias/inauguran-playa-turquesa-en-cochabamba-reyes-villa-invita-a-las-familias-a-conocer-el-nuevo-espacio-2026927123159
Unitel,2026-09-27,14:02,Avicultores de Santa Cruz se declaran en emergencia por el alza de costos y exigen una mesa de diálogo con el Gobierno,https://unitel.bo/noticias/economia/avicultores-de-santa-cruz-se-declaran-en-emergencia-por-el-alza-de-costos-y-exigen-una-mesa-de-dialogo-con-el-gobierno-AD23754730
Unitel,2026-09-27,14:06,Vecinos reportan incendio en una vivienda en la zona del Plan Tres Mil,https://unitel.bo/noticias/seguridad/vecinos-reportan-incendio-en-una-vivienda-en-la-zona-del-plan-tres-mil-CD23754699
ANF,2026-09-27,14:10,"USA Today publicó una separata para resaltar al gobierno de Paz, pero no se esclarece el precio ni quién pagó",https://www.noticiasfides.com/nacional/politica/usa-today-publico-una-separata-para-resaltar-al-gobierno-de-paz-pero-no-se-esclarece-el-precio-ni-quien-pago
El Deber,2026-09-27,14:11,El carnaval del oriente boliviano tiene a su reina electa en Antofagasta,https://eldeber.com.bo/bolivia/carnaval-oriente-boliviano-tiene-reina-electa-antofagasta_1790532702
Vision 360,2026-09-27,14:11,El DT del Tigre asegura que “tenemos una plantilla para jugar las dos competiciones”,https://www.vision360.bo/noticias/2026/09/27/69745-el-dt-del-tigre-asegura-que-tenemos-una-plantilla-para-jugar-las-dos-competiciones
El Deber,2026-09-27,14:13,Bolivia llega al Día Mundial del Turismo con una recuperación incompleta y una agenda de incentivos pendiente,https://eldeber.com.bo/economia/bolivia-llega-dia-mundial-turismo-recuperacion-incompleta-agenda-incentivos-pendiente_1790532354
La Razon,2026-09-27,14:20,Residentes bolivianos en Antofagasta eligen a su reina del carnaval del oriente,https://larazon.bo/sociedad/2026/09/27/residentes-bolivianos-en-antofagasta-eligen-a-su-reina-del-carnaval-del-oriente/
Red Uno,2026-09-27,14:23,UMSA impulsa reconocimiento de Chacaltaya como Patrimonio ante la UNESCO,https://www.reduno.com.bo/noticias/umsa-impulsa-reconocimiento-de-chacaltaya-como-patrimonio-ante-la-unesco-2026927115939
Opinion,2026-09-27,14:26,Alcaldía de La Paz advierte acciones ante nuevas construcciones en zona de riesgo de Kantutani Bajo,https://www.opinion.com.bo/pais/alcaldia-paz-advierte-acciones-nuevas-construcciones-zona-riesgo-kantutani/20260927142629996759.html
El Deber,2026-09-27,14:38,"Festival gastronómico mueve más de Bs 1,5 millones en tres días en La Paz",https://eldeber.com.bo/pais/festival-gastronomico-mueve-bs-1-5-millones-tres-dias-paz_1790531366
El Deber,2026-09-27,14:43,"Delincuentes roban un vehículo tras golpear, maniatar y encerrar en el maletero a su conductor",https://eldeber.com.bo/santa-cruz/delincuentes-roban-vehiculo-golpear-maniatar-encerrar-maletero-conductor_1790534097
Red Uno,2026-09-27,14:48,Transporte de La Paz no acatará repliegue y garantiza servicio este lunes,https://www.reduno.com.bo/noticias/transporte-de-la-paz-no-acatara-repliegue-y-garantiza-servicio-este-lunes-202692713278
Unitel,2026-09-27,14:48,El Alto anuncia que volverá a Expocruz en 2027 y quiere hacerlo con su propio stand y su “mano de obra calificada”,https://unitel.bo/noticias/economia/el-alto-anuncia-que-volvera-a-expocruz-en-2027-y-quiere-hacerlo-con-su-propio-stand-y-su-mano-de-obra-calificada-DD23755475
El Deber,2026-09-27,14:51,Vecinos reportan incendio estructural en una vivienda en la zona de Los Pocitos,https://eldeber.com.bo/santa-cruz/vecinos-reportan-incendio-estructural-vivienda-zona-pocitos_1790534845
Red Uno,2026-09-27,14:52,92 personas fueron sorprendidas consumiendo alcohol fuera de horario,https://www.reduno.com.bo/noticias/92-personas-fueron-sorprendidas-consumiendo-alcohol-fuera-de-horario-202692714307
Red Uno,2026-09-27,14:55,"Pareja es golpeada, maniatada y despojada de su vehículo en Cochabamba",https://www.reduno.com.bo/noticias/pareja-es-golpeada-maniatada-y-despojada-de-su-vehiculo-en-cochabamba-202692714932
Unitel,2026-09-27,14:57,Choferes de micro acatarán paro pese a no estar de acuerdo y proponen tarifa diferenciada,https://unitel.bo/noticias/economia/choferes-de-micro-acataran-paro-pese-a-no-estar-de-acuerdo-y-proponen-tarifa-diferenciada-PD23755596
La Razon,2026-09-27,15:02,Paro de transporte: Santa Cruz acata y otras regiones no,https://larazon.bo/economia-y-empresa/2026/09/27/paro-de-transporte-divide-al-pais-santa-cruz-acata-y-otras-regiones-no/
Unitel,2026-09-27,15:02,"Hallan armas blancas, celulares y bebidas alcohólicas en requisas realizadas en cárceles de La Paz y Sucre",https://unitel.bo/noticias/seguridad/hallan-armas-blancas-celulares-y-bebidas-alcoholicas-en-requisas-realizadas-en-carceles-de-la-paz-y-sucre-FD23755527
Unitel,2026-09-27,15:07,¡Tome previsiones! Senamhi pronostica una tormenta eléctrica para esta semana en Santa Cruz,https://unitel.bo/noticias/sociedad/tome-previsiones-senamhi-pronostica-una-tormenta-electrica-para-esta-semana-en-santa-cruz-HD23755662
Unitel,2026-09-27,15:10,Incendio deja en chatarra a un minibús y una vivienda en el Plan Tres Mil,https://unitel.bo/noticias/seguridad/incendio-deja-en-chatarra-a-un-minibus-y-una-vivienda-en-el-plan-tres-mil-MD23755876
La Razon,2026-09-27,15:17,EEUU considera ‘cínico’ el plan de tregua de Irán,https://larazon.bo/mundo/2026/09/27/eeuu-considera-cinico-el-plan-de-tregua-de-iran/
Opinion,2026-09-27,15:28,Comunidad boliviana en Antofagasta elige a su Reina del Carnaval del Oriente,https://www.opinion.com.bo/tendencias/comunidad-boliviana-antofagasta-elige-reina-carnaval-oriente/20260927152805996761.html
Unitel,2026-09-27,15:28,Evo se muestra en público y asiste a un partido de la liga pese a tener dos órdenes de aprehensión,https://unitel.bo/noticias/politica/evo-se-muestra-en-publico-y-asiste-a-un-partido-de-la-liga-pese-a-tener-dos-ordenes-de-aprehension-BD23756160
La Razon,2026-09-27,15:40,"Condori dice que fue a Lauca Ñ a ‘buscar unidad’, no a ‘adular’ a nadie",https://larazon.bo/nacional/2026/09/27/condori-dice-que-fue-a-lauca-n-a-buscar-unidad-no-a-adular-a-nadie/
La Razon,2026-09-27,15:44,La extrema derecha gana terreno en el Senado en Francia,https://larazon.bo/mundo/2026/09/27/la-extrema-derecha-gana-terreno-en-el-senado-en-francia/
Red Uno,2026-09-27,15:44,La Paz: panificadores mantendrán el precio del pan tras dotación de harina,https://www.reduno.com.bo/noticias/la-paz-panificadores-mantendran-el-precio-del-pan-tras-dotacion-de-harina-2026927152344
Red Uno,2026-09-27,15:51,"Terminal de La Paz mantiene salidas normales, pero pasajeros reportan alza en tarifas",https://www.reduno.com.bo/noticias/terminal-de-la-paz-mantiene-salidas-normales-pero-pasajeros-reportan-alza-en-tarifas-2026927125930
Vision 360,2026-09-27,15:51,Boliviano Gabriel Monasterio acaba cuarto en Individual Caballeros del Sudamericano Pre Juvenil,https://www.vision360.bo/noticias/2026/09/27/69754-boliviano-gabriel-monasterio-acaba-cuarto-en-individual-caballeros-del-sudamericano-pre-juvenil
La Razon,2026-09-27,15:54,"Turismo: Bolivia generó $us 818,6 MM con 1.145.165 visitantes extranjeros en 2025",https://larazon.bo/economia-y-empresa/2026/09/27/turismo-bolivia-genero-us-8186-mm-con-1-145-165-visitantes-extranjeros-en-2025/
Los Tiempos,2026-09-27,15:55,El Primer Festival Internacional de Literatura realza la 19va versión de la FILC,https://www.lostiempos.com/doble-click/cultura/20260927/primer-festival-internacional-literatura-realza-19va-version-filc
Red Uno,2026-09-27,15:55,Playa Turquesa recibe a cientos de familias en su inauguración,https://www.reduno.com.bo/noticias/playa-turquesa-recibe-a-cientos-de-familias-en-su-inauguracion-2026927134028
Unitel,2026-09-27,15:55,"“Es un camino largo y difícil”: Empresarios valoran medidas de Paz, pero urgen proteger a los productores y sectores vulnerables",https://unitel.bo/noticias/economia/es-un-camino-largo-y-dificil-empresarios-valoran-medidas-de-paz-pero-urgen-proteger-a-los-productores-y-sectores-vulnerables-MD23756813
La Razon,2026-09-27,15:56,El Papa habla con víctimas de agresiones sexuales en la Iglesia,https://larazon.bo/mundo/2026/09/27/el-papa-habla-con-victimas-de-agresiones-sexuales-en-la-iglesia/
Red Uno,2026-09-27,16:01,Transporte de Yapacaní confirma paro movilizado y suspensión del servicio para este lunes,https://www.reduno.com.bo/noticias/transporte-de-yapacani-confirma-paro-movilizado-y-suspension-del-servicio-para-este-lunes-202692711480
Vision 360,2026-09-27,16:12,Diputados de distintos frentes y el alcalde de Cochabamba rechazan las amenazas y ultimátums lanzados por Evo Pueblo en Lauca Ñ,https://www.vision360.bo/noticias/2026/09/27/69751-diputados-de-distintos-frentes-y-el-alcalde-de-cochabamba-rechazan-las-amenazas-y-ultimatums-lanzados-por-evo-pueblo-en-lauca-
Unitel,2026-09-27,16:16,El precio de las verduras se incrementa en mercados del eje troncal y familias reducen sus compras,https://unitel.bo/noticias/economia/el-precio-de-las-verduras-se-incrementa-en-mercados-del-eje-troncal-y-familias-reducen-sus-compras-ED23757210
La Razon,2026-09-27,16:18,Detienen a dos jóvenes en Chile con un vehículo robado,https://larazon.bo/ciudades/2026/09/27/detienen-a-dos-jovenes-en-chile-con-un-vehiculo-robado/
La Razon,2026-09-27,16:18,CEPB demanda proteger al sector productivo y acelerar la protección social,https://larazon.bo/economia-y-empresa/2026/09/27/cepb-demanda-proteger-al-sector-productivo-y-acelerar-la-proteccion-social/
ANF,2026-09-27,16:20,Choferes de Santa Cruz ratifican paro de transporte mañana; Educación dispone clases a distancia,https://www.noticiasfides.com/nacional/sociedad/choferes-de-santa-cruz-ratifican-paro-de-transporte-manana-educacion-dispone-clases-a-distancia
Red Uno,2026-09-27,16:20,Reyes Villa cuestiona advertencias de Evo: “El país quiere paz”,https://www.reduno.com.bo/noticias/reyes-villa-cuestiona-advertencias-de-evo-el-pais-quiere-paz-202692714161
Unitel,2026-09-27,16:21,Santa Cruz: Asocebú premia a los mejores y entrega el galardón ‘Cebú de Oro’ a referentes de la ganadería cebuina,https://unitel.bo/noticias/economia/santa-cruz-asocebu-premia-a-los-mejores-y-entrega-el-galardon-cebu-de-oro-a-referentes-de-la-ganaderia-cebuina-FD23757255
Vision 360,2026-09-27,16:21,"Ante anuncios de bloqueos, Policía de La Paz activa el plan “Bolivia Unida” y despliega 900 efectivos a los principales accesos a la ciudad",https://www.vision360.bo/noticias/2026/09/27/69748-ante-anuncios-de-bloqueos-policia-de-la-paz-activa-el-plan-bolivia-unida-y-despliega-900-efectivos-a-los-principales-accesos-a-la-ciudad
La Razon,2026-09-27,16:26,‘La Paz India Run 2026´ contó con la participación de 4.100 corredores,https://larazon.bo/ciudades/2026/09/27/la-paz-india-run-2026-conto-con-la-participacion-de-con-4-100-corredores/
La Razon,2026-09-27,16:29,Aprehenden a 12 personas con más de 600 cápsulas con cocaína,https://larazon.bo/ciudades/2026/09/27/aprehenden-a-12-personas-con-mas-de-600-capsulas-con-cocaina/
Diez,2026-09-27,16:30,¡Final del partido! Bolivia cae ante Paraguay en el inicio del nuevo ciclo (0-2),https://diez.bo/futbol/arranco-el-partido-bolivia-ya-enfrenta-a-paraguay-0-0_1790541022
La Razon,2026-09-27,16:31,Privados alertan sobre impacto de nuevos bloqueos en la recuperación,https://larazon.bo/economia-y-empresa/2026/09/27/privados-alertan-sobre-impacto-de-nuevos-bloqueos-en-la-recuperacion/
El Deber,2026-09-27,16:33,CEPB pide proteger el empleo y acelerar reformas para atraer inversión,https://eldeber.com.bo/economia/cepb-pide-proteger-empleo-acelerar-reformas-atraer-inversion_1790541188
La Razon,2026-09-27,16:34,Refuerzan control por actividades ilícitas en la Reserva Manuripi,https://larazon.bo/ciudades/2026/09/27/refuerzan-control-por-actividades-ilicitas-en-la-reserva-manuripi/
Red Uno,2026-09-27,16:35,La Paz: Policía arresta a más de 500 personas en seis operativos,https://www.reduno.com.bo/noticias/la-paz-policia-arresta-a-mas-de-500-personas-en-seis-operativos-2026927143059
Vision 360,2026-09-27,16:43,Caravanas opositoras piden en varias zonas de Venezuela el regreso de María Corina Machado,https://www.vision360.bo/noticias/2026/09/27/69757-caravanas-opositoras-piden-en-varias-zonas-de-venezuela-el-regreso-de-maria-corina-machado
Red Uno,2026-09-27,16:45,Alcaldía de La Paz alerta por nuevas construcciones en zona de riesgo de Kantutani Bajo,https://www.reduno.com.bo/noticias/alcaldia-de-la-paz-alerta-por-nuevas-construcciones-en-zona-de-riesgo-de-kantutani-bajo-2026927154757
La Razon,2026-09-27,16:47,Trump espera retomar negociaciones con Irán la próxima semana,https://larazon.bo/mundo/2026/09/27/trump-espera-retomar-negociaciones-con-iran-la-proxima-semana/
Vision 360,2026-09-27,16:48,Canciller enfrenta histórica interpelación parlamentaria por la política exterior de Chile,https://www.vision360.bo/noticias/2026/09/27/69760-canciller-enfrenta-historica-interpelacion-parlamentaria-por-la-politica-exterior-de-chile
Unitel,2026-09-27,16:53,Gobierno: Hijo del expresidente Arce llegó a tener 19 inmuebles y se apunta a cuatro presuntos testaferros,https://unitel.bo/noticias/seguridad/gobierno-hijo-del-expresidente-arce-llego-a-tener-19-inmuebles-y-se-apunta-a-cuatro-presuntos-testaferros-CD23757757
Red Uno,2026-09-27,17:00,"Turismo en Bolivia crece: más de 1,1 millones de extranjeros llegaron en 2025",https://www.reduno.com.bo/noticias/turismo-en-bolivia-crece-mas-de-1-1-millones-de-extranjeros-llegaron-en-2025-2026927155348
El Deber,2026-09-27,17:01,YPFB acuerda aumentar desde el martes los envíos de combustible a la Chiquitania,https://eldeber.com.bo/santa-cruz/ypfb-acuerda-aumentar-martes-envios-combustible-chiquitania_1790542886
Diez,2026-09-27,17:05,Portugal supera a Noruega en un partido marcado por los errores,https://diez.bo/futbol/portugal-supera-a-noruega-en-un-partido-marcado-por-los-errores_1790543100
Opinion,2026-09-27,17:06,4.108 denuncias por delitos sexuales en seis meses: Santa Cruz concentra más de un tercio de los casos,https://www.opinion.com.bo/policial/4108-denuncias-delitos-sexuales-seis-meses-santa-cruz-concentra-mas-tercio-casos/20260927170652996762.html
Opinion,2026-09-27,17:06,El mapa de feminicidios: La Paz concentra 21 casos y Cochabamba y Santa Cruz llegan a 23 juntas,https://www.opinion.com.bo/policial/mapa-feminicidios-paz-concentra-21-casos-cochabamba-santa-cruz-llegan-23-juntas/20260927170659996763.html
Red Uno,2026-09-27,17:15,Bono Juancito Pinto 2026: ¿desde cuándo se pagarán los Bs 300 por estudiante?,https://www.reduno.com.bo/noticias/bono-juancito-pinto-2026-desde-cuando-se-pagaran-los-bs-300-por-estudiante-2026927163525
Diez,2026-09-27,17:18,Grecia tuerce el inicio de la era Klopp,https://diez.bo/futbol/grecia-tuerce-el-inicio-de-la-era-klopp_1790543929
Unitel,2026-09-27,17:20,"El caso Cerimedo llega a EEUU: El Washington Post revela detalles del exasesor de Paz, de su caída y su vínculo con otros líderes y el poder",https://unitel.bo/noticias/politica/el-caso-cerimedo-llega-a-eeuu-el-washington-post-revela-detalles-del-exasesor-de-paz-de-su-caida-y-su-vinculo-con-otros-lideres-y-el-poder-GD23758068
La Razon,2026-09-27,17:27,Legisladores piden aplicar el estado de excepción ante convocatoria de Morales,https://larazon.bo/nacional/2026/09/27/legisladores-piden-aplicar-el-estado-de-excepcion-ante-convocatoria-de-morales/
La Razon,2026-09-27,17:41,Al menos 200 avionetas no pueden volar en Beni,https://larazon.bo/economia-y-empresa/2026/09/27/al-menos-200-avionetas-no-pueden-volar-en-beni/
La Razon,2026-09-27,17:53,Reino Unido: Detienen a sospechosos de planear un ‘acto terrorista’,https://larazon.bo/mundo/2026/09/27/reino-unido-detienen-a-sospechosos-de-planear-un-acto-terrorista/
El Deber,2026-09-27,17:57,Gobierno detalla bienes atribuidos a los hermanos Arce Mosqueira,https://eldeber.com.bo/pais/gobierno-detalla-bienes-atribuidos-hermanos-arce-mosqueira_1790545693
La Razon,2026-09-27,18:12,"TikTok supera los 9,5 millones de usuarios en Bolivia",https://larazon.bo/sociedad/2026/09/27/tiktok-supera-los-95-millones-de-usuarios-en-bolivia/
ANF,2026-09-27,18:18,Brenda Lafuente pide a juez que no liberen al expresidente Arce; denuncia amenazas de muerte,https://www.noticiasfides.com/nacional/seguridad/brenda-lafuente-pide-a-juez-que-no-liberen-al-expresidente-arce-denuncia-amenazas-de-muerte
La Razon,2026-09-27,18:24,Una discreta Selección Boliviana cae 2-0 ante Paraguay,https://larazon.bo/marcas/2026/09/27/una-discreta-seleccion-boliviana-cae-2-0-ante-paraguay/
Vision 360,2026-09-27,18:29,Una Bolivia que va de menos a más pierde con Paraguay en Estados Unidos,https://www.vision360.bo/noticias/2026/09/27/69763-una-bolivia-que-va-de-menos-a-mas-pierde-con-paraguay-en-estados-unidos
El Deber,2026-09-27,18:46,Gobierno ratifica que no abrogará el decreto del diésel y convoca a los choferes a dialogar,https://eldeber.com.bo/economia/gobierno-ratifica-no-abrogara-decreto-diesel-convoca-choferes-dialogar_1790549174
La Razon,2026-09-27,18:48,Gobierno convoca a la Confederación de Choferes a diálogo este martes,https://larazon.bo/economia-y-empresa/2026/09/27/gobierno-convoca-a-la-confederacion-de-choferes-a-dialogo-este-martes/
La Razon,2026-09-27,18:52,Manfred acusa al evismo de buscar confrontación y llama a la paz,https://larazon.bo/nacional/2026/09/27/manfred-acusa-al-evismo-de-buscar-confrontacion-y-llama-a-la-paz/
Red Uno,2026-09-27,18:59,Ministro de Obras Públicas convoca al diálogo a la Confederación de Choferes de Bolivia,https://www.reduno.com.bo/noticias/ministro-de-obras-publicas-convoca-al-dialogo-a-la-confederacion-de-choferes-de-bolivia-2026927185812
Vision 360,2026-09-27,19:06,El “Pollo” Flores hizo su debut en la selección absoluta de Bolivia,https://www.vision360.bo/noticias/2026/09/27/69772-el-pollo-flores-hizo-su-debut-en-la-seleccion-absoluta-de-bolivia
Vision 360,2026-09-27,19:09,Comunidades originarias de Potosí se declaran en emergencia y exigen mayor control sobre sus recursos mineros,https://www.vision360.bo/noticias/2026/09/27/69766-comunidades-originarias-de-potosi-se-declaran-en-emergencia-y-exigen-mayor-control-sobre-sus-recursos-mineros
La Razon,2026-09-27,19:11,Bolívar gana precisión a Blooming y se perfila a cuartos,https://larazon.bo/marcas/2026/09/27/bolivar-gana-precision-a-blooming-y-se-perfila-a-cuartos/
Diez,2026-09-27,19:17,Bolivia queda con sabor a poco ante Paraguay,https://diez.bo/futbol/bolivia-queda-con-sabor-a-poco-ante-paraguay_1790551045
Red Uno,2026-09-27,19:19,¿Por qué conviene desenchufar los cargadores cuando no se usan? Consumo y riesgos que debe conocer,https://www.reduno.com.bo/noticias/por-que-conviene-desenchufar-los-cargadores-cuando-no-se-usan-consumo-y-riesgos-que-debe-conocer-2026927172252
Vision 360,2026-09-27,19:20,"CEPB respalda el ajuste económico, insisten con proteger a empresas y sectores vulnerables",https://www.vision360.bo/noticias/2026/09/27/69769-cepb-respalda-el-ajuste-economico-insisten-con-proteger-a-empresas-y-sectores-vulnerables
Unitel,2026-09-27,19:25,"El Gobierno convoca a la Confederación de Choferes para dialogar el martes, al día siguiente del paro",https://unitel.bo/noticias/economia/el-gobierno-convoca-a-la-confederacion-de-choferes-para-dialogar-el-martes-al-dia-siguiente-del-paro-AD23759229
La Razon,2026-09-27,19:30,García vincula a exfuncionarios de YPFB con el caso Marcelo Arce,https://larazon.bo/nacional/2026/09/27/garcia-vincula-a-exfuncionarios-de-ypfb-con-el-caso-marcelo-arce/
La Razon,2026-09-27,19:31,Cochabamba estrena el Complejo Recreacional Coña Coña,https://larazon.bo/ciudades/2026/09/27/cochabamba-estrena-el-complejo-recreacional-cona-cona/
Vision 360,2026-09-27,19:36,Un vuelo coincidente con el viaje del Presidente llama la atención por una escala en una zona exclusiva de Palm Beach,https://www.vision360.bo/noticias/2026/09/27/69775-un-vuelo-coincidente-con-el-viaje-del-presidente-llama-la-atencion-por-una-escala-en-una-zona-exclusiva-de-palm-beach
Vision 360,2026-09-27,19:36,Noruega cae de local con Portugal por los errores de su guardameta Nyland,https://www.vision360.bo/noticias/2026/09/27/69778-noruega-cae-de-local-con-portugal-por-los-errores-de-su-guardameta-nyland
Diez,2026-09-27,19:43,Blooming no encuentra el gol y termina goleado por Bolívar,https://diez.bo/futbol/blooming-no-encuentra-el-gol-y-termina-goleado-por-bolivar_1790552618
Unitel,2026-09-27,19:46,"Lara a Paz: “No le mientan al pueblo boliviano, digan por qué Bolivia termina pagando más caro” por el diésel",https://unitel.bo/noticias/economia/lara-a-paz-no-le-mientan-al-pueblo-boliviano-digan-por-que-bolivia-termina-pagando-mas-caro-por-el-diesel-AD23759393
Red Uno,2026-09-27,19:48,¿Cómo cobrar el Bono Juancito Pinto 2026? Estas son las tres opciones,https://www.reduno.com.bo/noticias/como-cobrar-el-bono-juancito-pinto-2026-estas-son-las-tres-opciones-2026927164649
La Razon,2026-09-27,20:06,"En Día Mundial del Turismo, el sector aún no se recupera y enfrenta incertidumbre",https://larazon.bo/economia-y-empresa/2026/09/27/en-dia-mundial-del-turismo-el-sector-aun-no-se-recupera-y-enfrenta-incertidumbre/
Diez,2026-09-27,20:16,Bolivia cierra la Olimpiada Mundial con un título para Jhoana Velarde,https://diez.bo/multideportivo/bolivia-cierra-la-olimpiada-mundial-con-un-titulo-para-jhoana-velarde_1790554565
Vision 360,2026-09-27,20:19,Vicepresidencia exige transparencia tras la eliminación del subsidio al diésel y cuestiona el alto costo frente a los países de la región,https://www.vision360.bo/noticias/2026/09/27/69781-vicepresidencia-exige-transparencia-tras-la-eliminacion-del-subsidio-al-diesel-y-cuestiona-el-alto-costo-frente-a-los-paises-de-la-region
Red Uno,2026-09-27,20:32,Corea quiere que el mundo aprenda su idioma y lanzó un curso de coreano gratis,https://www.reduno.com.bo/noticias/corea-quiere-que-el-mundo-aprenda-su-idioma-y-lanzo-un-curso-de-coreano-gratis-202692720420
Unitel,2026-09-27,20:43,Paro de transporte: Colegios particulares de Santa Cruz anuncian clases presenciales para este lunes,https://unitel.bo/noticias/sociedad/paro-de-transporte-colegios-particulares-de-santa-cruz-anuncian-clases-presenciales-para-este-lunes-BD23759855
La Razon,2026-09-27,20:44,Beni: Garrafa de gas en municipio de Reyes se vende a Bs 50,https://larazon.bo/economia-y-empresa/2026/09/27/beni-garrafa-de-gas-en-municipio-de-reyes-se-vende-a-bs-50/
ANF,2026-09-27,20:48,Avión presidencial despega luego de permanecer tres días en una de las ciudades más lujosas de Florida,https://www.noticiasfides.com/nacional/politica/avion-presidencial-despega-luego-de-permanecer-tres-dias-en-una-de-las-ciudades-mas-lujosas-de-florida
Opinion,2026-09-27,20:49,"Caen 28 bolivianos en Brasil, viajaban en un bus con más de 2.500 cápsulas de droga en el estómago",https://www.opinion.com.bo/policial/caen-28-bolivianos-brasil-viajaban-bus-mas-2500-capsulas-droga-estomago/20260927204948996765.html
Vision 360,2026-09-27,20:51,El Gobierno convoca a la Confederación de Choferes de Bolivia a un diálogo el próximo 29 de septiembre,https://www.vision360.bo/noticias/2026/09/27/69784-el-gobierno-convoca-a-la-confederacion-de-choferes-de-bolivia-a-un-dialogo-el-proximo-29-de-septiembre
Unitel,2026-09-27,20:55,"Expocruz, la muestra más importante de Bolivia que abre mercados y cruza fronteras",https://unitel.bo/noticias/economia/expocruz-la-muestra-mas-importante-de-bolivia-que-abre-mercados-y-cruza-fronteras-ED23759973
Red Uno,2026-09-27,21:06,Luis Gamarra busca llegar a Viña del Mar con “No Más Lamento” y representar a Bolivia,https://www.reduno.com.bo/noticias/luis-gamarra-busca-llegar-a-vina-del-mar-con-no-mas-lamento-y-representar-a-bolivia-202692721048
Red Uno,2026-09-27,21:46,Recuperan vehículo robado a una pareja y capturan a cuatro adolescentes en Cochabamba,https://www.reduno.com.bo/noticias/recuperan-vehiculo-robado-a-una-pareja-y-capturan-a-cuatro-adolescentes-en-cochabamba-2026927212858
Red Uno,2026-09-27,21:57,"Mototaxistas acorralaron al ladrón que robó a uno de sus compañeros, pero logró huir",https://www.reduno.com.bo/noticias/mototaxistas-acorralaron-al-ladron-que-robo-a-uno-de-sus-companeros-pero-logro-huir-2026927214452
Red Uno,2026-09-27,21:59,Delincuentes vacían tienda de cosméticos y se llevan Bs 150 mil en productos,https://www.reduno.com.bo/noticias/delincuentes-vacian-tienda-de-cosmeticos-y-se-llevan-bs-150-mil-en-productos-2026927215544
El Deber,2026-09-27,22:05,Fiscalía admite denuncia contra BoA y gerente desconoce el caso,https://eldeber.com.bo/pais/fiscalia-admite-denuncia-boa-gerente-desconoce-caso_1790560600
Unitel,2026-09-27,22:06,Gobernación cruceña anuncia la importación de “millones de litros” de diésel a partir de esta semana para el departamento,https://unitel.bo/noticias/economia/gobernacion-crucena-anuncia-la-importacion-de-millones-de-litros-de-diesel-a-partir-de-esta-semana-para-el-departamento-JA23760801
Diez,2026-09-27,22:08,Villegas defiende su proyecto: “Tuvimos más tiros al arco que Paraguay”,https://diez.bo/futbol/villegas-defiende-su-proyecto-tuvimos-mas-tiros-al-arco-que-paraguay_1790561323
El Deber,2026-09-27,22:17,Música y encuentro con el público en la despedida de EL DEBER en Expocruz,https://eldeber.com.bo/santa-cruz/musica-encuentro-publico-despedida-deber-expocruz_1790560928
Diez,2026-09-27,22:20,Tomayapo gana sobre el final y escala al segundo lugar del Grupo B,https://diez.bo/futbol/tomayapo-gana-sobre-el-final-y-escala-al-segundo-lugar-del-grupo-b_1790562037
El Deber,2026-09-27,22:39,"Expocruz 2026 reporta récords de visitantes, expositores y negocios",https://eldeber.com.bo/economia/expocruz-2026-reporta-records-visitantes-expositores-negocios_1790563150
Unitel,2026-09-27,22:42,Expocruz 2026 deja más de $us 220 millones en intenciones de negocios y supera el medio millón de visitantes,https://unitel.bo/noticias/economia/expocruz-2026-deja-mas-de-us-220-millones-en-intenciones-de-negocios-y-supera-el-medio-millon-de-visitantes-FA23761114
Unitel,2026-09-27,22:46,"Tras su viaje a EEUU, Paz convoca al gabinete este lunes para informar sobre las gestiones de créditos y evaluar la situación por el diésel",https://unitel.bo/noticias/politica/tras-su-viaje-a-eeuu-paz-convoca-al-gabinete-este-lunes-para-informar-sobre-las-gestiones-de-creditos-y-evaluar-la-situacion-por-el-diesel-NA23761185
ERBOL,2026-09-27,23:26,Bolívar derrotó a Blooming 3 a 0 en el Siles,https://erbol.com.bo/deporte/bol%C3%ADvar-derrot%C3%B3-blooming-3-0-en-el-siles
La Razon,2026-09-27,23:56,Claudio Rossell reúne cinco años de fotografías en #fueradecontexto,https://larazon.bo/la-revista/2026/09/27/claudio-rossell-reune-cinco-anos-de-fotografias-en-fueradecontexto/
Vision 360,2026-09-28,00:00,El estado de excepción no prohíbe debatir ni aprobar por 2/3 la Ley de Reforma Parcial,https://www.vision360.bo/noticias/2026/09/28/69790-el-estado-de-excepcion-no-prohibe-debatir-ni-aprobar-por-23-la-ley-de-reforma-parcial
Vision 360,2026-09-28,00:00,De teleféricos y huevos,https://www.vision360.bo/noticias/2026/09/28/69793-de-telefericos-y-huevos
Vision 360,2026-09-28,00:00,Financiarización: del espejismo del crecimiento a la desigualdad estructural,https://www.vision360.bo/noticias/2026/09/28/69796-financiarizacion-del-espejismo-del-crecimiento-a-la-desigualdad-estructural
El Diario,2026-09-28,00:02,Realme 16 Pro Harry Potter Edition: un celular convertido en pieza de colección,https://www.eldiario.net/portal/2026/09/28/realme-16-pro-harry-potter-edition-un-celular-convertido-en-pieza-de-coleccion/
El Diario,2026-09-28,00:03,IA en el trabajo: empleados a la delantera,https://www.eldiario.net/portal/2026/09/28/ia-en-el-trabajo-empleados-a-la-delantera/
El Diario,2026-09-28,00:04,GPT-6 Sol y Luna priorizan eficiencia y menor coste,https://www.eldiario.net/portal/2026/09/28/gpt-6-sol-y-luna-priorizan-eficiencia-y-menor-coste/
El Diario,2026-09-28,00:05,Go2B lleva la IA conversacional al corazón del B2B de moda,https://www.eldiario.net/portal/2026/09/28/go2b-lleva-la-ia-conversacional-al-corazon-del-b2b-de-moda/
El Diario,2026-09-28,00:06,Gemini 3.8 Flash mejora la generación de voz con IA,https://www.eldiario.net/portal/2026/09/28/gemini-3-8-flash-mejora-la-generacion-de-voz-con-ia/
El Diario,2026-09-28,00:07,EcoGPT: ¿una IA realmente ecológica?,https://www.eldiario.net/portal/2026/09/28/ecogpt-una-ia-realmente-ecologica/
El Diario,2026-09-28,00:07,"Danzas, colores y detalles: Samsung celebra el Día del Fotógrafo con una mirada al folklore boliviano desde el lente de un smartphone",https://www.eldiario.net/portal/2026/09/28/danzas-colores-y-detalles-samsung-celebra-el-dia-del-fotografo-con-una-mirada-al-folklore-boliviano-desde-el-lente-de-un-smartphone/
El Diario,2026-09-28,00:08,Bolivia finaliza entre los 75 mejores de la Olimpiada y Velarde logra el título de WFM,https://www.eldiario.net/portal/2026/09/28/bolivia-finaliza-entre-los-75-mejores-de-la-olimpiada-y-velarde-logra-el-titulo-de-wfm/
El Diario,2026-09-28,00:08,Claude Opus 5.5 llega con cifras récord,https://www.eldiario.net/portal/2026/09/28/claude-opus-5-5-llega-con-cifras-record/
El Diario,2026-09-28,00:09,"Aplicaciones que crean desnudos falsos con IA, una amenaza creciente",https://www.eldiario.net/portal/2026/09/28/aplicaciones-que-crean-desnudos-falsos-con-ia-una-amenaza-creciente/
La Razon,2026-09-28,00:10,El Gobierno enfrenta el desafío de imponer orden sin escalar el conflicto,https://larazon.bo/nacional/2026/09/28/el-gobierno-enfrenta-el-desafio-de-imponer-orden-sin-escalar-el-conflicto/
El Diario,2026-09-28,00:12,Acer Vero 16: portátil OLED sostenible y fácil de reparar,https://www.eldiario.net/portal/2026/09/28/acer-vero-16-portatil-oled-sostenible-y-facil-de-reparar/
El Diario,2026-09-28,00:12,200 MP e inteligencia artificial: la combinación del HONOR 600 para fotografiar la primavera,https://www.eldiario.net/portal/2026/09/28/200-mp-e-inteligencia-artificial-la-combinacion-del-honor-600-para-fotografiar-la-primavera/
La Razon,2026-09-28,00:13,Reacciones al dieselazo del gobierno de Rodrigo Paz,https://larazon.bo/opinion/columnistas/2026/09/28/reacciones-al-dieselazo-del-gobierno-de-rodrigo-paz/
El Diario,2026-09-28,00:15,Yango Comida llega a La Paz y expande su servicio de delivery en Bolivia,https://www.eldiario.net/portal/2026/09/28/yango-comida-llega-a-la-paz-y-expande-su-servicio-de-delivery-en-bolivia/
La Razon,2026-09-28,00:17,Deliberación y reforma,https://larazon.bo/opinion/columnistas/2026/09/28/deliberacion-y-reforma/
El Diario,2026-09-28,00:20,Chile celebró su aniversario patrio,https://www.eldiario.net/portal/2026/09/28/chile-celebro-su-aniversario-patrio/
El Diario,2026-09-28,00:28,Gabriel Monasterio finaliza en el cuarto puesto del Sudamericano Pre Juvenil de Golf,https://www.eldiario.net/portal/2026/09/28/gabriel-monasterio-finaliza-en-el-cuarto-puesto-del-sudamericano-pre-juvenil-de-golf/
El Diario,2026-09-28,00:28,Detenciones sin resultados ponen bajo cuestionamiento a la Fiscalía,https://www.eldiario.net/portal/2026/09/28/detenciones-sin-resultados-ponen-bajo-cuestionamiento-a-la-fiscalia/
El Diario,2026-09-28,00:28,Policía despliega 900 efectivos ante posibles movilizaciones,https://www.eldiario.net/portal/2026/09/28/policia-despliega-900-efectivos-ante-posibles-movilizaciones/
El Diario,2026-09-28,00:29,Operativos antidroga dejan 15 aprehendidos,https://www.eldiario.net/portal/2026/09/28/operativos-antidroga-dejan-15-aprehendidos/
El Diario,2026-09-28,00:29,Bolivia ante los desafíos del desarrollo nuclear pacífico,https://www.eldiario.net/portal/2026/09/28/bolivia-ante-los-desafios-del-desarrollo-nuclear-pacifico/
El Diario,2026-09-28,00:32,Ejecutivo recibe presión para aplicar Estado de Excepción,https://www.eldiario.net/portal/2026/09/28/ejecutivo-recibe-presion-para-aplicar-estado-de-excepcion/
El Diario,2026-09-28,00:32,Reestructuran viceministerios y designan nuevas autoridades,https://www.eldiario.net/portal/2026/09/28/reestructuran-viceministerios-y-designan-nuevas-autoridades/
El Diario,2026-09-28,00:33,Gestión de Paz encara desafío de fortalecer la diplomacia,https://www.eldiario.net/portal/2026/09/28/gestion-de-paz-encara-desafio-de-fortalecer-la-diplomacia/
El Diario,2026-09-28,00:34,Reyes cuestiona a Morales por buscar confrontación política,https://www.eldiario.net/portal/2026/09/28/reyes-cuestiona-a-morales-por-buscar-confrontacion-politica/
El Diario,2026-09-28,00:34,Economía y pacificación son tareas urgentes del Gobierno,https://www.eldiario.net/portal/2026/09/28/economia-y-pacificacion-son-tareas-urgentes-del-gobierno/
El Diario,2026-09-28,00:36,‘Breaking Bad’ lidera el ranking de las 100 mejores series del siglo,https://www.eldiario.net/portal/2026/09/28/breaking-bad-lidera-el-ranking-de-las-100-mejores-series-del-siglo/
El Diario,2026-09-28,00:39,GV San José sufre otro golpe en casa,https://www.eldiario.net/portal/2026/09/28/gv-san-jose-sufre-otro-golpe-en-casa/
El Diario,2026-09-28,00:40,El Tigre recuerda con cariño al ‘Chupa’ Riveros,https://www.eldiario.net/portal/2026/09/28/el-tigre-recuerda-con-carino-al-chupa-riveros/
El Diario,2026-09-28,00:41,2-3: España se impone a Inglaterra en Wembley,https://www.eldiario.net/portal/2026/09/28/2-3-espana-se-impone-a-inglaterra-en-wembley/
El Diario,2026-09-28,00:42,Ramiro Vaca ya tiene nuevo destino futbolero,https://www.eldiario.net/portal/2026/09/28/ramiro-vaca-ya-tiene-nuevo-destino-futbolero/
El Diario,2026-09-28,00:43,Bolívar golea con doblete de Miranda,https://www.eldiario.net/portal/2026/09/28/bolivar-golea-con-doblete-de-miranda/
El Diario,2026-09-28,00:46,Balance negativo para Sudamérica,https://www.eldiario.net/portal/2026/09/28/balance-negativo-para-sudamerica/
El Diario,2026-09-28,00:47,Argentina reaparece después del Mundial frente a Bolivia,https://www.eldiario.net/portal/2026/09/28/argentina-reaparece-despues-del-mundial-frente-a-bolivia/
El Diario,2026-09-28,00:48,Almirón nos señaló el camino en EEUU,https://www.eldiario.net/portal/2026/09/28/almiron-nos-senalo-el-camino-en-eeuu/
El Deber,2026-09-28,05:00,El Gobierno del Poder Judicial,https://eldeber.com.bo/opinion/gobierno-poder-judicial_1790559756
El Deber,2026-09-28,05:00,Bolivia: “una patria con pocos patriotas y una marea de criticones”,https://eldeber.com.bo/opinion/bolivia-patria-pocos-patriotas-marea-criticones_1790559969
El Deber,2026-09-28,05:00,El capital no escucha discursos,https://eldeber.com.bo/opinion/capital-no-escucha-discursos_1790560190
El Deber,2026-09-28,05:00,De teleféricos y huevos,https://eldeber.com.bo/opinion/telefericos-huevos_1790560435
El Deber,2026-09-28,05:00,Cara a cara,https://eldeber.com.bo/opinion/cara-cara_1790560601
El Deber,2026-09-28,05:00,Empresas públicas: llegó la hora de decidir,https://eldeber.com.bo/opinion/empresas-publicas-llego-hora-decidir_1790560749
El Diario,2026-09-28,05:30,La Selección vuelve a perder,https://www.eldiario.net/portal/2026/09/28/la-seleccion-vuelve-a-perder/
El Diario,2026-09-28,05:31,CEPB pide proteger empleo,https://www.eldiario.net/portal/2026/09/28/cepb-pide-proteger-empleo/
El Diario,2026-09-28,05:32,Desarme nuclear mundial enfrenta límites; Bolivia fortalece controles,https://www.eldiario.net/portal/2026/09/28/desarme-nuclear-mundial-enfrenta-limites-bolivia-fortalece-controles/
El Diario,2026-09-28,05:33,La Paz refuerza seguridad debido a paro de choferes,https://www.eldiario.net/portal/2026/09/28/la-paz-refuerza-seguridad-debido-a-paro-de-choferes/
El Diario,2026-09-28,05:34,Estas son las dos tareas pendientes del Gobierno,https://www.eldiario.net/portal/2026/09/28/estas-son-las-dos-tareas-pendientes-del-gobierno/
El Diario,2026-09-28,05:36,Ajustes en mercado cambiario facilitarán conseguir dólares,https://www.eldiario.net/portal/2026/09/28/ajustes-en-mercado-cambiario-facilitaran-conseguir-dolares/
El Diario,2026-09-28,05:39,DigiExpo 2026 llega a tres departamentos del país,https://www.eldiario.net/portal/2026/09/28/digiexpo-2026-llega-a-tres-departamentos-del-pais/
El Diario,2026-09-28,05:40,Expocruz 2026 cierra con música y premiaciones,https://www.eldiario.net/portal/2026/09/28/expocruz-2026-cierra-con-musica-y-premiaciones/
El Diario,2026-09-28,05:41,Súper Niño llegó hace tres meses,https://www.eldiario.net/portal/2026/09/28/super-nino-llego-hace-tres-meses/
El Diario,2026-09-28,05:42,Cochabamba tiene playa artificial en Coña Coña,https://www.eldiario.net/portal/2026/09/28/cochabamba-tiene-playa-artificial-en-cona-cona/
El Diario,2026-09-28,05:43,Los indígenas de Pando dan ultimátum a mineros ilegales,https://www.eldiario.net/portal/2026/09/28/los-indigenas-de-pando-dan-ultimatum-a-mineros-ilegales/
El Diario,2026-09-28,05:44,Paro de transporte será parcial hoy,https://www.eldiario.net/portal/2026/09/28/paro-de-transporte-sera-parcial-hoy/
El Diario,2026-09-28,05:45,Congo reporta 8.300 fallecidos y 8.000 casos confirmados de ébola,https://www.eldiario.net/portal/2026/09/28/congo-reporta-8-300-fallecidos-y-8-000-casos-confirmados-de-ebola/
El Diario,2026-09-28,05:46,Crisis financiera y pobreza amenazan gestión de Milei,https://www.eldiario.net/portal/2026/09/28/crisis-financiera-y-pobreza-amenazan-gestion-de-milei/
El Diario,2026-09-28,05:48,Bangkok anegada declara estado de desastre natural,https://www.eldiario.net/portal/2026/09/28/bangkok-anegada-declara-estado-de-desastre-natural/
El Diario,2026-09-28,05:49,107 brigadas médicas realizan rastrillaje contra sarampión,https://www.eldiario.net/portal/2026/09/28/107-brigadas-medicas-realizan-rastrillaje-contra-sarampion/
El Diario,2026-09-28,05:50,Universitarios producen galletas y panqueques de cáscara de plátano,https://www.eldiario.net/portal/2026/09/28/universitarios-producen-galletas-y-panqueques-de-cascara-de-platano/
El Diario,2026-09-28,05:51,Fernando; “guardián” del laboratorio de Chacaltaya,https://www.eldiario.net/portal/2026/09/28/fernando-guardian-del-laboratorio-de-chacaltaya/
El Diario,2026-09-28,05:53,Precios de productos siguen en alza y la ciudadanía se siente desprotegida,https://www.eldiario.net/portal/2026/09/28/precios-de-productos-siguen-en-alza-y-la-ciudadania-se-siente-desprotegida/
El Diario,2026-09-28,05:54,La conducta gozar disuelve las reacciones negativas,https://www.eldiario.net/portal/2026/09/28/la-conducta-gozar-disuelve-las-reacciones-negativas/
El Diario,2026-09-28,05:57,Bolivia ocupa séptimo lugar regional por costo del diésel,https://www.eldiario.net/portal/2026/09/28/bolivia-ocupa-septimo-lugar-regional-por-costo-del-diesel/
Unitel,2026-09-28,05:57,Terminales del eje central reportan salidas y llegadas de buses con normalidad este lunes,https://unitel.bo/noticias/sociedad/terminales-del-eje-central-reportan-salidas-y-llegadas-de-buses-con-normalidad-este-lunes-HA23764175
El Diario,2026-09-28,05:58,"Habrá más dólares, pero a precio variable",https://www.eldiario.net/portal/2026/09/28/habra-mas-dolares-pero-a-precio-variable/
El Deber,2026-09-28,06:00,"A diez meses del desastre, en Achiras luchan por salir adelante a la espera de ayuda",https://eldeber.com.bo/santa-cruz/diez-meses-desastre-achiras-luchan-salir-adelante-espera-ayuda_1790556324
El Diario,2026-09-28,06:00,Comprar caro y vender barato,https://www.eldiario.net/portal/2026/09/28/comprar-caro-y-vender-barato/
El Diario,2026-09-28,06:01,Momentos decisivos,https://www.eldiario.net/portal/2026/09/28/momentos-decisivos/
El Diario,2026-09-28,06:01,El mar primero en la agenda con Chile,https://www.eldiario.net/portal/2026/09/28/el-mar-primero-en-la-agenda-con-chile/
El Diario,2026-09-28,06:03,Fábrica de especies,https://www.eldiario.net/portal/2026/09/28/fabrica-de-especies/
El Diario,2026-09-28,06:03,Aymaras andinos y aymaras tropicalizados,https://www.eldiario.net/portal/2026/09/28/aymaras-andinos-y-aymaras-tropicalizados/
El Diario,2026-09-28,06:04,Monroe frente a China: la nueva disputa por América Latina,https://www.eldiario.net/portal/2026/09/28/monroe-frente-a-china-la-nueva-disputa-por-america-latina-2/
El Deber,2026-09-28,06:05,“Ojalá se de más atención a la región de los valles”,https://eldeber.com.bo/santa-cruz/ojala-atencion-region-valles_1790557457
El Diario,2026-09-28,06:05,El ajuste restrictivo y la ilusión cambiaria: el costo para la banca y el riesgo del FMI,https://www.eldiario.net/portal/2026/09/28/el-ajuste-restrictivo-y-la-ilusion-cambiaria-el-costo-para-la-banca-y-el-riesgo-del-fmi/
El Diario,2026-09-28,06:07,Irán captura segundo submarino no tripulado del Ejército de EEUU,https://www.eldiario.net/portal/2026/09/28/iran-captura-segundo-submarino-no-tripulado-del-ejercito-de-eeuu/
El Diario,2026-09-28,06:08,Papa pide a obispos vigilancia ante abusos sexuales a menores,https://www.eldiario.net/portal/2026/09/28/papa-pide-a-obispos-vigilancia-ante-abusos-sexuales-a-menores/
El Diario,2026-09-28,06:09,Argentina «no tiene capacidad» para tomar las Islas Malvinas,https://www.eldiario.net/portal/2026/09/28/argentina-no-tiene-capacidad-para-tomar-las-islas-malvinas/
Unitel,2026-09-28,06:10,Solo Santa Cruz acata el paro de transporte este lunes; La Paz y Cochabamba trabajan con normalidad,https://unitel.bo/noticias/economia/solo-santa-cruz-acata-el-paro-de-transporte-este-lunes-la-paz-y-cochabamba-trabajan-con-normalidad-FA23764562
El Deber,2026-09-28,06:15,"Policía de Brasil apoyó captura de ‘Trompa de mula’, un capo del PCC",https://eldeber.com.bo/pais/policia-brasil-apoyo-captura-trompa-mula-capo-pcc_1790558488
El Deber,2026-09-28,06:20,Repliegue de choferes es parcial y el Gobierno abre diálogo el martes en La Paz,https://eldeber.com.bo/economia/repliegue-choferes-sera-parcial-gobierno-abre-dialogo-martes-paz_1790565496
El Deber,2026-09-28,06:21,"Construcción profundiza su crisis tras una caída de 27,3% y la nueva subida del diésel",https://eldeber.com.bo/economia/construccion-profundiza-crisis-caida-27-3-nueva-subida-diesel_1790566083
El Deber,2026-09-28,06:21,Los legisladores preparan mesas técnicas previas a la reforma constitucional,https://eldeber.com.bo/pais/legisladores-preparan-mesas-tecnicas-previas-reforma-constitucional_1790568051
El Deber,2026-09-28,06:22,"Una partícula, dos Nobel y una montaña llamada Chacaltaya",https://eldeber.com.bo/pais/particula-dos-nobel-montana-llamada-chacaltaya_1790567311
Unitel,2026-09-28,06:30,Precio del petróleo se dispara tras rechazo de Trump a oferta iraní de tregua,https://unitel.bo/noticias/mundo/precio-del-petroleo-se-dispara-tras-rechazo-de-trump-a-oferta-irani-de-tregua-CA23764655
Unitel,2026-09-28,06:34,Santa Cruz inicia la semana con cielo despejado y temperaturas altas,https://unitel.bo/noticias/sociedad/santa-cruz-inicia-la-semana-con-cielo-despejado-y-temperaturas-altas-CA23764688
Red Uno,2026-09-28,06:35,Sin micros en Santa Cruz: vecinos buscan cómo llegar a sus trabajos,https://www.reduno.com.bo/noticias/sin-micros-en-santa-cruz-vecinos-buscan-como-llegar-a-sus-trabajos-202692863059
Red Uno,2026-09-28,06:58,¿Cómo estará el clima hoy? Algunas regiones registrarán temperaturas de hasta 38°C,https://www.reduno.com.bo/noticias/como-estara-el-clima-hoy-algunas-regiones-registraran-temperaturas-de-hasta-38-c-202692863715
Unitel,2026-09-28,07:00,Alerta naranja en Santa Cruz por fuertes vientos y hay riesgo de desborde de ríos en cinco departamentos,https://unitel.bo/noticias/sociedad/alerta-naranja-en-santa-cruz-por-fuertes-vientos-y-hay-riesgo-de-desborde-de-rios-en-cinco-departamentos-JA23765194
Unitel,2026-09-28,07:01,DDE Santa Cruz a colegios particulares: Instructivo de clases a distancia “es de cumplimiento obligatorio”,https://unitel.bo/noticias/sociedad/dde-santa-cruz-a-colegios-particulares-instructivo-de-clases-a-distancia-es-de-cumplimiento-obligatorio-GA23765232
Red Uno,2026-09-28,07:05,Paro de micros en Santa Cruz obliga a estudiantes a pasar clases virtuales,https://www.reduno.com.bo/noticias/paro-de-micros-en-santa-cruz-obliga-a-estudiantes-a-pasar-clases-virtuales-202692864827
Unitel,2026-09-28,07:05,"Camionetas, largas esperas y recorridos por tramos, así se trasladan los pasajeros ante el paro de transporte en Santa Cruz",https://unitel.bo/noticias/sociedad/camionetas-largas-esperas-y-recorridos-por-tramos-asi-se-trasladan-los-pasajeros-ante-el-paro-de-transporte-en-santa-cruz-EA23765302
Unitel,2026-09-28,07:09,Se levanta la bandera a cuadros: Expocruz 2027 ya tiene fecha,https://unitel.bo/noticias/economia/se-levanta-la-bandera-a-cuadros-expocruz-2027-ya-tiene-fecha-AA23765353
El Deber,2026-09-28,07:14,Cómo China está transformando una zona rural donde se cultivan papas en el centro de su competencia tecnológica con EEUU,https://eldeber.com.bo/bbc/como-china-esta-transformando-una-zona-rural-donde-se-cultivan-papas-en-el-centro-de-su-competencia-tecnologica-con-ee-uu--20269280357
El Deber,2026-09-28,07:25,"Concepción: Pututu, un plato centenario resume la idiosincrasia chiquitana",https://eldeber.com.bo/santa-cruz/concepcion-pututu-plato-centenario-resume-idiosincrasia-chiquitana_1790594724
Los Tiempos,2026-09-28,07:28,El precio del petróleo sube tras el rechazo de Trump a las exigencias de Irán para reabrir el estrecho de Ormuz,https://www.lostiempos.com/actualidad/economia/20260928/precio-del-petroleo-sube-rechazo-trump-exigencias-iran-reabrir-estrecho
Vision 360,2026-09-28,07:34,"El Kremlin advierte que Ucrania ""tendrá que pagar"" por los ataques de los últimos meses",https://www.vision360.bo/noticias/2026/09/28/69802-el-kremlin-advierte-que-ucrania-tendra-que-pagar-por-los-ataques-de-los-ultimos-meses
La Razon,2026-09-28,07:36,Santa Cruz amanece sin transporte; en La Paz y Cochabamba no acatan el paro,https://larazon.bo/sociedad/2026/09/28/santa-cruz-amanece-sin-transporte-en-la-paz-y-cochabamba-no-acatan-el-paro/
El Deber,2026-09-28,07:43,Transporte urbano se repliega y Santa Cruz de la Sierra queda sin micros este lunes,https://eldeber.com.bo/santa-cruz/transporte-urbano-repliega-santa-cruz-sierra-queda-micros-este-lunes_1790595515
Red Uno,2026-09-28,07:45,"Taylor Swift, la más premiada de la historia de los VMAs y Madonna, artista del año",https://www.reduno.com.bo/noticias/taylor-swift-la-mas-premiada-de-la-historia-de-los-vmas-y-madonna-artista-del-ano-202692865043
ERBOL,2026-09-28,07:50,Miles despiden a Monseñor Centellas en Sucre; este martes será sepultado en la Catedral,https://erbol.com.bo/gente/miles-despiden-monse%C3%B1or-centellas-en-sucre-este-martes-ser%C3%A1-sepultado-en-la-catedral
Red Uno,2026-09-28,07:52,“Necesitamos sí o sí una nivelación”: transportistas exigen ajuste de tarifas en Santa Cruz,https://www.reduno.com.bo/noticias/necesitamos-si-o-si-una-nivelacion-transportistas-exigen-ajuste-de-tarifas-en-santa-cruz-202692872019
Unitel,2026-09-28,07:53,¡Atención! Padres tienen hasta el 16 de octubre para registrarse y acceder al Bono Juancito Pinto,https://unitel.bo/noticias/sociedad/atencion-padres-tienen-hasta-el-16-de-octubre-para-registrarse-y-acceder-al-bono-juancito-pinto-BA23766025
Unitel,2026-09-28,07:53,Denuncian que el avión presidencial que estaba en EEUU hizo escala en una lujosa playa,https://unitel.bo/noticias/politica/denuncian-que-el-avion-presidencial-que-estaba-en-eeuu-hizo-escala-en-una-lujosa-playa-JA23765950
Unitel,2026-09-28,07:56,El transporte cooperativizado de Cochabamba anuncia un paro de 24 horas para este martes,https://unitel.bo/noticias/economia/el-transporte-cooperativizado-de-cochabamba-anuncia-un-paro-de-24-horas-para-este-martes-HA23765112
Vision 360,2026-09-28,07:59,"El Papa pide a Europa que intervenga ante las relaciones ""cada vez más bárbaras"" entre Estados",https://www.vision360.bo/noticias/2026/09/28/69805-el-papa-pide-a-europa-que-intervenga-ante-las-relaciones-cada-vez-mas-barbaras-entre-estados
Red Uno,2026-09-28,08:03,Paro de transporte se acata de forma parcial en La Paz: viajes a Yungas están suspendidos,https://www.reduno.com.bo/noticias/paro-de-transporte-se-acata-de-forma-parcial-en-la-paz-viajes-a-yungas-estan-suspendidos-202692865540
Vision 360,2026-09-28,08:03,"Bolivia brilla gracias a Conrrado Moscoso, pero ¿hay recambio en el futuro?",https://www.vision360.bo/noticias/2026/09/28/69736-bolivia-brilla-gracias-a-conrrado-moscoso-pero-hay-recambio-en-el-futuro
Unitel,2026-09-28,08:06,Investigan presunto parricidio: Hallan muerta a mujer con 32 puñaladas y el principal sospechoso es el nieto,https://unitel.bo/noticias/seguridad/investigan-presunto-parricidio-hallan-muerta-a-mujer-con-32-punaladas-y-el-principal-sospechoso-es-el-nieto-AA23766237
Vision 360,2026-09-28,08:07,Delhi anuncia freno a construcciones y trabajo remoto para mitigar la polución en invierno,https://www.vision360.bo/noticias/2026/09/28/69808-delhi-anuncia-freno-a-construcciones-y-trabajo-remoto-para-mitigar-la-polucion-en-invierno
La Razon,2026-09-28,08:12,Expocruz cierra con 536.079 visitantes y $us 221 millones en intenciones de negocios,https://larazon.bo/economia-y-empresa/2026/09/28/expocruz-cierra-con-536-079-visitantes-y-us-221-millones-en-intenciones-de-negocios/
Red Uno,2026-09-28,08:12,ABC reporta restricciones y desvíos en carreteras de seis departamentos,https://www.reduno.com.bo/noticias/abc-reporta-restricciones-y-desvios-en-carreteras-de-seis-departamentos-20269288539
Vision 360,2026-09-28,08:13,"Más de 1.500 millones de hectáreas de bosque están degradadas, según un informe de la FAO",https://www.vision360.bo/noticias/2026/09/28/69811-mas-de-1500-millones-de-hectareas-de-bosque-estan-degradadas-segun-un-informe-de-la-fao
La Razon,2026-09-28,08:18,La Alemania de Klopp sufre su primera tragedia griega,https://larazon.bo/marcas/2026/09/28/la-alemania-de-klopp-sufre-su-primera-tragedia-griega/
Opinion,2026-09-28,08:18,"El transporte urbano en La Paz es normal, pero no hay servicio hacia las provincias",https://www.opinion.com.bo/pais/transporte-urbano-paz-es-normal-servicio-provincias/20260928081819996771.html
Vision 360,2026-09-28,08:18,China confirma la prórroga de la tregua comercial con EEUU hasta enero de 2027,https://www.vision360.bo/noticias/2026/09/28/69814-china-confirma-la-prorroga-de-la-tregua-comercial-con-eeuu-hasta-enero-de-2027
El Deber,2026-09-28,08:19,Colombia: detienen a la esposa y a la hija del narcotraficante ecuatoriano Adolfo Macías,https://eldeber.com.bo/rfi/colombia-detienen-a-la-esposa-y-a-la-hija-del-narcotraficante-ecuatoriano-adolfo-macias-20269286715
Los Tiempos,2026-09-28,08:19,El País de Tarija denuncia escala del avión presidencial en exclusiva playa de Florida,https://www.lostiempos.com/actualidad/pais/20260928/pais-tarija-denuncia-escala-del-avion-presidencial-exclusiva-playa-florida
Unitel,2026-09-28,08:23,"Paro de transportistas es parcial, tiene su epicentro en Santa Cruz y Sucre, afirma el ministro de Defensa",https://unitel.bo/noticias/economia/paro-de-transportistas-es-parcial-tiene-su-epicentro-en-santa-cruz-y-sucre-afirma-el-ministro-de-defensa-FA23766322
Red Uno,2026-09-28,08:24,Distribución de garrafas de GLP en La Paz se mantiene con normalidad pese a emergencia del sector,https://www.reduno.com.bo/noticias/distribucion-de-garrafas-de-glp-en-la-paz-se-mantiene-con-normalidad-pese-a-emergencia-del-sector-20269287135
Vision 360,2026-09-28,08:30,Entre la duda y la fe: los cimientos todavía se mueven,https://www.vision360.bo/noticias/2026/09/28/69817-entre-la-duda-y-la-fe-los-cimientos-todavia-se-mueven
Los Tiempos,2026-09-28,08:32,"El itinerario del papa León XIV en Argentina, Uruguay y Perú",https://www.lostiempos.com/actualidad/mundo/20260928/itinerario-del-papa-leon-xiv-argentina-uruguay-peru
La Razon,2026-09-28,08:34,"Portugal, con CR7 en el banquillo, vence en Noruega",https://larazon.bo/marcas/2026/09/28/portugal-con-cr7-en-el-banquillo-vence-en-noruega/
Vision 360,2026-09-28,08:34,Trump insinúa que sustituirá la sala de prensa de la Casa Blanca por una piscina,https://www.vision360.bo/noticias/2026/09/28/69820-trump-insinua-que-sustituira-la-sala-de-prensa-de-la-casa-blanca-por-una-piscina
Los Tiempos,2026-09-28,08:36,"Policía y FFAA activan control ante anuncio de paro de choferes, hoy",https://www.lostiempos.com/actualidad/pais/20260928/policia-ffaa-activan-control-anuncio-paro-choferes-hoy
Vision 360,2026-09-28,08:36,Congo supera los 8.000 casos confirmados de ébola y se acerca a los 4.000 decesos,https://www.vision360.bo/noticias/2026/09/28/69823-congo-supera-los-8000-casos-confirmados-de-ebola-y-se-acerca-a-los-4000-decesos
La Razon,2026-09-28,08:38,Terminal de Buses de La Paz opera con normalidad; viajes a Yungas están suspendidos,https://larazon.bo/sociedad/2026/09/28/terminal-de-buses-de-la-paz-opera-con-normalidad-viajes-a-yungas-estan-suspendidos/
El Deber,2026-09-28,08:39,"El ""ejército bueno"" de TikTok que ayuda contra los acosadores",https://eldeber.com.bo/bbc/el-ejercito-bueno-de-tiktok-que-ayuda-contra-los-acosadores-20269288449
Los Tiempos,2026-09-28,08:39,"¿Desorientación ideológica y política, en la Asamblea?",https://www.lostiempos.com/actualidad/pais/20260928/desorientacion-ideologica-politica-asamblea
Vision 360,2026-09-28,08:39,"China califica el diálogo con EEUU como importante para una IA ""orientada al bien común""",https://www.vision360.bo/noticias/2026/09/28/69826-china-califica-el-dialogo-con-eeuu-como-importante-para-una-ia-orientada-al-bien-comun
La Razon,2026-09-28,08:40,Países Bajos logra en Serbia el primer triunfo era Xavi,https://larazon.bo/marcas/2026/09/28/paises-bajos-logra-en-serbia-el-primer-triunfo-era-xavi/
Opinion,2026-09-28,08:40,Transporte público opera con normalidad en Cochabamba y La Paz; Santa Cruz se queda sin micros,https://www.opinion.com.bo/pais/transporte-publico-opera-normalidad-cochabamba-paz-santa-cruz-queda-micros/20260928084048996773.html
Los Tiempos,2026-09-28,08:41,"Abren Playa Turquesa, un oasis de frescor en pleno centro urbano",https://www.lostiempos.com/actualidad/cochabamba/20260928/abren-playa-turquesa-oasis-frescor-pleno-centro-urbano
El Deber,2026-09-28,08:42,Venezuela libera a decenas de presos políticos mientras aumenta la presión para que el gobierno de Delcy Rodríguez convoque elecciones,https://eldeber.com.bo/bbc/venezuela-libera-a-decenas-de-presos-politicos-mientras-aumenta-la-presion-para-que-el-gobierno-de-delcy-rodriguez-convoque-elecciones-20269288614
Unitel,2026-09-28,08:42,Video: Mujer es golpeada por su pareja en vía pública y testigo propina un puñete al agresor,https://unitel.bo/noticias/seguridad/video-mujer-es-golpeada-por-su-pareja-en-via-publica-y-testigo-propina-un-punete-al-agresor-GA23766220
Red Uno,2026-09-28,08:43,“Vamos a fortalecer la investigación policial”: Espinoza anuncia nuevas tecnologías y drones en la Felcc Santa Cruz,https://www.reduno.com.bo/noticias/vamos-a-fortalecer-la-investigacion-policial-espinoza-anuncia-nuevas-tecnologias-y-drones-en-la-felcc-santa-cruz-202692875649
Unitel,2026-09-28,08:44,"Hasta el miércoles no entregarán combustible de aviación en el aeropuerto El Trompillo, reportan pilotos",https://unitel.bo/noticias/economia/hasta-el-miercoles-no-entregaran-combustible-de-aviacion-en-el-aeropuerto-el-trompillo-reportan-pilotos-EA23766714
Los Tiempos,2026-09-28,08:46,Cochabamba lleva 17 ejemplares a la Expoferia Nacional de Camélidos,https://www.lostiempos.com/actualidad/cochabamba/20260928/cochabamba-lleva-17-ejemplares-expoferia-nacional-camelidos
La Razon,2026-09-28,08:47,Entel y la Cámara de Comercio Internacional ICC Bolivia fortalecen su vínculo en el ecosistema empresarial,https://larazon.bo/espacio-empresarial/2026/09/28/entel-y-la-camara-de-comercio-internacional-icc-bolivia-fortalecen-su-vinculo-en-el-ecosistema-empresarial/
Los Tiempos,2026-09-28,08:47,Caen 28 ciudadanos bolivianos en Brasil con droga en sus estómagos,https://www.lostiempos.com/actualidad/seguridad/20260928/caen-28-ciudadanos-bolivianos-brasil-droga-sus-estomagos
Diez,2026-09-28,08:48,El ‘Pollo’ Flores vivió su esperado debut con la Verde,https://diez.bo/futbol/el-pollo-flores-vivio-su-esperado-debut-con-la-verde_1790599713
La Razon,2026-09-28,08:48,Ancelotti ante críticas contra Brasil: ‘No afecta la idea que tengo’,https://larazon.bo/marcas/2026/09/28/ancelotti-ante-criticas-contra-brasil-no-afecta-la-idea-que-tengo/
Los Tiempos,2026-09-28,08:49,"Bolivia cae frente a Paraguay 2-0 y se alista para Argentina, el miércoles",https://www.lostiempos.com/deportes/futbol/20260928/bolivia-cae-frente-paraguay-2-0-se-alista-argentina-miercoles
Vision 360,2026-09-28,08:49,Paro federado centrado en Santa Cruz: Gobierno ve más cerca la solución que el conflicto con el transporte,https://www.vision360.bo/noticias/2026/09/28/69829-paro-federado-centrado-en-santa-cruz-gobierno-ve-mas-cerca-la-solucion-que-el-conflicto-con-el-transporte
Los Tiempos,2026-09-28,08:51,Santa Cruz S.A. Agronegocio y mito empresarial,https://www.lostiempos.com/doble-click/cultura/20260928/santa-cruz-sa-agronegocio-mito-empresarial
Diez,2026-09-28,08:52,"Gambeta, coraje y personalidad: así fue el partido de Maraude",https://diez.bo/futbol/gambeta-coraje-y-personalidad-asi-fue-el-partido-de-maraude_1790599936
Diez,2026-09-28,08:54,"Sin club y sin ritmo, Viscarra volvió a mostrar jerarquía y seguridad",https://diez.bo/futbol/sin-club-y-sin-ritmo-viscarra-volvio-a-mostrar-jerarquia-y-seguridad_1790600076
El Deber,2026-09-28,08:54,"Sin micros y con clases a distancia, así afecta la falta de transporte urbano a Santa Cruz de la Sierra",https://eldeber.com.bo/santa-cruz/micros-clases-distancia-asi-afecta-falta-transporte-urbano-santa-cruz-sierra_1790599829
Los Tiempos,2026-09-28,08:54,"Amazonía sin cauce: minería, ganadería y deforestación dejaron a comunidades sin agua para beber",https://www.lostiempos.com/tendencias/medio-ambiente/20260928/amazonia-cauce-mineria-ganaderia-deforestacion-dejaron
Los Tiempos,2026-09-28,08:57,Semana 40: Destacados artistas nacionales animan la agenda cultural,https://www.lostiempos.com/doble-click/cultura/20260928/semana-40-destacados-artistas-nacionales-animan-agenda-cultural
La Razon,2026-09-28,08:58,España-Croacia o la lucha por controlar el juego,https://larazon.bo/marcas/2026/09/28/espana-croacia-o-la-lucha-por-controlar-el-juego/
Diez,2026-09-28,08:59,Recuperación y viaje: la agenda de la Verde antes de enfrentar a Argentina,https://diez.bo/futbol/recuperacion-y-viaje-la-agenda-de-la-verde-antes-de-enfrentar-a-argentina_1790600355
Vision 360,2026-09-28,09:03,Confederación de choferes analizará en una reunión si asiste o no al diálogo que convocó el Gobierno,https://www.vision360.bo/noticias/2026/09/28/69835-confederacion-de-choferes-analizara-en-una-reunion-si-asiste-o-no-al-dialogo-que-convoco-el-gobierno
El Deber,2026-09-28,09:05,Delincuentes golpean y maniatan a una pareja para robarle su vehículo,https://eldeber.com.bo/pais/delincuentes-golpean-maniatan-pareja-robarle-vehiculo_1790599220
Unitel,2026-09-28,09:05,Maniatan y atracan a una pareja en mirador de Cochabamba; se aprehendió a cuatro menores de edad,https://unitel.bo/noticias/seguridad/maniatan-y-atracan-a-una-pareja-en-mirador-de-cochabamba-se-aprehendio-a-cuatro-menores-de-edad-IA23767078
ANF,2026-09-28,09:08,Sólo Santa Cruz acata el paro de transporte convocado por la Confederación Sindical de Choferes de Bolivia,https://www.noticiasfides.com/economia/solo-santa-cruz-acata-el-paro-de-transporte-convocado-por-la-confederacion-sindical-de-choferes-de-bolivia
La Razon,2026-09-28,09:10,Gobierno estudia viabilidad del uso de gas natural licuado para el transporte pesado,https://larazon.bo/economia-y-empresa/2026/09/28/gobierno-estudia-viabilidad-del-uso-de-gas-natural-licuado-para-el-transporte-pesado/
La Razon,2026-09-28,09:10,El Maracaná vibra con tercer juego del fútbol americano,https://larazon.bo/marcas/2026/09/28/el-maracana-vibra-con-tercer-juego-del-futbol-americano/
Red Uno,2026-09-28,09:12,Detienen en Brasil a bolivianos que llevaban cápsulas de cocaína en sus cuerpos,https://www.reduno.com.bo/noticias/detienen-en-brasil-a-bolivianos-que-llevaban-capsulas-de-cocaina-en-sus-cuerpos-202692872856
Los Tiempos,2026-09-28,09:15,Cuatro departamentos acatan repliegue de transporte; Gobierno convoca al diálogo para este martes,https://www.lostiempos.com/actualidad/pais/20260928/cuatro-departamentos-acatan-repliegue-transporte-gobierno-convoca-al
El Deber,2026-09-28,09:18,Nací mientras mi madre estaba en un pulmón de acero,https://eldeber.com.bo/bbc/naci-mientras-mi-madre-estaba-en-un-pulmon-de-acero-20269289618
La Razon,2026-09-28,09:18,Zverev sella el título de Europa en la Laver Cup,https://larazon.bo/marcas/2026/09/28/zverev-sella-el-titulo-de-europa-en-la-laver-cup/
Unitel,2026-09-28,09:20,¿GNL para el transporte pesado? El Gobierno activa estudios para establecer su factibilidad,https://unitel.bo/noticias/economia/gnl-para-el-transporte-pesado-el-gobierno-activa-estudios-para-establecer-su-factibilidad-BA23767273
Red Uno,2026-09-28,09:21,Lee Majors reaparece 50 años después de su icónico papel en ‘The Six Million Dollar Man’,https://www.reduno.com.bo/noticias/lee-majors-reaparece-50-anos-despues-de-su-iconico-papel-en-the-six-million-dollar-man-20269287249
El Deber,2026-09-28,09:24,La campaña “Dale Campeón” cierra con broche de oro sorteando un auto eléctrico en Expocruz,https://eldeber.com.bo/te-puede-interesar/campana-dale-campeon-cierra-broche-oro-sorteando-auto-electrico-expocruz_1790601883
La Razon,2026-09-28,09:26,"Uruguay golea 4-1 en Corea del Sur, primer exito de Forlán",https://larazon.bo/marcas/2026/09/28/uruguay-golea-4-1-en-corea-del-sur-primer-exito-de-forlan/
El Deber,2026-09-28,09:30,León XIV llama a “sacrificar posiciones” en nombre de la paz en Europa,https://eldeber.com.bo/rfi/leon-xiv-llama-a-sacrificar-posiciones-en-nombre-de-la-paz-en-europa-202692891258
Red Uno,2026-09-28,09:31,¿Salen o no los buses? Así opera la Terminal Bimodal este lunes,https://www.reduno.com.bo/noticias/salen-o-no-los-buses-asi-opera-la-terminal-bimodal-este-lunes-202692873656
Unitel,2026-09-28,09:32,Marcha de micreros exige tarifa transitoria y derogación del decreto que elimina la subvención al diésel,https://unitel.bo/noticias/economia/marcha-de-micreros-exige-tarifa-transitoria-y-derogacion-del-decreto-que-elimina-la-subvencion-al-diesel-BA23766986
Red Uno,2026-09-28,09:33,Cochabamba: transporte mantiene el servicio; Policía vigila vías principales,https://www.reduno.com.bo/noticias/cochabamba-transporte-mantiene-el-servicio-policia-vigila-vias-principales-202692891447
ERBOL,2026-09-28,09:34,Muertes bajo custodia estatal: el silencioso circuito de la impunidad,https://erbol.com.bo/seguridad/muertes-bajo-custodia-estatal-el-silencioso-circuito-de-la-impunidad
La Razon,2026-09-28,09:35,Rige alerta por fuertes vientos y riesgo de desborde de ríos en 5 departamentos,https://larazon.bo/sociedad/2026/09/28/rige-alerta-por-fuertes-vientos-y-riesgo-de-desborde-de-rios-en-5-departamentos/
La Razon,2026-09-28,09:36,Monasterio acaba cuarto en el Sudamericano Pre Juvenil de Golf,https://larazon.bo/marcas/2026/09/28/monasterio-acaba-cuarto-en-el-sudamericano-pre-juvenil-de-golf/
Diez,2026-09-28,09:37,Paulucci se queda con lo bueno y apunta a levantar a Blooming,https://diez.bo/blooming/paulucci-se-queda-con-lo-bueno-y-apunta-a-levantar-a-blooming_1790602633
El Diario,2026-09-28,09:37,Recursos del FMI para energías verdes,https://www.eldiario.net/portal/2026/09/28/recursos-del-fmi-para-energias-verdes-0937/
Vision 360,2026-09-28,09:37,Corea del Sur exige disculpas a Ucrania por revelar el envío de prisioneros norcoreanos,https://www.vision360.bo/noticias/2026/09/28/69841-corea-del-sur-exige-disculpas-a-ucrania-por-revelar-el-envio-de-prisioneros-norcoreanos
Vision 360,2026-09-28,09:39,José Luis Montaño brilla en destacado campeonato amateur estadounidense,https://www.vision360.bo/noticias/2026/09/28/69838-jose-luis-montano-brilla-en-destacado-campeonato-amateur-estadounidense
Red Uno,2026-09-28,09:41,Maestros en Santa Cruz pasan clases virtuales y anuncian marcha para este miércoles,https://www.reduno.com.bo/noticias/maestros-en-santa-cruz-pasan-clases-virtuales-y-anuncian-marcha-para-este-miercoles-202692875619
El Diario,2026-09-28,09:44,"Terminales del eje central operan con normalidad, pero Minasa suspende salidas",https://www.eldiario.net/portal/2026/09/28/terminales-del-eje-central-operan-con-normalidad-pero-minasa-suspende-salidas-0944/
ERBOL,2026-09-28,09:48,Registran intensa actividad minera ilegal cerca del Parque Madidi con el uso de maquinaria pesada,https://erbol.com.bo/gente/registran-intensa-actividad-minera-ilegal-cerca-del-parque-madidi-con-el-uso-de-maquinaria
La Razon,2026-09-28,09:48,Bolivia finaliza entre los 75 mejores de la Olimpiada Mundial,https://larazon.bo/marcas/2026/09/28/bolivia-finaliza-entre-los-75-mejores-de-la-olimpiada-mundial/
El Deber,2026-09-28,09:50,"El reestreno de 'Avengers: Endgame', con más metraje, líder en taquilla, con 86 millones",https://eldeber.com.bo/cultura-y-entretenimiento/reestreno-avengers-endgame-metraje-lider-taquilla-86-millones_1790603454
El Deber,2026-09-28,09:52,"Gobierno en medio del paro parcial: “La gran mayoría encontró solución, es cuestión de tiempo”",https://eldeber.com.bo/pais/gobierno-medio-paro-parcial-gran-mayoria-encontro-solucion-cuestion-tiempo_1790602797
Red Uno,2026-09-28,09:52,Mujer fue hallada sin vida debajo de un catre en Sacaba: esto reveló la autopsia,https://www.reduno.com.bo/noticias/mujer-fue-hallada-sin-vida-debajo-de-un-catre-en-sacaba-esto-revelo-la-autopsia-20269288233
La Razon,2026-09-28,09:55,"Con programa Patria, Gobierno impulsa renovación y transformación del transporte público",https://larazon.bo/economia-y-empresa/2026/09/28/con-programa-patria-gobierno-impulsa-importacion-de-vehiculos-electricos-a-gnv-o-hibridos/
La Razon,2026-09-28,09:57,Montaño destaca en prestigioso torneo estadounidense de golf,https://larazon.bo/marcas/2026/09/28/montano-destaca-en-prestigioso-torneo-estadounidense-de-golf/
Unitel,2026-09-28,09:59,Denuncian que en Beni no reciben combustible de aviación hace más de una semana; en Santa Cruz suman tres días,https://unitel.bo/noticias/economia/denuncian-que-en-beni-no-reciben-combustible-de-aviacion-hace-mas-de-una-semana-en-santa-cruz-suman-tres-dias-OA23768143
Diez,2026-09-28,10:00,Oriente quiere limpiar su imagen y volver al liderato,https://diez.bo/oriente-petrolero/oriente-quiere-limpiar-su-imagen-y-volver-al-liderato_1790604053
El Deber,2026-09-28,10:02,Por qué están cerrando miles de empresas en Argentina y qué dice de la economía en la era Milei,https://eldeber.com.bo/bbc/por-que-estan-cerrando-miles-de-empresas-en-argentina-y-que-dice-de-la-economia-en-la-era-milei--202692881757
El Deber,2026-09-28,10:02,Micreros de Santa Cruz de la Sierra marchan en contra del DS 5716 y exigen una tarifa transitoria del pasaje,https://eldeber.com.bo/santa-cruz/micreros-santa-cruz-sierra-marchan-ds-5716-exigen-tarifa-transitoria-pasaje_1790603625
ANF,2026-09-28,10:05,Confederación de Empresarios pide al Gobierno acelerar la protección social para las familias vulnerables,https://www.noticiasfides.com/economia/confederacion-de-empresarios-pide-al-gobierno-acelerar-la-proteccion-social-para-las-familias-vulnerables
Vision 360,2026-09-28,10:06,La Uruguay de Forlán aplasta a Corea del Sur y la devuelve a la realidad,https://www.vision360.bo/noticias/2026/09/28/69844-la-uruguay-de-forlan-aplasta-a-corea-del-sur-y-la-devuelve-a-la-realidad
Diez,2026-09-28,10:10,Uruguay resurge con una goleada ante Corea del Sur,https://diez.bo/futbol/uruguay-resurge-con-una-goleada-ante-corea-del-sur_1790604636
Unitel,2026-09-28,10:10,La Confederación de Choferes confirma asistencia a la reunión con el Gobierno para este martes,https://unitel.bo/noticias/economia/la-confederacion-de-choferes-confirma-asistencia-a-la-reunion-con-el-gobierno-para-este-martes-IA23768231
Opinion,2026-09-28,10:12,Senamhi activa alertas amarilla y naranja por crecidas de ríos en siete departamentos,https://www.opinion.com.bo/pais/senamhi-activa-alertas-amarilla-naranja-crecidas-rios-siete-departamentos/20260928101250996775.html
Diez,2026-09-28,10:14,Japón remonta ante Venezuela con un penal en el descuento,https://diez.bo/futbol/japon-remonta-ante-venezuela-con-un-penal-en-el-descuento_1790604892
Unitel,2026-09-28,10:15,"Suspenden viajes en las terminales de El Alto y Minasa, pero los buses operan de manera normal desde La Paz",https://unitel.bo/noticias/economia/suspenden-viajes-en-las-terminales-de-el-alto-y-minasa-pero-los-buses-operan-de-manera-normal-desde-la-paz-LA23768322
Red Uno,2026-09-28,10:18,Uagrm anuncia clases virtuales este lunes por el paro de transporte en Santa Cruz de la Sierra,https://www.reduno.com.bo/noticias/uagrm-anuncia-clases-virtuales-este-lunes-por-el-paro-de-transporte-en-santa-cruz-de-la-sierra-20269281095
Opinion,2026-09-28,10:19,Choferes asistirán al diálogo con el Gobierno y exigirán la abrogación del Decreto Supremo 5716,https://www.opinion.com.bo/pais/choferes-asistiran-dialogo-gobierno-exigiran-abrogacion-decreto-supremo-5716/20260928101945996776.html
ANF,2026-09-28,10:22,ONU y Unifranz acuerdan impulsar el desarrollo sostenible en Bolivia,https://www.noticiasfides.com/innovacion-y-educacion/onu-y-unifranz-acuerdan-impulsar-el-desarrollo-sostenible-en-bolivia
Vision 360,2026-09-28,10:28,Franco Arancibia destaca en República Dominicana con el subcampeonato en Sub-18,https://www.vision360.bo/noticias/2026/09/28/69832-franco-arancibia-destaca-en-republica-dominicana-con-el-subcampeonato-en-sub-18
Opinion,2026-09-28,10:29,Justiniano responde al ultimátum del evismo y advierte con “uso de la fuerza” ante amenazas de bloqueos,https://www.opinion.com.bo/pais/justiniano-responde-ultimatum-evismo-advierte-uso-fuerza-amenazas-bloqueos/20260928102943996778.html
Red Uno,2026-09-28,10:30,"Santa Cruz tendrá de todo esta semana: 42 °C, vientos fuertes, lluvias y un leve ingreso de sur",https://www.reduno.com.bo/noticias/santa-cruz-tendra-de-todo-esta-semana-42-c-vientos-fuertes-lluvias-y-un-leve-ingreso-de-sur-202692892814
Vision 360,2026-09-28,10:30,"Tras el fin de la subvención, Bolivia apuesta por el GNL en camiones de carga para reducir costos y reemplazar el diésel",https://www.vision360.bo/noticias/2026/09/28/69847-tras-el-fin-de-la-subvencion-bolivia-apuesta-por-el-gnl-en-camiones-de-carga-para-reducir-costos-y-reemplazar-el-diesel
Diez,2026-09-28,10:32,"El mensaje de Alfaro para Bolivia: “Sean tolerantes, pacientes y apoyen este proceso”",https://diez.bo/futbol/el-mensaje-de-alfaro-para-bolivia-sean-tolerantes-pacientes-y-apoyen-este-proceso_1790605948
El Deber,2026-09-28,10:34,"""El ganado se está muriendo de sed y hambre"": el devastador impacto de El Niño que ya se siente en el Corredor Seco de Centroamérica",https://eldeber.com.bo/bbc/-el-ganado-se-esta-muriendo-de-sed-y-hambre-el-devastador-impacto-de-el-nino-que-ya-se-siente-en-el-corredor-seco-de-centroamerica-2026928105657
ERBOL,2026-09-28,10:35,"“Las FFAA están listas para defender al pueblo”, dice el comandante tras ultimátum de Evo",https://erbol.com.bo/seguridad/%E2%80%9Clas-ffaa-est%C3%A1n-listas-para-defender-al-pueblo%E2%80%9D-dice-el-comandante-tras-ultim%C3%A1tum-de-evo
Red Uno,2026-09-28,10:37,Alerta por crecida de ríos: seis departamentos están bajo prioridad amarilla y naranja,https://www.reduno.com.bo/noticias/alerta-por-crecida-de-rios-seis-departamentos-estan-bajo-prioridad-amarilla-y-naranja-20269289525
Diez,2026-09-28,10:43,Jugadores y exjugadores de Ciudad Nueva Santa Cruz reclaman meses de salarios,https://diez.bo/futbol/jugadores-y-exjugadores-de-ciudad-nueva-santa-cruz-reclaman-meses-de-salarios_1790606613
El Diario,2026-09-28,10:43,Paro de transporte fuerza clases virtuales en 3 departamentos,https://www.eldiario.net/portal/2026/09/28/paro-de-transporte-fuerza-clases-virtuales-en-3-departamentos-1043/
Opinion,2026-09-28,10:44,Registran intensa actividad minera ilegal cerca del Parque Madidi con uso de maquinaria pesada,https://www.opinion.com.bo/pais/registran-intensa-actividad-minera-ilegal-cerca-parque-madidi-uso-maquinaria-pesada/20260928104433996780.html
El Deber,2026-09-28,10:51,"Ministro de Defensa: “Evo miente todo el tiempo, está en una situación desesperada para buscar conflicto”",https://eldeber.com.bo/pais/ministro-defensa-evo-miente-todo-tiempo-esta-situacion-desesperada-buscar-conflicto_1790606175
El Deber,2026-09-28,10:51,Cuatro Cañadas sin salidas interprovinciales e intermunicipales,https://eldeber.com.bo/santa-cruz/cuatro-canadas-salidas-interprovinciales-intermunicipales_1790607104
La Razon,2026-09-28,10:54,Confederación de Choferes acudirá el martes al diálogo con el Gobierno,https://larazon.bo/economia-y-empresa/2026/09/28/confederacion-de-choferes-acudira-al-dialogo-para-analizar-ofertas-del-gobierno/
Red Uno,2026-09-28,10:55,La Gabriel pasa virtual en la capital: ¿qué ocurre con las 6 facultades de provincias?,https://www.reduno.com.bo/noticias/la-gabriel-pasa-virtual-en-la-capital-que-ocurre-con-las-6-facultades-de-provincias-2026928104156
Vision 360,2026-09-28,10:55,Alertan riesgo de desborde de ríos en cinco departamentos de Bolivia,https://www.vision360.bo/noticias/2026/09/28/69850-alertan-riesgo-de-desborde-de-rios-en-cinco-departamentos-de-bolivia
Unitel,2026-09-28,10:57,"“Las FFAA están listas para defender al pueblo”, afirma su comandante tras las amenazas de Evo",https://unitel.bo/noticias/politica/las-ffaa-estan-listas-para-defender-al-pueblo-afirma-su-comandante-tras-las-amenazas-de-evo-OA23769016
El Deber,2026-09-28,10:58,Reducen a un hombre que amenazó con un arma a clientes en un billar,https://eldeber.com.bo/santa-cruz/reducen-hombre-amenazo-arma-clientes-billar_1790607382
Unitel,2026-09-28,10:58,"Mariaca en acto con fiscales: “El que no tenga la capacidad, que se retire del Ministerio Público”",https://unitel.bo/noticias/seguridad/mariaca-en-acto-con-fiscales-el-que-no-tenga-la-capacidad-que-se-retire-del-ministerio-publico-JA23769055
Red Uno,2026-09-28,10:59,Choferes asalariados rechazan el paro y cuestionan pasaje de Bs 6,https://www.reduno.com.bo/noticias/choferes-asalariados-rechazan-el-paro-y-cuestionan-pasaje-de-bs-6-202692882441
Red Uno,2026-09-28,11:01,Fin de semana trágico: accidentes dejan dos muertos y varios heridos en Cochabamba,https://www.reduno.com.bo/noticias/fin-de-semana-tragico-accidentes-dejan-dos-muertos-y-varios-heridos-en-cochabamba-202692882717
El Deber,2026-09-28,11:02,Caso “Narcomaderas”: ¡la Cancillería debe ejercer la protección consular ya!,https://eldeber.com.bo/opinion/caso-narcomaderas-cancilleria-debe-ejercer-proteccion-consular_1790607735
El Deber,2026-09-28,11:03,Lula agranda a seis puntos su ventaja con Flávio Bolsonaro a seis días de las elecciones,https://eldeber.com.bo/mundo/lula-agranda-seis-puntos-ventaja-flavio-bolsonaro-seis-dias-elecciones_1790607786
Opinion,2026-09-28,11:04,ONU y Unifranz acuerdan impulsar el desarrollo sostenible en Bolivia,https://www.opinion.com.bo/innovacion-educativa/onu-unifranz-acuerdan-impulsar-desarrollo-sostenible-bolivia/20260928110404996782.html
Unitel,2026-09-28,11:06,"Inundaciones en Tailandia dejan ocho fallecidos y 1,8 millones de personas afectadas",https://unitel.bo/noticias/mundo/inundaciones-en-tailandia-dejan-ocho-fallecidos-y-18-millones-de-personas-afectadas-OA23769153
Red Uno,2026-09-28,11:07,"¡Atención, contribuyentes! Últimos días para pagar deudas municipales sin multas ni intereses con el perdonazo",https://www.reduno.com.bo/noticias/atencion-contribuyentes-ultimos-dias-para-pagar-deudas-municipales-sin-multas-ni-intereses-con-el-perdonazo-2026928104920
Vision 360,2026-09-28,11:08,El regreso de Patricio Rodríguez a las canchas se hará esperar,https://www.vision360.bo/noticias/2026/09/28/69853-el-regreso-de-patricio-rodriguez-a-las-canchas-se-hara-esperar
El Deber,2026-09-28,11:09,"No hay salida de buses interdepartamentales desde Santa Cruz este lunes, debido al repliegue de transporte",https://eldeber.com.bo/santa-cruz/no-hay-salida-buses-interdepartamentales-santa-cruz-este-lunes-debido-repliegue-transporte_1790607853
Los Tiempos,2026-09-28,11:09,Quillacollo inicia procesos por cierre del botadero y la excavación de zanjas en el camino,https://www.lostiempos.com/actualidad/cochabamba/20260928/quillacollo-inicia-procesos-cierre-del-botadero-excavacion-zanjas
Red Uno,2026-09-28,11:09,“Está tratando de buscar crédito político”: Justiniano cuestiona las movilizaciones anunciadas por Evo,https://www.reduno.com.bo/noticias/esta-tratando-de-buscar-credito-politico-justiniano-cuestiona-las-movilizaciones-anunciadas-por-evo-202692884843
ANF,2026-09-28,11:10,Mariaca a sus fiscales: El que no tenga la capacidad para enfrentar al crimen organizado que se retire,https://www.noticiasfides.com/nacional/seguridad/mariaca-a-sus-fiscales-el-que-no-tenga-la-capacidad-para-enfrentar-al-crimen-organizado-que-se-retire
El Deber,2026-09-28,11:13,Confederación de Choferes acepta ir al diálogo con el Gobierno este martes,https://eldeber.com.bo/pais/confederacion-choferes-acepta-ir-dialogo-gobierno-este-martes_1790608133
Vision 360,2026-09-28,11:14,YPFB sube en cerca de dos bolivianos el precio del diésel importado para su venta en Bolivia,https://www.vision360.bo/noticias/2026/09/28/69856-ypfb-sube-en-cerca-de-dos-bolivianos-el-precio-del-diesel-importado-para-su-venta-en-bolivia
Red Uno,2026-09-28,11:17,Zanjas impiden el ingreso al botadero de Cotapachi; Quillacollo modifica la recolección de basura,https://www.reduno.com.bo/noticias/zanjas-impiden-el-ingreso-al-botadero-de-cotapachi-quillacollo-modifica-la-recoleccion-de-basura-202692885021
Red Uno,2026-09-28,11:18,Paro de transporte complica la movilidad en la capital cruceña y obliga a pasajeros a buscar otras alternativas,https://www.reduno.com.bo/noticias/paro-de-transporte-complica-la-movilidad-en-la-capital-crucena-y-obliga-a-pasajeros-a-buscar-otras-alternativas-20269288500
Opinion,2026-09-28,11:21,Premio Santa Cruz a la Excelencia Intelectual reconoce la trayectoria educativa de Unifranz,https://www.opinion.com.bo/innovacion-educativa/premio-santa-cruz-excelencia-intelectual-reconoce-trayectoria-educativa-unifranz/20260928112135996784.html
El Deber,2026-09-28,11:22,Micreros toman el centro cruceño y proponen una nueva tarifa en el pasaje de transporte urbano,https://eldeber.com.bo/santa-cruz/micreros-toman-centro-cruceno-proponen-nueva-tarifa-pasaje-transporte-urbano_1790608554
Unitel,2026-09-28,11:24,Caen 28 bolivianos en Brasil que transportaban un promedio de 90 cápsulas de droga en el estómago,https://unitel.bo/noticias/seguridad/caen-28-bolivianos-en-brasil-que-transportaban-un-promedio-de-90-capsulas-de-droga-en-el-estomago-FB23770050
El Deber,2026-09-28,11:25,Transportistas de Yapacaní marchan contra la eliminación de la subvención al diésel,https://eldeber.com.bo/santa-cruz/transportistas-yapacani-marchan-eliminacion-subvencion-diesel_1790609146
El Deber,2026-09-28,11:26,Achiras: Comunarios reclaman por ausencia de autoridades y aseguran que ellos mismos reconstruyen sus viviendas,https://eldeber.com.bo/santa-cruz/achiras-comunarios-reclaman-ausencia-autoridades-aseguran-ellos-mismos-reconstruyen-viviendas_1790608474
El Diario,2026-09-28,11:26,Morales busca protagonismo político a través de amenazas,https://www.eldiario.net/portal/2026/09/28/morales-busca-protagonismo-politico-a-traves-de-amenazas/
Red Uno,2026-09-28,11:27,¿Cuánto debería costar el pasaje? Ingenieros plantean un estudio técnico,https://www.reduno.com.bo/noticias/cuanto-deberia-costar-el-pasaje-ingenieros-plantean-un-estudio-tecnico-202692891852
Vision 360,2026-09-28,11:27,Confederación de choferes confirma su asistencia a la reunión que convocó el Gobierno para este martes,https://www.vision360.bo/noticias/2026/09/28/69859-confederacion-de-choferes-confirma-su-asistencia-a-la-reunion-que-convoco-el-gobierno-para-este-martes
Unitel,2026-09-28,11:28,"Milagro en La Paz: Nacen trillizas, Revilla y Maricruz son los padrinos, pero la familia necesita ayuda",https://unitel.bo/noticias/sociedad/milagro-en-la-paz-nacen-trillizas-revilla-y-maricruz-son-los-padrinos-pero-la-familia-necesita-ayuda-JA23769707
El Diario,2026-09-28,11:29,Felcc anuncia modernización de sus labores investigativas,https://www.eldiario.net/portal/2026/09/28/felcc-anuncia-modernizacion-de-sus-labores-investigativas/
Red Uno,2026-09-28,11:29,Diprove recupera en Patacamaya una camioneta robada en Chile que era ofrecida en redes sociales,https://www.reduno.com.bo/noticias/diprove-recupera-en-patacamaya-una-camioneta-robada-en-chile-que-era-ofrecida-en-redes-sociales-20269289733
El Diario,2026-09-28,11:31,Convocan a donantes de sangre para transfusiones a niños con cáncer,https://www.eldiario.net/portal/2026/09/28/convocan-a-donantes-de-sangre-para-transfusiones-a-ninos-con-cancer/
El Diario,2026-09-28,11:33,Drones rusos causan 3 decesos en las zonas civiles de Ucrania,https://www.eldiario.net/portal/2026/09/28/drones-rusos-causan-3-decesos-en-las-zonas-civiles-de-ucrania/
Unitel,2026-09-28,11:33,Municipios de Santa Cruz en emergencia por incendios y movilizan a 76 personas,https://unitel.bo/noticias/sociedad/municipios-de-santa-cruz-en-emergencia-por-incendios-y-movilizan-a-76-personas-LA23769741
Diez,2026-09-28,11:36,Selección: El partido del miércoles ante Argentina será desde las 20.00 (hora de Bolivia),https://diez.bo/futbol/seleccion-el-partido-del-miercoles-ante-argentina-sera-desde-las-20-00-hora-de-bolivia_1790608640
El Deber,2026-09-28,11:37,Tres personas mueren ahogadas en la laguna Guapilo,https://eldeber.com.bo/santa-cruz/tres-personas-mueren-ahogadas-laguna-guapilo_1790609631
Diez,2026-09-28,11:38,Bolívar suma tecnología para cuidar y potenciar a sus jugadores,https://diez.bo/bolivar/bolivar-suma-tecnologia-para-cuidar-y-potenciar-a-sus-jugadores_1790609773
El Deber,2026-09-28,11:42,Gobierno convoca a los choferes al diálogo en medio del paro por el diésel,https://eldeber.com.bo/economia/gobierno-convoca-choferes-dialogo-medio-paro-diesel_1790609235
La Razon,2026-09-28,11:44,Defensa califica de ‘incorrecto’ el paseo de Tatiana Marset en Expocruz,https://larazon.bo/nacional/2026/09/28/defensa-califica-de-incorrecto-el-paseo-de-tatiana-marset-en-expocruz/
Red Uno,2026-09-28,11:44,Tragedia en Santa Cruz: tres personas pierden la vida en la Laguna Guapilo,https://www.reduno.com.bo/noticias/tragedia-en-santa-cruz-tres-personas-pierden-la-vida-en-la-laguna-guapilo-202692811250
El Deber,2026-09-28,11:45,Honda Motos premia a sus clientes en Expocruz,https://eldeber.com.bo/te-puede-interesar/honda-motos-premia-clientes-expocruz_1790602252
El Diario,2026-09-28,11:45,"Gigantesco deslizamiento en Mustang, Nepal, bloquea carreteras",https://www.eldiario.net/portal/2026/09/28/gigantesco-deslizamiento-en-mustang-nepal-bloquea-carreteras-1127/
El Diario,2026-09-28,11:46,Choferes acatan paro parcial e irán al diálogo con el Gobierno este martes,https://www.eldiario.net/portal/2026/09/28/choferes-acatan-paro-parcial-e-iran-al-dialogo-con-el-gobierno-este-martes-1145/
El Deber,2026-09-28,11:49,Gobernación activa respuesta ante incendios y mantiene vigilancia en zonas de riesgo,https://eldeber.com.bo/santa-cruz/gobernacion-activa-respuesta-incendios-mantiene-vigilancia-zonas-riesgo_1790609753
ANF,2026-09-28,11:50,"Entre enero y julio de este año, Bolivia exportó 21.232.926 kilos de carne bovina y sus derivados, el 88% fue a China",https://www.noticiasfides.com/economia/entre-enero-y-julio-de-este-ano-bolivia-exporto-21-232-926-kilos-de-carne-bovina-y-sus-derivados-el-88-fue-a-china
El Deber,2026-09-28,11:53,El Gobierno advierte que bloqueos o tomas de infraestructura serán respondidos “mediante la fuerza”,https://eldeber.com.bo/pais/gobierno-advierte-bloqueos-tomas-infraestructura-seran-respondidos-mediante-fuerza_1790610442
Unitel,2026-09-28,11:53,Tres muertos en Laguna Guapilo: Una niña que ingresó al agua y sus padres que intentaron salvarla,https://unitel.bo/noticias/seguridad/tres-muertos-en-laguna-guapilo-una-nina-que-ingreso-al-agua-y-sus-padres-que-intentaron-salvarla-JB23770229
Vision 360,2026-09-28,11:54,"Detectan un aumento acelerado de construcciones irregulares en Kantutani Bajo, zona afectada por un deslizamiento",https://www.vision360.bo/noticias/2026/09/28/69868-detectan-un-aumento-acelerado-de-construcciones-irregulares-en-kantutani-bajo-zona-afectada-por-un-deslizamiento
El Deber,2026-09-28,11:57,Renzo Abruzesse: “La inactividad del Gobierno permitió reorganizar a la izquierda radical”,https://eldeber.com.bo/pais/renzo-abruzesse-inactividad-gobierno-permitio-reorganizar-izquierda-radical_1790610454
La Razon,2026-09-28,11:59,Justiniano pide paciencia mientras el Gobierno busca que Evo se presente ante la Justicia,https://larazon.bo/nacional/2026/09/28/justiniano-pide-paciencia-mientras-el-gobierno-busca-que-evo-se-presente-ante-la-justicia/
Red Uno,2026-09-28,11:59,¿Necesitas un descanso? Estos son los feriados que quedan en Bolivia este 2026,https://www.reduno.com.bo/noticias/necesitas-un-descanso-estos-son-los-feriados-que-quedan-en-bolivia-este-2026-202692810853
ERBOL,2026-09-28,12:00,Choferes acudirán al diálogo con el Gobierno este martes,https://erbol.com.bo/econom%C3%ADa/choferes-acudir%C3%A1n-al-di%C3%A1logo-con-el-gobierno-este-martes
La Razon,2026-09-28,12:00,"El Trompillo no recibirá combustible de aviación hasta el miércoles, reportan pilotos",https://larazon.bo/economia-y-empresa/2026/09/28/el-trompillo-no-recibira-combustible-de-aviacion-hasta-el-miercoles-reportan-pilotos/
Red Uno,2026-09-28,12:01,¿Seguirán las clases virtuales mañana en Santa Cruz? Esto dijo el director departamental,https://www.reduno.com.bo/noticias/seguiran-las-clases-virtuales-manana-en-santa-cruz-esto-dijo-el-director-departamental-20269281210
Red Uno,2026-09-28,12:01,Transportistas marcharon hasta el centro cruceño y Policía desplegó resguardo en el Concejo Municipal,https://www.reduno.com.bo/noticias/transportistas-marcharon-hasta-el-centro-cruceno-y-policia-desplego-resguardo-en-el-concejo-municipal-202692811720
Vision 360,2026-09-28,12:02,La Verde cumplió un trabajo de recuperación en Washington y por la tarde viaja a Córdoba,https://www.vision360.bo/noticias/2026/09/28/69871-la-verde-cumplio-un-trabajo-de-recuperacion-en-washington-y-por-la-tarde-viaja-a-cordoba
Red Uno,2026-09-28,12:03,Clausuran cinco consultorios clandestinos en La Paz por irregularidades,https://www.reduno.com.bo/noticias/clausuran-cinco-consultorios-clandestinos-en-la-paz-por-irregularidades-202692894528
Diez,2026-09-28,12:04,Vozinha confiesa que perdió su paz tras el Mundial y extraña su vida de antes,https://diez.bo/futbol/vozinha-confiesa-que-perdio-su-paz-tras-el-mundial-y-extrana-su-vida-de-antes_1790611481
Unitel,2026-09-28,12:06,"Sin micros, con clases a distancia y problemas para desplazarse, así transcurre el paro en Santa Cruz",https://unitel.bo/noticias/sociedad/sin-micros-con-clases-a-distancia-y-problemas-para-desplazarse-asi-transcurre-el-paro-en-santa-cruz-IB23770923
Opinion,2026-09-28,12:07,Mercurio: La vida que se apaga en Eyiyoquibo,https://www.opinion.com.bo/pais/vida-que-apaga-eyiyoquibo/20260928120757996787.html
El Deber,2026-09-28,12:09,La ATT prepara nueva estructura tarifaria y dice que el diésel representa hasta 27% del costo de los buses,https://eldeber.com.bo/economia/att-prepara-nueva-estructura-tarifaria-dice-diesel-representa-27-costo-buses_1790611058
Red Uno,2026-09-28,12:09,Este es el calendario de fechas importantes que quedan en Bolivia este 2026,https://www.reduno.com.bo/noticias/este-es-el-calendario-de-fechas-importantes-que-quedan-en-bolivia-este-2026-2026928103157
Red Uno,2026-09-28,12:09,"Tomate, carne y pollo: estos son los precios que se encuentran en Cochabamba",https://www.reduno.com.bo/noticias/tomate-carne-y-pollo-estos-son-los-precios-que-se-encuentran-en-cochabamba-2026928101332
El Diario,2026-09-28,12:13,Marcha de transportistas colapsa el centro cruceño por el pasaje y el diésel,https://www.eldiario.net/portal/2026/09/28/marcha-de-transportistas-colapsa-el-centro-cruceno-por-el-pasaje-y-el-diesel-1150/
La Razon,2026-09-28,12:16,UE reafirma apoyo a energías renovables en visita a Warnes II,https://larazon.bo/economia-y-empresa/2026/09/28/ue-reafirma-apoyo-a-energias-renovables-en-visita-a-warnes-ii/
El Deber,2026-09-28,12:18,Balance: Gobierno ve débil el repliegue del transporte y apuesta por renovar buses antes que volver al subsidio,https://eldeber.com.bo/pais/balance-gobierno-ve-debil-repliegue-transporte-apuesta-renovar-buses-antes-volver-subsidio_1790611126
Red Uno,2026-09-28,12:18,Hallan a un hombre sin vida y maniatado debajo de un puente en Cochabamba,https://www.reduno.com.bo/noticias/hallan-a-un-hombre-sin-vida-y-maniatado-debajo-de-un-puente-en-cochabamba-2026928111628
Los Tiempos,2026-09-28,12:21,Expocruz 2026 cierra con récord de 536.000 visitantes y $us 221 millones en intenciones de negocios,https://www.lostiempos.com/actualidad/economia/20260928/expocruz-2026-cierra-record-536000-visitantes-us-221-millones
ANF,2026-09-28,12:23,La burocracia como barrera: denuncian un sistema penal que prolonga la indefensión en Bolivia,https://www.noticiasfides.com/justicia/la-burocracia-como-barrera-denuncian-un-sistema-penal-que-prolonga-la-indefension-en-bolivia
El Deber,2026-09-28,12:24,"EEUU ha expulsado al menos a 23.000 migrantes a terceros países, según expertos de la ONU",https://eldeber.com.bo/mundo/eeuu-ha-expulsado-menos-23-000-migrantes-terceros-paises-expertos-onu_1790612680
Opinion,2026-09-28,12:24,Autopsia confirma 32 heridas punzocortantes en mujer hallada muerta en Sacaba; buscan a su nieto,https://www.opinion.com.bo/policial/autopsia-confirma-32-heridas-punzocortantes-mujer-hallada-muerta-sacaba-buscan-nieto/20260928122401996789.html
La Razon,2026-09-28,12:25,"Gobierno alista anuncios para reorganizar, disolver o liquidar 10 empresas públicas",https://larazon.bo/economia-y-empresa/2026/09/28/gobierno-alista-anuncios-para-reorganizar-disolver-o-liquidar-10-empresas-publicas/
Opinion,2026-09-28,12:25,La Gobernación entrega equipamiento a 15 institutos técnicos y tecnológicos,https://www.opinion.com.bo/cochabamba/gobernacion-entrega-equipamiento-15-institutos-tecnicos-tecnologicos/20260928122528996791.html
Diez,2026-09-28,12:27,"Medina, entre algodones y con la mira puesta en Argentina",https://diez.bo/futbol/medina-entre-algodones-y-con-la-mira-puesta-en-argentina_1790612837
ERBOL,2026-09-28,12:27,Fiscalía desestima denuncia contra Luis Arce por abandono de menor; Lafuente presenta impugnación,https://erbol.com.bo/seguridad/fiscal%C3%ADa-desestima-denuncia-contra-luis-arce-por-abandono-de-menor-lafuente-presenta
El Deber,2026-09-28,12:28,Sucre: transportistas acatan el paro y salen a marchar en contra del “dieselazo”,https://eldeber.com.bo/pais/sucre-transportistas-acatan-paro-salen-marchar-dieselazo_1790612700
El Deber,2026-09-28,12:30,Uagrm se declara en emergencia y determina clases virtuales ante el paro de transporte,https://eldeber.com.bo/santa-cruz/uagrm-declara-emergencia-determina-clases-virtuales-paro-transporte_1790612825
Red Uno,2026-09-28,12:30,UMSA busca que el Laboratorio de Física Cósmica de Chacaltaya sea Patrimonio de la Humanidad,https://www.reduno.com.bo/noticias/umsa-busca-que-el-laboratorio-de-fisica-cosmica-de-chacaltaya-sea-patrimonio-de-la-humanidad-2026928105549
Unitel,2026-09-28,12:36,Santa Cruz: Saavedra califica de “abuso” el paro de transporte y anuncia proyecto de ley para sanciones,https://unitel.bo/noticias/sociedad/santa-cruz-saavedra-califica-de-abuso-el-paro-de-transporte-y-anuncia-proyecto-de-ley-para-sanciones-GB23771070
Red Uno,2026-09-28,12:37,Saavedra califica de “abuso” dejar a la población sin transporte y plantea sanciones desde el primer día,https://www.reduno.com.bo/noticias/saavedra-califica-de-abuso-dejar-a-la-poblacion-sin-transporte-y-plantea-sanciones-desde-el-primer-dia-2026928122230
El Diario,2026-09-28,12:38,Sucre sin transporte urbano y paralizada por marcha de choferes,https://www.eldiario.net/portal/2026/09/28/sucre-sin-transporte-urbano-y-paralizada-por-marcha-de-choferes-1240/
La Razon,2026-09-28,12:38,Ultimátum de Evo: Balderrama dice que FFAA y Policía están listas para proteger a la población,https://larazon.bo/nacional/2026/09/28/ultimatum-de-evo-balderrama-dice-que-ffaa-y-policia-estan-listas-para-proteger-a-la-poblacion/
El Diario,2026-09-28,12:40,Dos alertas del Senamhi advierten de posibles inundaciones hasta este sábado,https://www.eldiario.net/portal/2026/09/28/dos-alertas-del-senamhi-advierten-de-posibles-inundaciones-hasta-este-sabado-1230/
El Deber,2026-09-28,12:47,“Restituyan el servicio y hablamos”: ‘Mamén’ Saavedra condiciona el diálogo con los micreros,https://eldeber.com.bo/santa-cruz/restituyan-servicio-hablamos-mamen-saavedra-condiciona-dialogo-micreros_1790613539
Vision 360,2026-09-28,12:50,Suben a 20 las empresas públicas en quiebra técnica; una requiere modificar la Constitución para cerrarla,https://www.vision360.bo/noticias/2026/09/28/69877-suben-a-20-las-empresas-publicas-en-quiebra-tecnica-una-requiere-modificar-la-constitucion-para-cerrarla
El Deber,2026-09-28,12:52,Pasajeros recurren a camiones y pagan más ante el paro del transporte,https://eldeber.com.bo/economia/pasajeros-recurren-camiones-pagan-paro-transporte_1790613462
Unitel,2026-09-28,12:58,Santa Cruz: Tránsito instruye frenar los viajes interdepartamentales para resguardar a los pasajeros,https://unitel.bo/noticias/sociedad/santa-cruz-transito-instruye-frenar-los-viajes-interdepartamentales-para-resguardar-a-los-pasajeros-DB23771705
El Deber,2026-09-28,13:00,La nave Starship ameriza con éxito después de su primer viaje orbital,https://eldeber.com.bo/mundo/nave-starship-ameriza-exito-despues-primer-viaje-orbital_1790614818
El Deber,2026-09-28,13:03,Fiscalía instruye investigar si Tatiana Marset incumplió la detención domiciliaria,https://eldeber.com.bo/santa-cruz/fiscalia-instruye-investigar-si-tatiana-marset-incumplio-detencion-domiciliaria_1790614884
ANF,2026-09-28,13:05,"Tras el ultimátum de Evo, comandante de las FFAA asegura que defenderá al pueblo y hará respetar la Constitución",https://www.noticiasfides.com/nacional/seguridad/tras-el-ultimatum-de-evo-comandante-de-las-ffaa-asegura-que-defendera-al-pueblo-y-hara-respetar-la-constitucion
Vision 360,2026-09-28,13:05,"El repliegue de choferes sindicalizados se cumple en cuatro departamentos, el sector se reunirá mañana con el Gobierno",https://www.vision360.bo/noticias/2026/09/28/69874-el-repliegue-de-choferes-sindicalizados-se-cumple-en-cuatro-departamentos-el-sector-se-reunira-manana-con-el-gobierno
Unitel,2026-09-28,13:06,Fuego cruzado en Perú: Militares y policías se enfrentan con disidentes de las FARC en frontera con Colombia,https://unitel.bo/noticias/mundo/fuego-cruzado-en-peru-militares-y-policias-se-enfrentan-con-disidentes-de-las-farc-en-frontera-con-colombia-LB23771684
El Deber,2026-09-28,13:07,"'Mamén' Saavedra propondrá el ""esquema 30-13-7"" en la reunión entre alcaldes y el Gobierno nacional",https://eldeber.com.bo/santa-cruz/mamen-saavedra-propondra-esquema-30-13-7-reunion-alcaldes-gobierno-nacional_1790615001
Red Uno,2026-09-28,13:11,Ayuda solidaria: Inician cirugías gratuitas de manos para 40 niños en La Paz,https://www.reduno.com.bo/noticias/ayuda-solidaria-inician-cirugias-gratuitas-de-manos-para-40-ninos-en-la-paz-202692811740
Red Uno,2026-09-28,13:13,"Red Uno hizo vibrar Expocruz 2026 con shows, alegría y una experiencia inolvidable",https://www.reduno.com.bo/noticias/red-uno-hizo-vibrar-expocruz-2026-con-shows-alegria-y-una-experiencia-inolvidable-202692891443
La Razon,2026-09-28,13:16,Fedjuve cruceña rechaza incremento del pasaje y cuestiona paro del transporte,https://larazon.bo/ciudades/2026/09/28/fedjuve-crucena-rechaza-incremento-del-pasaje-y-cuestiona-paro-del-transporte/
Red Uno,2026-09-28,13:19,15.000 kits de conversión a GNV ya están listos para llegar a Bolivia,https://www.reduno.com.bo/noticias/15-000-kits-de-conversion-a-gnv-ya-estan-listos-para-llegar-a-bolivia-2026928131258
La Razon,2026-09-28,13:21,COB instruye a sus afiliadas convocar a asambleas para definir postura sobre la coyuntura,https://larazon.bo/nacional/2026/09/28/cob-instruye-a-sus-afiliadas-convocar-a-asambleas-para-definir-postura-sobre-la-coyuntura/
Red Uno,2026-09-28,13:21,Inspección Técnica Vehicular 2026: conoce cómo hacer el trámite en Cochabamba,https://www.reduno.com.bo/noticias/inspeccion-tecnica-vehicular-2026-conoce-como-hacer-el-tramite-en-cochabamba-2026928115634
El Diario,2026-09-28,13:29,Choferes muestran interés en conversión y transporte pesado analiza,https://www.eldiario.net/portal/2026/09/28/choferes-muestran-interes-en-conversion-y-transporte-pesado-analiza/
La Razon,2026-09-28,13:29,Empresa del Mutún informa sobre certificación de yacimientos y avances para producir acero,https://larazon.bo/economia-y-empresa/2026/09/28/empresa-del-mutun-informa-sobre-certificacion-de-yacimientos-y-avances-para-producir-acero/
Los Tiempos,2026-09-28,13:29,Paz instruye iniciar estudios para incorporar el GNL al transporte pesado,https://www.lostiempos.com/actualidad/pais/20260928/paz-instruye-iniciar-estudios-incorporar-gnl-al-transporte-pesado
Red Uno,2026-09-28,13:29,Accidente en la Radial 17 y medio deja heridos y un vehículo volcado en plena vía,https://www.reduno.com.bo/noticias/accidente-en-la-radial-17-y-medio-deja-heridos-y-un-vehiculo-volcado-en-plena-via-2026928132226
El Diario,2026-09-28,13:31,Estado de excepción se devalúa si se incumplen sus restricciones,https://www.eldiario.net/portal/2026/09/28/estado-de-excepcion-se-devalua-si-se-incumplen-sus-restricciones/
El Diario,2026-09-28,13:33,Activan alertas por crecidas de ríos en siete departamentos,https://www.eldiario.net/portal/2026/09/28/activan-alertas-por-crecidas-de-rios-en-siete-departamentos/
El Diario,2026-09-28,13:35,Terminal Metropolitana garantiza normalidad de servicio de buses,https://www.eldiario.net/portal/2026/09/28/terminal-metropolitana-garantiza-normalidad-de-servicio-de-buses/
Unitel,2026-09-28,13:35,Lara dice que pedirá a Paz un informe sobre el vuelo y sus gastos en EEUU: “Usa el avión asignado a la Vicepresidencia”,https://unitel.bo/noticias/politica/lara-dice-que-pedira-a-paz-un-informe-sobre-el-vuelo-y-sus-gastos-en-eeuu-usa-el-avion-asignado-a-la-vicepresidencia-GB23772664
Los Tiempos,2026-09-28,13:36,“Es un mentiroso patológico”: El Washington Post publica perfil de Cerimedo y cuestiona su formación,https://www.lostiempos.com/actualidad/mundo/20260928/es-mentiroso-patologico-washington-post-publica-perfil-cerimedo-cuestiona
Unitel,2026-09-28,13:36,Lara acusa a Cerimedo de manejar “los tentáculos del narcotráfico” en Bolivia y presenta audios que atribuye al exasesor,https://unitel.bo/noticias/seguridad/lara-acusa-a-cerimedo-de-manejar-los-tentaculos-del-narcotrafico-en-bolivia-y-presenta-audios-que-atribuye-al-exasesor-JB23772579
El Diario,2026-09-28,13:37,Seúl atribuye a minas norcoreanas explosiones que hirieron a soldados,https://www.eldiario.net/portal/2026/09/28/seul-atribuye-a-minas-norcoreanas-explosiones-que-hirieron-a-soldados/
Red Uno,2026-09-28,13:37,¿Cuánto cuesta tener una mascota? Estos son los gastos que debe considerar,https://www.reduno.com.bo/noticias/cuanto-cuesta-tener-una-mascota-estos-son-los-gastos-que-debe-considerar-2026928111940
La Razon,2026-09-28,13:38,"Paz se reunirá con alcaldes para abordar el 50/50, el diésel y recursos para salud",https://larazon.bo/nacional/2026/09/28/paz-se-reunira-con-alcaldes-para-abordar-el-50-50-el-diesel-y-recursos-para-salud/
El Diario,2026-09-28,13:39,FFAA afirman estar listas ante posibles movilizaciones en octubre,https://www.eldiario.net/portal/2026/09/28/ffaa-afirman-estar-listas-ante-posibles-movilizaciones-en-octubre/
Vision 360,2026-09-28,13:39,"Ante amenaza de protestas de Evo Morales, FFAA responden que están en apronte y defenderán al pueblo",https://www.vision360.bo/noticias/2026/09/28/69886-ante-amenaza-de-protestas-de-evo-morales-ffaa-responden-que-estan-en-apronte-y-defenderan-al-pueblo
La Razon,2026-09-28,13:42,Exportaciones de carne bovina generan $us 1.115 MM entre 2015 y 2025,https://larazon.bo/economia-y-empresa/2026/09/28/exportaciones-de-carne-bovina-generan-us-1-115-mm-entre-2015-y-2025/
Red Uno,2026-09-28,13:48,Rescatan los cuerpos de una familia que murió ahogada en la laguna Guapilo; entre las víctimas hay una niña,https://www.reduno.com.bo/noticias/rescatan-los-cuerpos-de-una-familia-que-murio-ahogada-en-la-laguna-guapilo-entre-las-victimas-hay-una-nina-2026928133511
Unitel,2026-09-28,13:54,Paz brinda su informe sobre su viaje a EEUU: “Tuvimos más de 32 reuniones en cuatro días”,https://unitel.bo/noticias/politica/paz-brinda-su-informe-sobre-su-viaje-a-eeuu-tuvimos-mas-de-32-reuniones-en-cuatro-dias-KB23772822
El Deber,2026-09-28,13:56,Comandante militar tras la amenaza de Evo: “Las FF.AA. están listas para defender al pueblo”,https://eldeber.com.bo/pais/comandante-militar-amenaza-evo-ff-aa-estan-listas-defender-pueblo_1790615785
Red Uno,2026-09-28,13:56,Transporte de los Yungas paraliza sus unidades y evaluará si asiste al diálogo,https://www.reduno.com.bo/noticias/transporte-de-los-yungas-paraliza-sus-unidades-y-evaluara-si-asiste-al-dialogo-20269281380
Los Tiempos,2026-09-28,14:00,Tragedia en Santa Cruz: tres personas pierden la vida en la Laguna Guapilo,https://www.lostiempos.com/actualidad/seguridad/20260928/tragedia-santa-cruz-tres-personas-pierden-vida-laguna-guapilo
Vision 360,2026-09-28,14:00,Novak Djokovic vuelve a Pekín 11 años después con la ambición de ganar,https://www.vision360.bo/noticias/2026/09/28/69862-novak-djokovic-vuelve-a-pekin-11-anos-despues-con-la-ambicion-de-ganar
El Deber,2026-09-28,14:02,"Quién es y qué crimen cometió Christa Pike, la primera mujer que será ejecutada en Tennessee en 200 años",https://eldeber.com.bo/bbc/quien-es-y-que-crimen-cometio-christa-pike-la-primera-mujer-que-sera-ejecutada-en-tennessee-en-200-anos-2026928135715
Red Uno,2026-09-28,14:02,Disparan contra un hombre en plena vía pública en la zona de la Mutualista,https://www.reduno.com.bo/noticias/disparan-contra-un-hombre-en-plena-via-publica-en-la-zona-de-la-mutualista-202692814240
La Razon,2026-09-28,14:08,Seis municipios en emergencia por incendios en Santa Cruz,https://larazon.bo/ciudades/2026/09/28/santa-cruz-ultimos-dias-del-perdonazo-tributario/
El Deber,2026-09-28,14:11,"Chacaltaya, la montaña nevada que vio Felipe de Edimburgo, y que busca llegar a la Unesco",https://eldeber.com.bo/pais/chacaltaya-montana-nevada-vio-felipe-edimburgo-busca-llegar-unesco_1790618465
El Deber,2026-09-28,14:13,Stevie Wonder celebra 50 años del mítico 'Songs in the key of life' con un miniálbum,https://eldeber.com.bo/cultura-y-entretenimiento/stevie-wonder-celebra-50-anos-mitico-songs-in-the-key-of-life-minialbum_1790619223
La Razon,2026-09-28,14:13,Suman más de 200 árboles al programa municipal de reforestación de La Paz,https://larazon.bo/ciudades/2026/09/28/suman-mas-de-200-arboles-al-programa-municipal-de-reforestacion-de-la-paz/
La Razon,2026-09-28,14:13,Santa Cruz: Últimos días del perdonazo tributario,https://larazon.bo/ciudades/2026/09/28/santa-cruz-ultimos-dias-del-perdonazo-tributario-2/
La Razon,2026-09-28,14:18,Una pareja y su hija se ahogan en la laguna Guapilo en Santa Cruz,https://larazon.bo/ciudades/2026/09/28/una-pareja-y-su-hija-se-ahogan-en-la-laguna-guapilo-en-santa-cruz/
La Razon,2026-09-28,14:18,‘No tengo amantes y no soy pedófilo’: Paz defiende uso del avión presidencial,https://larazon.bo/nacional/2026/09/28/no-tengo-amantes-y-no-soy-pedofilo-paz-defiende-uso-del-avion-presidencial/
Unitel,2026-09-28,14:20,¿Por qué el avión presidencial hizo escala en Florida? Esto responde Paz,https://unitel.bo/noticias/politica/por-que-el-avion-presidencial-hizo-escala-en-florida-esto-responde-paz-HB23773352
Red Uno,2026-09-28,14:21,Paz evalúa su visita a EEUU y habla de acuerdos para Bolivia,https://www.reduno.com.bo/noticias/paz-evalua-su-visita-a-eeuu-y-habla-de-acuerdos-para-bolivia-2026928142150
Unitel,2026-09-28,14:21,Acribillan a un hombre en la avenida Mutualista a pleno día,https://unitel.bo/noticias/seguridad/acribillan-a-un-hombre-en-la-avenida-mutualista-a-pleno-dia-OB23773940
El Deber,2026-09-28,14:30,La sonda Juice hace un sobrevuelo de la Tierra para mejorar su trayectoria a Júpiter,https://eldeber.com.bo/mundo/sonda-juice-hace-sobrevuelo-tierra-mejorar-trayectoria-jupiter_1790620218
El Deber,2026-09-28,14:31,Transporte cooperativizado bloquea ingreso a YPFB en la doble vía a La Guardia,https://eldeber.com.bo/santa-cruz/transporte-cooperativizado-bloquea-ingreso-ypfb-doble-via-guardia_1790620292
Red Uno,2026-09-28,14:31,Violento asalto en Cochabamba: encapuchados irrumpen en una casa y hieren a dos personas,https://www.reduno.com.bo/noticias/violento-asalto-en-cochabamba-encapuchados-irrumpen-en-una-casa-y-hieren-a-dos-personas-2026928131216
Vision 360,2026-09-28,14:33,De Lara a Justiniano: suman cuestionamientos por supuesto incumplimiento de Tatiana Marset de su detención domiciliaria,https://www.vision360.bo/noticias/2026/09/28/69889-de-lara-a-justiniano-suman-cuestionamientos-por-supuesto-incumplimiento-de-tatiana-marset-de-su-detencion-domiciliaria
El Deber,2026-09-28,14:35,Gobierno argentino decreta tres feriados durante la visita del papa León XIV en noviembre,https://eldeber.com.bo/mundo/gobierno-argentino-decreta-tres-feriados-visita-papa-leon-xiv-noviembre_1790620552
La Razon,2026-09-28,14:36,Fiscalía desestima denuncia contra Luis Arce por abandono de menor,https://larazon.bo/nacional/2026/09/28/fiscalia-desestima-denuncia-contra-luis-arce-por-abandono-de-menor/
La Razon,2026-09-28,14:38,"La UMSA lanza ‘Mi Facu es Circular’, para fomentar el reciclaje en la población",https://larazon.bo/sociedad/2026/09/28/la-umsa-lanza-mi-facu-es-circular-para-fomentar-el-reciclaje-en-la-poblacion/
El Deber,2026-09-28,14:39,"Rodrigo Paz sobre el diésel: ""No podíamos subvencionar $us 55 millones a la semana a costa de obras""",https://eldeber.com.bo/pais/rodrigo-paz-diesel-no-podiamos-subvencionar-us-55-millones-semana-costa-obras_1790620607
La Razon,2026-09-28,14:39,Paz justifica su viaje de cuatro días a EEUU y dice que sostuvo más de 32 reuniones,https://larazon.bo/nacional/2026/09/28/paz-justifica-su-viaje-de-cuatro-dias-a-eeuu-y-dice-que-sostuvo-mas-de-32-reuniones/
Red Uno,2026-09-28,14:40,Gobernación revela valores de productos antes de llegar al mercado,https://www.reduno.com.bo/noticias/gobernacion-revela-valores-de-productos-antes-de-llegar-al-mercado-2026928132453
ANF,2026-09-28,14:41,Premio Santa Cruz a la Excelencia Intelectual reconoce la trayectoria educativa de Unifranz,https://www.noticiasfides.com/innovacion-y-educacion/premio-santa-cruz-a-la-excelencia-intelectual-reconoce-la-trayectoria-educativa-de-unifranz
El Deber,2026-09-28,14:41,Paz cuestiona viajes de Evo y compara su ida al Mundial con la gestión de $us 10.000 millones,https://eldeber.com.bo/pais/paz-cuestiona-viajes-evo-compara-ida-mundial-gestion-us-10-000-millones_1790620683
El Deber,2026-09-28,14:42,Acribillan a un hombre en el segundo anillo de la capital cruceña,https://eldeber.com.bo/santa-cruz/acribillan-hombre-segundo-anillo-capital-crucena_1790620741
Unitel,2026-09-28,14:42,"“La potencia es muy diferente, no va a rendir”, dicen choferes de los Yungas sobre la conversión a GNV",https://unitel.bo/noticias/economia/la-potencia-es-muy-diferente-no-va-a-rendir-dicen-choferes-de-los-yungas-sobre-la-conversion-a-gnv-LB23773923
El Deber,2026-09-28,14:45,Sedes refuerza la prevención contra la rabia y llama a vacunar a las mascotas,https://eldeber.com.bo/santa-cruz/sedes-refuerza-prevencion-rabia-llama-vacunar-mascotas_1790620968
Red Uno,2026-09-28,14:48,Alerta en el sur de Chuquisaca: quebradas secas y animales muertos por la escasez de agua,https://www.reduno.com.bo/noticias/alerta-en-el-sur-de-chuquisaca-quebradas-secas-y-animales-muertos-por-la-escasez-de-agua-2026928132535
La Razon,2026-09-28,14:50,Alcalde de Santa Cruz califica de abuso el paro de transporte,https://larazon.bo/ciudades/2026/09/28/alcalde-de-santa-cruz-califica-de-abuso-el-paro-de-transporte/
Red Uno,2026-09-28,14:50,Hallan un jaguar muerto a un costado de la carretera a Warnes,https://www.reduno.com.bo/noticias/hallan-un-jaguar-muerto-a-un-costado-de-la-carretera-a-warnes-202692813290
ANF,2026-09-28,14:51,Paz no responde qué hizo tres días en Boca Ratón y tampoco sabe cuánto se pagó por la separata en USA Today,https://www.noticiasfides.com/nacional/politica/paz-no-responde-que-hizo-tres-dias-en-boca-raton-y-tampoco-sabe-cuanto-se-pago-por-la-separata-en-usa-today
El Deber,2026-09-28,14:52,El Presidente Paz carga contra Evo por casos con menores y rechaza su ultimátum al Gobierno,https://eldeber.com.bo/pais/presidente-paz-carga-evo-casos-menores-rechaza-ultimatum-gobierno_1790621378
La Razon,2026-09-28,14:52,Gobernación de Santa Cruz activa importación de 4 millones de litros de diésel,https://larazon.bo/economia-y-empresa/2026/09/28/gobernacion-de-santa-cruz-activa-importacion-de-4-millones-de-litros-de-diesel/
Opinion,2026-09-28,14:53,“La gente no cree en los proyectos”: Villegas defiende su proceso tras caer ante Paraguay,https://www.opinion.com.bo/deportes/gente-cree-proyectos-villegas-defiende-proceso-caer-paraguay/20260928145345996792.html
El Diario,2026-09-28,14:55,Zanjas bloquean acceso al botadero de Cotapachi,https://www.eldiario.net/portal/2026/09/28/zanjas-bloquean-acceso-al-botadero-de-cotapachi/
El Diario,2026-09-28,14:56,Condori se aprovechó de la unidad opositora,https://www.eldiario.net/portal/2026/09/28/condori-se-aprovecho-de-la-unidad-opositora/
La Razon,2026-09-28,14:56,Sernap concluye censo de tarucas en la Cordillera de Sama,https://larazon.bo/sociedad/2026/09/28/sernap-concluye-censo-de-tarucas-en-la-cordillera-de-sama/
La Razon,2026-09-28,14:58,"CAF, BID y Banco Mundial llegarán al país a pedido de Paz",https://larazon.bo/economia-y-empresa/2026/09/28/caf-bid-y-banco-mundial-llegaran-al-pais-a-pedido-de-paz/
Unitel,2026-09-28,14:58,Paz se estrella contra Evo tras amenazas de movilizaciones si no se abrogan decretos,https://unitel.bo/noticias/politica/paz-se-estrella-contra-evo-tras-amenazas-de-movilizaciones-si-no-se-abrogan-decretos-CB23774226
El Diario,2026-09-28,14:59,Fiscal pide reconstruir patrimonio de Adorni y verificar sus billeteras,https://www.eldiario.net/portal/2026/09/28/fiscal-pide-reconstruir-patrimonio-de-adorni-y-verificar-sus-billeteras/
La Razon,2026-09-28,14:59,Gobernación de Santa Cruz inicia relevamiento y publicación de precios de alimentos,https://larazon.bo/sociedad/2026/09/28/gobernacion-de-santa-cruz-inicia-relevamiento-y-publicacion-de-precios-de-alimentos/
Red Uno,2026-09-28,14:59,Fuerzas Armadas y Policía activan coordinación ante posibles bloqueos,https://www.reduno.com.bo/noticias/fuerzas-armadas-y-policia-activan-coordinacion-ante-posibles-bloqueos-2026928134122
El Diario,2026-09-28,15:00,Europa ratifica apoyo a proyecto eólico Warnes,https://www.eldiario.net/portal/2026/09/28/europa-ratifica-apoyo-a-proyecto-eolico-warnes/
El Deber,2026-09-28,15:02,Reportan segundo asesinato en Santa Cruz; un hombre fue baleado,https://eldeber.com.bo/santa-cruz/reportan-segundo-asesinato-santa-cruz-hombre-fue-baleado_1790622040
El Diario,2026-09-28,15:02,Investigan muerte de hombre maniatado en Valle Sacta,https://www.eldiario.net/portal/2026/09/28/investigan-muerte-de-hombre-maniatado-en-valle-sacta/
Opinion,2026-09-28,15:04,Alcaldía llama a regularizar deudas; el ‘Perdonazo Tributario’ está vigente hasta el 5 de octubre,https://www.opinion.com.bo/cochabamba/alcaldia-llama-regularizar-deudas-perdonazo-tributario-vigente-5-octubre/20260928150456996794.html
Vision 360,2026-09-28,15:05,"Stevie Wonder celebra 50 años del mítico ""Songs in the key of life"" con un miniálbum",https://www.vision360.bo/noticias/2026/09/28/69895-stevie-wonder-celebra-50-anos-del-mitico-songs-in-the-key-of-life-con-un-minialbum
El Deber,2026-09-28,15:06,"Gobierno anuncia reunión con alcaldes y gobernadores: ""Quiero que cada región produzca”",https://eldeber.com.bo/pais/gobierno-anuncia-reunion-alcaldes-gobernadores-quiero-cada-region-produzca_1790621847
ERBOL,2026-09-28,15:09,Estado de excepción: entre la protección del orden público y la restricción de derechos,https://erbol.com.bo/nacional/estado-de-excepci%C3%B3n-entre-la-protecci%C3%B3n-del-orden-p%C3%BAblico-y-la-restricci%C3%B3n-de-derechos
Vision 360,2026-09-28,15:12,"Máximo y Boston, los sementales que dejaron en alto el nombre de la Granja Casa Blanca de Huarina",https://www.vision360.bo/noticias/2026/09/28/69892-maximo-y-boston-los-sementales-que-dejaron-en-alto-el-nombre-de-la-granja-casa-blanca-de-huarina
Unitel,2026-09-28,15:13,Trump acusa a Mariaca de proteger narcotraficantes y niega su entrada a EEUU,https://unitel.bo/noticias/seguridad/trump-acusa-a-mariaca-de-proteger-narcotraficantes-y-niega-su-entrada-a-eeuu-OB23774695
Opinion,2026-09-28,15:16,Sacaba da inicio a la Festividad de la Virgen del Amparo,https://www.opinion.com.bo/cochabamba/sacaba-da-inicio-festividad-virgen-amparo/20260928151605996797.html
Los Tiempos,2026-09-28,15:18,"6 minutos de lectura al día: la pócima invisible contra el estrés, según la ciencia",https://www.lostiempos.com/oh/actualidad/20260928/6-minutos-lectura-al-dia-pocima-invisible-contra-estres-ciencia
Los Tiempos,2026-09-28,15:18,"Cañones, cavernas y nuevas huellas: la riqueza paleontológica y turística de Torotoro",https://www.lostiempos.com/oh/actualidad/20260928/canones-cavernas-nuevas-huellas-riqueza-paleontologica-turistica-torotoro
El Diario,2026-09-28,15:19,Rusia ataca Kiev: 7 fallecidos; Starship despliega 26 satélites; Mar inunda Puerto San Carlos,https://www.eldiario.net/portal/2026/09/28/rusia-ataca-kiev-7-fallecidos-starship-despliega-26-satelites-mar-inunda-puerto-san-carlos-1518/
Unitel,2026-09-28,15:19,Transportistas de los Yungas denuncian incumplimiento del Gobierno en la distribución de combustible,https://unitel.bo/noticias/economia/transportistas-de-los-yungas-denuncian-incumplimiento-del-gobierno-en-la-distribucion-de-combustible-AB23774712
Red Uno,2026-09-28,15:20,Transportistas de áridos bloquean ingreso a YPFB en Santa Cruz por tema diésel,https://www.reduno.com.bo/noticias/transportistas-de-aridos-bloquean-ingreso-a-ypfb-en-santa-cruz-por-tema-diesel-2026928134333
Diez,2026-09-28,15:22,Se viene otro desafío para la Verde: la Eliminatoria al Mundial 2030,https://diez.bo/futbol/se-viene-otro-desafio-para-la-verde-la-eliminatoria-al-mundial-2030_1790623378
Vision 360,2026-09-28,15:22,Cierran las votaciones para elegir al ganador del Balón de Oro de 2026,https://www.vision360.bo/noticias/2026/09/28/69901-cierran-las-votaciones-para-elegir-al-ganador-del-balon-de-oro-de-2026
Red Uno,2026-09-28,15:23,Segundo ataque armado en Santa Cruz: asesinan a un hombre a tiros en la Pampa de la Isla,https://www.reduno.com.bo/noticias/segundo-ataque-armado-en-santa-cruz-asesinan-a-un-hombre-a-tiros-en-la-pampa-de-la-isla-2026928152045
Unitel,2026-09-28,15:24,Acribillan a hombre en la zona de la Pampa de la Isla; es el segundo asesinato de este lunes en la capital cruceña,https://unitel.bo/noticias/seguridad/acribillan-a-hombre-en-la-zona-de-la-pampa-de-la-isla-es-el-segundo-asesinato-de-este-lunes-en-la-capital-crucena-AB23775140
Unitel,2026-09-28,15:24,"Un exministro de Arce, fiscales y magistrados figuran entre los vetados para entrar a EEUU",https://unitel.bo/noticias/seguridad/un-exministro-de-arce-fiscales-y-magistrados-figuran-entre-los-vetados-para-entrar-a-eeuu-BB23774984
Vision 360,2026-09-28,15:25,Lara presenta otro audio y acusa a Cerimedo de dar cobertura al narcotráfico en coordinación con exjefe de la FELCN y NAABOL,https://www.vision360.bo/noticias/2026/09/28/69907-lara-presenta-otro-audio-y-acusa-a-cerimedo-de-dar-cobertura-al-narcotrafico-en-coordinacion-con-exjefe-de-la-felcn-y-naabol
Vision 360,2026-09-28,15:25,Acribillan a un hombre en plena avenida Mutualista en Santa Cruz,https://www.vision360.bo/noticias/2026/09/28/69904-acribillan-a-un-hombre-en-plena-avenida-mutualista-en-santa-cruz
Los Tiempos,2026-09-28,15:28,Concluye IV Semana de la Alta Costura en Buenos Aires,https://www.lostiempos.com/oh/actualidad/20260928/concluye-iv-semana-alta-costura-buenos-aires
Opinion,2026-09-28,15:28,"“Las FFAA están listas para defender al pueblo”, dice el comandante tras ultimátum de Evo",https://www.opinion.com.bo/pais/ffaa-estan-listas-defender-pueblo-dice-comandante-ultimatum-evo/20260928152830996799.html
El Deber,2026-09-28,15:31,EEUU restringe Visa a Mariaca y a Zeballos: al fiscal general lo acusa de proteger al narcotráfico,https://eldeber.com.bo/pais/eeuu-restringue-visa-mariaca-zeballos-fiscal-general-acusa-proteger-narcotrafico_1790623890
Red Uno,2026-09-28,15:35,"EE.UU. revoca visas de funcionarios latinoamericanos, incluido el fiscal general de Bolivia",https://www.reduno.com.bo/noticias/ee-uu-revoca-visas-de-funcionarios-latinoamericanos-incluido-el-fiscal-general-de-bolivia-2026928153540
La Razon,2026-09-28,15:41,EEUU sanciona a Fiscal General y le prohíbe entrar a ese país,https://larazon.bo/nacional/2026/09/28/eeuu-sanciona-a-roger-mariaca-por-corrupcion-y-le-restringe-el-ingreso/
Los Tiempos,2026-09-28,15:42,"El piloto y gerente general de BoA, Estanislao Finfera, impulsa una gestión sostenible y una aerolínea con más aviones",https://www.lostiempos.com/oh/actualidad/20260928/piloto-gerente-general-boa-estanislao-finfera-impulsa-gestion-sostenible
Vision 360,2026-09-28,15:42,EEUU acusa a Roger Mariaca de recibir sobornos para facilitar el narcotráfico y le quita la visa,https://www.vision360.bo/noticias/2026/09/28/69910-eeuu-acusa-a-roger-mariaca-de-recibir-sobornos-para-facilitar-el-narcotrafico-y-le-quita-la-visa
El Deber,2026-09-28,15:45,"¿Qué dijo Rodrigo Paz tras su viaje a EE. UU.? Financiamiento, acuerdos y respuesta a las críticas",https://eldeber.com.bo/pais/dijo-rodrigo-paz-viaje-ee-uu-financiamiento-acuerdos-respuesta-criticas_1790619410
ANF,2026-09-28,15:47,EE.UU. acusa al fiscal general por supuesta recepción de soborno del narcotráfico y lo veta para obtener visa,https://www.noticiasfides.com/nacional/politica/ee-uu-acusa-al-fiscal-general-por-supuesta-recepcion-de-soborno-del-narcotrafico-y-lo-veta-para-obtener-visa
El Deber,2026-09-28,15:48,EEUU acusa a Mariaca de aceptar sobornos para facilitar el narcotráfico y le cierra el ingreso,https://eldeber.com.bo/pais/eeuu-acusa-mariaca-aceptar-sobornos-facilitar-narcotrafico-le-cierra-ingreso_1790624510
Los Tiempos,2026-09-28,15:51,Estudiante de la UPEA crea la primera motocicleta híbrida a gas y gasolina en Bolivia,https://www.lostiempos.com/oh/actualidad/20260928/estudiante-upea-crea-primera-motocicleta-hibrida-gas-gasolina-bolivia
Vision 360,2026-09-28,15:52,"Paz confirma escala en la exclusiva Florida, destaca 32 reuniones y la confirmación de créditos por 10.000 millones",https://www.vision360.bo/noticias/2026/09/28/69913-paz-confirma-escala-en-la-exclusiva-florida-destaca-32-reuniones-y-la-confirmacion-de-creditos-por-10000-millones
Red Uno,2026-09-28,15:54,Así huyó: captan a presunto sicario tras disparar contra un hombre en la Mutualista,https://www.reduno.com.bo/noticias/asi-huyo-captan-a-presunto-sicario-tras-disparar-contra-un-hombre-en-la-mutualista-2026928155234
Opinion,2026-09-28,15:55,Paz niega mal uso del avión presidencial y dice que no autorizó supuesto pago a medio internacional,https://www.opinion.com.bo/pais/paz-niega-mal-uso-avion-presidencial-dice-que-autorizo-supuesto-pago-medio-internacional/20260928155500996801.html
La Razon,2026-09-28,15:56,Más de 24.000 contribuyentes recuperan acceso a sus cuentas bancarias con alivio tributario,https://larazon.bo/economia-y-empresa/2026/09/28/mas-de-24-000-contribuyentes-recuperan-acceso-a-sus-cuentas-bancarias-con-alivio-tributario/
Unitel,2026-09-28,15:56,"Diputados de Unidad, Libre y PDC anuncian que pedirán informe al Gobierno por viaje de Paz a EEUU",https://unitel.bo/noticias/politica/diputados-de-unidad-libre-y-pdc-anuncian-que-pediran-informe-al-gobierno-por-viaje-de-paz-a-eeuu-IB23775872
El Deber,2026-09-28,15:57,"Hallan maniatado y sin vida a un hombre en la zona de Valle Sacta, en Cochabamba",https://eldeber.com.bo/pais/hallan-maniatado-vida-hombre-zona-valle-sacta-cochabamba_1790624900
El Deber,2026-09-28,16:00,JP Velasco informa sobre la llegada de 100 cisternas con diésel,https://eldeber.com.bo/santa-cruz/jp-velasco-informa-llegada-100-cisternas-diesel_1790624717
Red Uno,2026-09-28,16:01,EEUU acusa a Roger Mariaca por corrupción y protección al narcotráfico y le veta el ingreso,https://www.reduno.com.bo/noticias/eeuu-acusa-a-roger-mariaca-por-corrupcion-y-proteccion-al-narcotrafico-y-le-veta-el-ingreso-202692815500
Los Tiempos,2026-09-28,16:03,cinco proyectos para planear tus vacaciones de fin de año,https://www.lostiempos.com/oh/actualidad/20260928/cinco-proyectos-planear-tus-vacaciones-fin-ano
La Razon,2026-09-28,16:04,Gobierno y Chuquisaca impulsan dos megaproyectos viales,https://larazon.bo/economia-y-empresa/2026/09/28/gobierno-y-chuquisaca-impulsan-dos-megaproyectos-viales/
Opinion,2026-09-28,16:07,Playa Turquesa: la entrada será de Bs 40; en la inauguración hubo más de 10 mil visitantes,https://www.opinion.com.bo/cochabamba/playa-turquesa-entrada-sera-bs-40-inauguracion-hubo-mas-10-mil-visitantes/20260928160745996803.html
La Razon,2026-09-28,16:08,Clausuran cinco consultorios ilegales en La Paz,https://larazon.bo/ciudades/2026/09/28/clausuran-cinco-consultorios-ilegales-en-la-paz/
El Deber,2026-09-28,16:09,Minero recibirá su primera macrobrigada con ocho especialidades,https://eldeber.com.bo/santa-cruz/minero-recibira-primera-macrobrigada-ocho-especialidades_1790624820
Opinion,2026-09-28,16:09,"EEUU revoca visas a funcionarios latinoamericanos e incluye a Mariaca, Zeballos e Iván Lima",https://www.opinion.com.bo/pais/eeuu-revoca-visas-27-funcionarios-latinoamericanos-entre-ellos-mariaca-zeballos-ivan-lima/20260928160926996804.html
La Razon,2026-09-28,16:10,Iquique registra alza de 4% en carga con destino y origen en Bolivia,https://larazon.bo/economia-y-empresa/2026/09/28/iquique-registra-alza-de-4-en-carga-con-destino-y-origen-en-bolivia/
Opinion,2026-09-28,16:12,Paz reporta más de 32 reuniones en 4 días durante su visita a EEUU,https://www.opinion.com.bo/pais/paz-reporta-mas-32-reuniones-4-dias-visita-eeuu/20260928161202996805.html
Red Uno,2026-09-28,16:15,"¿Quiénes perdieron la visa estadounidense? La lista de los 12 fiscales, jueces y exautoridades",https://www.reduno.com.bo/noticias/quienes-perdieron-la-visa-estadounidense-la-lista-de-los-12-fiscales-jueces-y-exautoridades-202692816046
Red Uno,2026-09-28,16:18,Gobernador Velasco anuncia la llegada de las primeras 100 cisternas de diésel,https://www.reduno.com.bo/noticias/gobernador-velasco-anuncia-la-llegada-de-las-primeras-100-cisternas-de-diesel-202692816109
Unitel,2026-09-28,16:21,"“Arranca la autonomía energética de Santa Cruz”, dice Velasco tras la llegada de las primeras cisternas con diésel",https://unitel.bo/noticias/economia/arranca-la-autonomia-energetica-de-santa-cruz-dice-velasco-tras-la-llegada-de-las-primeras-cisternas-con-diesel-BB23776979
La Razon,2026-09-28,16:22,Detienen a 28 bolivianos con cápsulas de cocaína en sus cuerpos,https://larazon.bo/ciudades/2026/09/28/detienen-a-28-bolivianos-con-capsulas-de-cocaina-en-sus-cuerpos/
La Razon,2026-09-28,16:22,Paz dice que una decisión técnica llevó al FAB-002 a Florida,https://larazon.bo/nacional/2026/09/28/paz-atribuye-escala-en-boca-raton-a-decisiones-tecnicas/
Unitel,2026-09-28,16:23,Diputado Alarcón sobre Mariaca: “Tiene que dejar el cargo y someterse a una investigación penal”,https://unitel.bo/noticias/politica/diputado-alarcon-sobre-mariaca-tiene-que-dejar-el-cargo-y-someterse-a-una-investigacion-penal-EB23776424
El Diario,2026-09-28,16:26,"Estados Unidos revoca la visa a 12 bolivianos, incluido el fiscal general Roger Mariaca",https://www.eldiario.net/portal/2026/09/28/estados-unidos-revoca-la-visa-a-12-bolivianos-incluido-el-fiscal-general-roger-mariaca-1625/
Red Uno,2026-09-28,16:28,Acuerdos y negociaciones: Estos son los resultados del viaje del presidente Paz a EEUU,https://www.reduno.com.bo/noticias/acuerdos-y-negociaciones-estos-son-los-resultados-del-viaje-del-presidente-paz-a-eeuu-2026928142530
Opinion,2026-09-28,16:29,COB instruye a sus afiliados realizar ampliados y emitir postura ante la coyuntura nacional,https://www.opinion.com.bo/pais/cob-instruye-afiliados-realizar-ampliados-emitir-postura-coyuntura-nacional/20260928162950996806.html
El Deber,2026-09-28,16:31,"Ingresa un frente frío leve, pero con lluvias, la madrugada de este miércoles",https://eldeber.com.bo/santa-cruz/ingresa-frente-frio-leve-lluvias-madrugada-este-miercoles_1790627075
La Razon,2026-09-28,16:31,Inundaciones devastadoras causan estragos en Tailandia,https://larazon.bo/mundo/2026/09/28/inundaciones-devastadoras-causan-estragos-en-tailandia/
La Razon,2026-09-28,16:31,Rodrigo Paz dice que Bolivia ya no tiene derecho a reclamar el mar,https://larazon.bo/nacional/2026/09/28/rodrigo-paz-dice-que-bolivia-ya-no-tiene-derecho-a-reclamar-el-mar/
Diez,2026-09-28,16:34,Carlos Aragonés se va de Blooming con decepción,https://diez.bo/futbol/carlos-aragones-se-va-de-blooming-con-decepcion_1790627690
Red Uno,2026-09-28,16:37,Identifican a víctima de ataque a tiros en el segundo anillo,https://www.reduno.com.bo/noticias/identifican-a-victima-de-ataque-a-tiros-en-el-segundo-anillo-2026928163352
La Razon,2026-09-28,16:40,Perú: Militares y policías se enfrentan con disidentes de las FARC,https://larazon.bo/mundo/2026/09/28/peru-militares-y-policias-se-enfrentan-con-disidentes-de-las-farc/
Opinion,2026-09-28,16:41,Reducen de 18 a 8 los requisitos; se simplifican trámites de división de propiedad horizontal,https://www.opinion.com.bo/cochabamba/reducen-18-8-requisitos-simplifican-tramites-division-propiedad-horizontal/20260928164102996808.html
Opinion,2026-09-28,16:42,"Lara presenta audio y dice que comprueba que Cerimedo “manejaba los tentáculos del narcotráfico""",https://www.opinion.com.bo/pais/lara-presenta-audio-dice-que-comprueba-que-cerimedo-manejaba-tentaculos-narcotrafico/20260928164220996809.html
El Deber,2026-09-28,16:46,SENAMHI reporta récord de temperatura máxima en Villa Montes,https://eldeber.com.bo/pais/senamhi-reporta-record-temperatura-maxima-villa-montes_1790628363
Vision 360,2026-09-28,16:49,"EEUU quita visas a 13 bolivianos, entre ellos Mariaca, Lima, tres fiscales, tres jueces, un magistrado y un coronel de la Policía",https://www.vision360.bo/noticias/2026/09/28/69916-eeuu-quita-visas-a-13-bolivianos-entre-ellos-mariaca-lima-tres-fiscales-tres-jueces-un-magistrado-y-un-coronel-de-la-policia
Red Uno,2026-09-28,16:50,Paz arremete contra Evo Morales y afirma que “no se merece ni un muerto más”,https://www.reduno.com.bo/noticias/paz-arremete-contra-evo-morales-y-afirma-que-no-se-merece-ni-un-muerto-mas-202692816247
Unitel,2026-09-28,16:50,Lista de acusados por EEUU: Tuto dice que credibilidad de la Fiscalía “está erosionada” y plantea una comisión legislativa,https://unitel.bo/noticias/politica/lista-de-acusados-por-eeuu-tuto-dice-que-credibilidad-de-la-fiscalia-esta-erosionada-y-plantea-una-comision-legislativa-HB23777055
El Deber,2026-09-28,16:52,Autotransporte de Tarija no acató el paro de 24 horas y trabajó normalmente,https://eldeber.com.bo/tarija/autotransporte-tarija-no-acato-paro-24-horas-trabajo-normalmente_1790628767
Opinion,2026-09-28,16:52,Estado de excepción: entre la protección del orden público y la restricción de derechos,https://www.opinion.com.bo/pais/estado-excepcion-entre-proteccion-orden-publico-restriccion-derechos/20260928165252996811.html
Red Uno,2026-09-28,16:53,El vicepresidente Lara presenta un presunto audio que vincularía a Cerimedo con el narcotráfico,https://www.reduno.com.bo/noticias/el-vicepresidente-lara-presenta-un-presunto-audio-que-vincularia-a-cerimedo-con-el-narcotrafico-2026928164117
El Diario,2026-09-28,16:54,"A pasos del Palacio de Gobierno, se pierde agua por una cañería rota",https://www.eldiario.net/portal/2026/09/28/a-pasos-del-palacio-de-gobierno-se-pierde-agua-por-una-caneria-rota-1655/
Red Uno,2026-09-28,16:56,Tuto pide una investigación congresal tras las restricciones de visas de EE.UU.,https://www.reduno.com.bo/noticias/tuto-pide-una-investigacion-congresal-tras-las-restricciones-de-visas-de-ee-uu-202692816470
La Razon,2026-09-28,16:58,Rodríguez Veltzé pide a Paz informarse sobre el fallo de La Haya y reivindica su utilidad ante Chile,https://larazon.bo/nacional/2026/09/28/rodriguez-veltze-pide-a-paz-informarse-sobre-el-fallo-de-la-haya-y-reivindica-su-utilidad-ante-chile/
La Razon,2026-09-28,17:01,Tuto exige a Chile sustentar acusación por ‘narcomadera’ o resarcir a Bolivia,https://larazon.bo/nacional/2026/09/28/tuto-exige-a-chile-sustentar-acusacion-por-narcomadera-o-resarcir-a-bolivia/
La Razon,2026-09-28,17:01,Trump niega que haya ofrecido a Xi vender armas a China,https://larazon.bo/mundo/2026/09/28/trump-niega-que-haya-ofrecido-a-xi-vender-armas-a-china/
Diez,2026-09-28,17:03,Italia recupera la confianza con una goleada ante Turquía,https://diez.bo/futbol/italia-recupera-la-confianza-con-una-goleada-ante-turquia_1790629431
Opinion,2026-09-28,17:03,¡De Uberlandia a Bolivia! UNITEPC recibe a la Directora de Asuntos Internacionales de la UFU,https://www.opinion.com.bo/cochabamba/uberlandia-bolivia-unitepc-recibe-directora-asuntos-internacionales-ufu/20260928170355996814.html
Red Uno,2026-09-28,17:04,Paz confirma el aseguramiento de $us 10.000 millones para la reactivación económica tras su gira por EEUU,https://www.reduno.com.bo/noticias/paz-confirma-el-aseguramiento-de-us-10-000-millones-para-la-reactivacion-economica-tras-su-gira-por-eeuu-2026928155858
El Deber,2026-09-28,17:06,Sedes identifica a ocho personas expuestas tras caso de rabia canina,https://eldeber.com.bo/santa-cruz/sedes-identifica-ocho-personas-expuestas-caso-rabia-canina_1790628066
Diez,2026-09-28,17:08,Francia vence a Bélgica con un golazo de Olise sobre el final,https://diez.bo/futbol/francia-vence-a-belgica-con-un-golazo-de-olise-sobre-el-final_1790629733
La Razon,2026-09-28,17:10,Movilización de Morales coincidirá con la visita de Kast a Bolivia,https://larazon.bo/nacional/2026/09/28/movilizacion-de-morales-coincidira-con-la-visita-de-kast-a-bolivia/
Red Uno,2026-09-28,17:10,Escudo de las Américas se pronuncia tras veto a Roger Mariaca,https://www.reduno.com.bo/noticias/escudo-de-las-americas-se-pronuncia-tras-veto-a-roger-mariaca-20269281730
Unitel,2026-09-28,17:10,Hallan maniatado y amordazado el cadáver de un hombre en el trópico de Cochabamba,https://unitel.bo/noticias/seguridad/hallan-maniatado-y-amordazado-el-cadaver-de-un-hombre-en-el-tropico-de-cochabamba-LB23777950
Opinion,2026-09-28,17:11,Un borochi cruza la carretera en Riberalta y deja una nueva evidencia de su presencia,https://www.opinion.com.bo/tendencias/borochi-cruza-carretera-riberalta-deja-nueva-evidencia-presencia/20260928171145996816.html
Opinion,2026-09-28,17:12,El gobernador Leonardo loza entrega equipos a los hospitales Viedma y Materno Infantil,https://www.opinion.com.bo/cochabamba/gobernador-leonardo-loza-entrega-equipos-hospitales-viedma-materno-infantil/20260928171243996818.html
Vision 360,2026-09-28,17:12,Olise le da la victoria a Francia sobre Bélgica en el final sin la presencia de Mbappé,https://www.vision360.bo/noticias/2026/09/28/69928-olise-le-da-la-victoria-a-francia-sobre-belgica-en-el-final-sin-la-presencia-de-mbappe
Unitel,2026-09-28,17:13,"Acusaciones de EEUU contra fiscal Mariaca por narcotráfico “ponen en duda la credibilidad de la Fiscalía”, dice UN",https://unitel.bo/noticias/politica/acusaciones-de-eeuu-contra-fiscal-mariaca-por-narcotrafico-ponen-en-duda-la-credibilidad-de-la-fiscalia-dice-un-JB23778045
El Deber,2026-09-28,17:15,Dos asesinatos en Santa Cruz movilizan a la Policía,https://eldeber.com.bo/santa-cruz/dos-asesinatos-santa-cruz-movilizan-policia_1790629407
La Razon,2026-09-28,17:15,Irán niega que vaya a retomar las negociaciones con EEUU,https://larazon.bo/mundo/2026/09/28/iran-niega-que-vaya-a-retomar-las-negociaciones-con-eeuu/
La Razon,2026-09-28,17:15,Quiroga pide investigar a autoridades de la lista de EEUU y cuestiona credibilidad de la Fiscalía,https://larazon.bo/nacional/2026/09/28/quiroga-pide-investigar-a-autoridades-de-la-lista-de-eeuu-y-cuestiona-credibilidad-de-la-fiscalia/
Unitel,2026-09-28,17:15,¿Qué se sabe del exinspector de la Policía incluido en la lista de vetados de EEUU?,https://unitel.bo/noticias/seguridad/que-se-sabe-del-exinspector-de-la-policia-incluido-en-la-lista-de-vetados-de-eeuu-EB23777715
Opinion,2026-09-28,17:16,Hallan muerto a un hombre en un río de Valle Sacta; estaba maniatado y autopsia establece estrangulación,https://www.opinion.com.bo/policial/hallan-muerto-hombre-rio-valle-sacta-estaba-maniatado-autopsia-establece-estrangulacion/20260928171651996820.html
Red Uno,2026-09-28,17:20,GPS de celular robado permite capturar a cuatro adolescentes tras asalto en Cochabamba,https://www.reduno.com.bo/noticias/gps-de-celular-robado-permite-capturar-a-cuatro-adolescentes-tras-asalto-en-cochabamba-2026928135730
La Razon,2026-09-28,17:21,Madre de trillizas pide ayuda mientras sus bebés permanecen en terapia intensiva,https://larazon.bo/sociedad/2026/09/28/madre-de-trillizas-pide-ayuda-mientras-sus-bebes-permanecen-en-terapia-intensiva/
La Razon,2026-09-28,17:22,Lula enfrenta al hijo de Bolsonaro en su última batalla electoral,https://larazon.bo/mundo/2026/09/28/lula-enfrenta-al-hijo-de-bolsonaro-en-su-ultima-batalla-electoral/
ANF,2026-09-28,17:23,Edmand Lara anuncia fiscalización al viaje de Paz a EEUU y pide detalles sobre los gastos,https://www.noticiasfides.com/nacional/politica/edmand-lara-anuncia-fiscalizacion-al-viaje-de-paz-a-eeuu-y-pide-detalles-sobre-los-gastos
La Razon,2026-09-28,17:24,Del Granado plantea 3% para la justicia y comisión de postulaciones,https://larazon.bo/nacional/2026/09/28/del-granado-plantea-3-para-la-justicia-y-comision-de-postulaciones/
El Deber,2026-09-28,17:25,¿Quiénes son las autoridades y exautoridades bolivianas a las que EEUU restringió el visado?,https://eldeber.com.bo/pais/quienes-autoridades-exautoridades-bolivianas-eeuu-restringio-visado_1790630217
La Razon,2026-09-28,17:27,El precio del petróleo oscila ante la incertidumbre diplomática,https://larazon.bo/mundo/2026/09/28/el-precio-del-petroleo-oscila-ante-la-incertidumbre-diplomatica/
Diez,2026-09-28,17:28,FIFA evalúa aumentar la financiación para sus 211 federaciones,https://diez.bo/futbol/fifa-evalua-aumentar-la-financiacion-para-sus-211-federaciones_1790630905
Red Uno,2026-09-28,17:29,"La Paz: Joven es asaltado por cuatro sujetos, entre ellos menores de edad",https://www.reduno.com.bo/noticias/la-paz-joven-es-asaltado-por-cuatro-sujetos-entre-ellos-menores-de-edad-20269281479
ANF,2026-09-28,17:30,"EE.UU. veta a 21 bolivianos, entre ellos a varios del sistema judicial, para ingresar a su territorio",https://www.noticiasfides.com/justicia/ee-uu-veta-a-21-bolivianos-entre-ellos-a-varios-del-sistema-judicial-para-ingresar-a-su-territorio
La Razon,2026-09-28,17:31,Compran 15.000 kits para convertir vehículos del transporte público a GNV,https://larazon.bo/economia-y-empresa/2026/09/28/compran-15-000-kits-para-convertir-vehiculos-del-transporte-publico-a-gnv/
El Diario,2026-09-28,17:33,Paz destaca resultados de su viaje a la Asamblea General de la ONU,https://www.eldiario.net/portal/2026/09/28/paz-destaca-resultados-de-su-viaje-a-la-asamblea-general-de-la-onu/
Vision 360,2026-09-28,17:33,Jovani Welch cumplió un partido de su suspensión y está listo para volver en el Tigre,https://www.vision360.bo/noticias/2026/09/28/69922-jovani-welch-cumplio-un-partido-de-su-suspension-y-esta-listo-para-volver-en-el-tigre
La Razon,2026-09-28,17:34,El Papa pide ‘tomar en serio’ preocupaciones sobre la IA,https://larazon.bo/mundo/2026/09/28/el-papa-pide-tomar-en-serio-preocupaciones-sobre-la-ia/
El Diario,2026-09-28,17:35,Gobierno apoyará para descongestionar Ceja,https://www.eldiario.net/portal/2026/09/28/gobierno-apoyara-para-descongestionar-ceja/
El Deber,2026-09-28,17:36,Tuto pide investigación en la Asamblea por visas de EEUU y trae a la memoria los narcovínculos,https://eldeber.com.bo/pais/tuto-pide-investigacion-asamblea-visas-eeuu-trae-memoria-narcovinculos_1790629806
El Diario,2026-09-28,17:37,Su Santidad llama a deponer actitudes en nombre de la paz,https://www.eldiario.net/portal/2026/09/28/su-santidad-llama-a-deponer-actitudes-en-nombre-de-la-paz/
ANF,2026-09-28,17:39,Paz anuncia que URUPABOL apoyará en el transporte de crudo por la hidrovía Paraguay-Paraná,https://www.noticiasfides.com/economia/paz-anuncia-que-urupabol-apoyara-en-el-transporte-de-crudo-por-la-hidrovia-paraguay-parana
El Diario,2026-09-28,17:39,Beni y Santa Cruz reportan falta de gasolina de aviación,https://www.eldiario.net/portal/2026/09/28/beni-y-santa-cruz-reportan-falta-de-gasolina-de-aviacion/
El Deber,2026-09-28,17:40,Saucedo: Cada Estado puede disponer de sus propias políticas migratorias,https://eldeber.com.bo/pais/saucedo-cada-estado-puede-disponer-propias-politicas-migratorias_1790631475
El Diario,2026-09-28,17:41,China principal destino de la carne boliviana,https://www.eldiario.net/portal/2026/09/28/china-principal-destino-de-la-carne-boliviana/
El Diario,2026-09-28,17:43,EEUU acusa a Mariaca de facilitar el narcotráfico,https://www.eldiario.net/portal/2026/09/28/eeuu-acusa-a-mariaca-de-facilitar-el-narcotrafico/
La Razon,2026-09-28,17:45,Acuerdan devolverle vivienda a jubilada de Madrid tras desalojo,https://larazon.bo/mundo/2026/09/28/acuerdan-devolverle-vivienda-a-jubilada-de-madrid-tras-desalojo/
Unitel,2026-09-28,17:47,La Paz: Se registran disparos en plena vía pública tras presunto intento de atraco a un vehículo,https://unitel.bo/noticias/seguridad/la-paz-se-registran-disparos-en-plena-via-publica-tras-presunto-intento-de-atraco-a-un-vehiculo-KB23779164
Red Uno,2026-09-28,17:48,"¿Quién es Martín Daniel Irusta, uno de los vetados por EEUU?",https://www.reduno.com.bo/noticias/quien-es-martin-daniel-irusta-uno-de-los-vetados-por-eeuu-202692817335
La Razon,2026-09-28,17:52,Urupabol viabiliza transporte de crudo por la Hidrovía a refinerías de Bolivia,https://larazon.bo/economia-y-empresa/2026/09/28/urupabol-viabiliza-transporte-de-crudo-por-la-hidrovia-a-refinerias-de-bolivia/
El Deber,2026-09-28,17:58,Concejales rechazan paro del transporte y ratifican necesidad de estudio técnico,https://eldeber.com.bo/santa-cruz/concejales-rechazan-paro-transporte-ratifican-necesidad-estudio-tecnico_1790630973
La Razon,2026-09-28,18:00,Chile anuncia plan para crear más de 100.000 empleos,https://larazon.bo/mundo/2026/09/28/chile-anuncia-plan-para-crear-mas-de-100-000-empleos/
Red Uno,2026-09-28,18:00,"""Está vivo"": Captan los últimos minutos del hombre acribillado en el segundo anillo y Av. Mutualista",https://www.reduno.com.bo/noticias/esta-vivo-captan-los-ultimos-minutos-del-hombre-acribillado-en-el-segundo-anillo-y-av-mutualista-2026928174456
Vision 360,2026-09-28,18:00,Bolivia rivalizará con Lituania en los Play-Offs del Grupo Mundial I de la Copa Davis,https://www.vision360.bo/noticias/2026/09/28/69865-bolivia-rivalizara-con-lituania-en-los-play-offs-del-grupo-mundial-i-de-la-copa-davis
Vision 360,2026-09-28,18:01,Resolución municipal permitirá a titulares de vehículos solicitar la baja tributaria y bloquear la compra de combustible,https://www.vision360.bo/noticias/2026/09/28/69919-resolucion-municipal-permitira-a-titulares-de-vehiculos-solicitar-la-baja-tributaria-y-bloquear-la-compra-de-combustible
Unitel,2026-09-28,18:04,"“Cada juez es responsable de sus resoluciones”, dice presidente del TSJ sobre autoridades vetadas por EEUU",https://unitel.bo/noticias/seguridad/cada-juez-es-responsable-de-sus-resoluciones-dice-presidente-del-tsj-sobre-autoridades-vetadas-por-eeuu-AB23779393
La Razon,2026-09-28,18:07,Zegarra pedirá informe sobre viaje de Paz a Estados Unidos,https://larazon.bo/nacional/2026/09/28/zegarra-pedira-informe-sobre-viaje-de-paz-a-estados-unidos/
La Razon,2026-09-28,18:11,ABE explora opciones para renovar la conectividad satelital de Bolivia,https://larazon.bo/economia-y-empresa/2026/09/28/abe-explora-opciones-para-renovar-la-conectividad-satelital-de-bolivia/
Red Uno,2026-09-28,18:15,El dólar paralelo cierra este lunes con variaciones a la baja en el mercado informal,https://www.reduno.com.bo/noticias/el-dolar-paralelo-cierra-este-lunes-con-variaciones-a-la-baja-en-el-mercado-informal-20269281859
Unitel,2026-09-28,18:15,“Tengo que tener el doble de presupuesto”: Preocupación en familias por el alza de precios de la canasta familiar,https://unitel.bo/noticias/economia/tengo-que-tener-el-doble-de-presupuesto-preocupacion-en-familias-por-el-alza-de-precios-de-la-canasta-familiar-EB23779937
Red Uno,2026-09-28,18:20,Incendio en un taller de colchones causa alarma entre vecinos del Plan Tres Mil,https://www.reduno.com.bo/noticias/incendio-en-un-taller-de-colchones-causa-alarma-entre-vecinos-del-plan-tres-mil-2026928141122
La Razon,2026-09-28,18:21,TSJ anuncia para el miércoles la apelación del caso Marcelo Arce,https://larazon.bo/nacional/2026/09/28/tsj-anuncia-para-el-miercoles-la-apelacion-del-caso-marcelo-arce/
La Razon,2026-09-28,18:27,TSJ advierte que la domiciliaria de Tatiana Marset puede ser revocada,https://larazon.bo/nacional/2026/09/28/tsj-advierte-que-la-domiciliaria-de-tatiana-marset-puede-ser-revocada/
Vision 360,2026-09-28,18:27,Dos nuevos accidentes en los socavones de las cooperativas de Potosí elevan a 115 la cifra de mineros muertos,https://www.vision360.bo/noticias/2026/09/28/69898-dos-nuevos-accidentes-en-los-socavones-de-las-cooperativas-de-potosi-elevan-a-115-la-cifra-de-mineros-muertos
El Deber,2026-09-28,18:29,¿Por qué le revocaron la visa americana al fiscal Mariaca?,https://eldeber.com.bo/pais/le-revocaron-visa-americana-fiscal-mariaca_1790633287
La Razon,2026-09-28,18:29,El Presidente cuestiona fábricas estatales y anuncia impulso a APP,https://larazon.bo/economia-y-empresa/2026/09/28/el-presidente-cuestiona-fabricas-estatales-y-anuncia-impulso-a-app/
El Deber,2026-09-28,18:30,Óscar Mario Justiniano: “Hubo países que quisieron donarle a Bolivia $us 500 millones en pro del medio ambiente”,https://eldeber.com.bo/economia/justiniano-estamos-dias-salgan-normas-financiamiento-climatico_1790629504
Unitel,2026-09-28,18:30,¿Cuándo regresan los micros de manera plena a Santa Cruz? Esto dicen los dirigentes del sector,https://unitel.bo/noticias/economia/cuando-regresan-los-micros-de-manera-plena-a-santa-cruz-esto-dicen-los-dirigentes-del-sector-MO23780297
El Deber,2026-09-28,18:32,Trabajadores de la Prensa exigen sanciones tras agresión policial a periodista en San José de Chiquitos,https://eldeber.com.bo/santa-cruz/trabajadores-prensa-exigen-sanciones-agresion-policial-periodista-san-jose-chiquitos_1790634741
ANF,2026-09-28,18:34,"Tras veto de EE.UU. a Mariaca, el presidente del TSJ dice que cada Estado define sus políticas migratorias",https://www.noticiasfides.com/justicia/tras-veto-de-ee-uu-a-mariaca-el-presidente-del-tsj-dice-que-cada-estado-define-sus-politicas-migratorias
Red Uno,2026-09-28,18:40,“No vamos a socapar a ninguna autoridad”: Saucedo tras anunciar revisión del caso de Tatiana Marset,https://www.reduno.com.bo/noticias/no-vamos-a-socapar-a-ninguna-autoridad-saucedo-tras-anunciar-revision-del-caso-de-tatiana-marset-2026928182245
Diez,2026-09-28,18:42,"Arrascaeta, figura del Flamengo, será operado a dos semanas de semifinales de Libertadores",https://diez.bo/futbol/arrascaeta-figura-del-flamengo-sera-operado-a-dos-semanas-de-semifinales-de-libertadores_1790635373
La Razon,2026-09-28,18:42,IICA y FAO lanzan Rueda Virtual de Negocios Agroalimentarios,https://larazon.bo/economia-y-empresa/2026/09/28/iica-y-fao-lanzan-rueda-virtual-de-negocios-agroalimentarios/
La Razon,2026-09-28,18:43,Sedes Santa Cruz refuerza la prevención contra la rabia y llama a vacunar a las mascotas,https://larazon.bo/ciudades/2026/09/28/sedes-santa-cruz-refuerza-la-prevencion-contra-la-rabia-y-llama-a-vacunar-a-las-mascotas/
Red Uno,2026-09-28,18:43,Último: Se reporta balacera en la calle Los Andes de La Paz,https://www.reduno.com.bo/noticias/ultimo-se-reporta-balacera-en-la-calle-los-andes-de-la-paz-202692818280
La Razon,2026-09-28,18:46,Alcaldía de La Paz busca a los padres de un bebé que fue abandonado en una caja de cartón,https://larazon.bo/sociedad/2026/09/28/alcaldia-de-la-paz-busca-a-los-padres-de-un-bebe-que-fue-abandonado-en-una-caja-de-carton/
Unitel,2026-09-28,18:47,"“El Escudo de las Américas se trata de acción y resultados”, señala vicesecretario de Estado de EEUU",https://unitel.bo/noticias/seguridad/el-escudo-de-las-americas-se-trata-de-accion-y-resultados-senala-vicesecretario-de-estado-de-eeuu-JO23780696
La Razon,2026-09-28,18:48,Gobierno lleva la socialización sobre el litio a Potosí y Oruro,https://larazon.bo/economia-y-empresa/2026/09/28/gobierno-lleva-la-socializacion-sobre-el-litio-a-potosi-y-oruro/
La Razon,2026-09-28,18:48,La apelación de cercanos a Marset será el 1 de octubre,https://larazon.bo/nacional/2026/09/28/la-apelacion-de-cercanos-a-marset-sera-el-1-de-octubre/
Diez,2026-09-28,18:49,Franco Arancibia se queda con el subcampeonato en el J30 de Punta Cana,https://diez.bo/tenis/franco-arancibia-se-queda-con-el-subcampeonato-en-el-j30-de-punta-cana_1790635755
El Diario,2026-09-28,18:50,Asalto a joyería termina en balacera y cierre de calle en La Paz,https://www.eldiario.net/portal/2026/09/28/asalto-a-joyeria-termina-en-balacera-y-cierre-de-calle-en-la-paz-1850/
La Razon,2026-09-28,18:51,Salud impulsa campaña nacional para detectar a tiempo el cáncer infantil,https://larazon.bo/sociedad/2026/09/28/salud-impulsa-campana-nacional-para-detectar-a-tiempo-el-cancer-infantil/
Diez,2026-09-28,18:52,Bolivia recibe a Lituania en una Copa Davis de primer nivel,https://diez.bo/tenis/bolivia-recibe-a-lituania-en-una-copa-davis-de-primer-nivel_1790635937
La Razon,2026-09-28,18:55,La Aduana decomisa cosméticos de contrabando,https://larazon.bo/ciudades/2026/09/28/la-aduana-decomisa-cosmeticos-de-contrabando/
Vision 360,2026-09-28,18:55,Infantino inicia conversaciones para aumentar la financiación a todas las asociaciones,https://www.vision360.bo/noticias/2026/09/28/69931-infantino-inicia-conversaciones-para-aumentar-la-financiacion-a-todas-las-asociaciones
Vision 360,2026-09-28,18:55,Quiroga califica de “máxima gravedad” que EEUU quite visas a autoridades y exfuncionarios y pide investigar en la Asamblea,https://www.vision360.bo/noticias/2026/09/28/69934-quiroga-califica-de-maxima-gravedad-que-eeuu-quite-visas-a-autoridades-y-exfuncionarios-y-pide-investigar-en-la-asamblea
La Razon,2026-09-28,18:56,Perú plantea avanzar en futura interconexión eléctrica con Bolivia,https://larazon.bo/economia-y-empresa/2026/09/28/peru-plantea-avanzar-en-futura-interconexion-electrica-con-bolivia/
La Razon,2026-09-28,19:01,Alerta Amarilla en Tarija por posible crecida y desborde de ríos,https://larazon.bo/ciudades/2026/09/28/alerta-amarilla-en-tarija-por-posible-crecida-y-desborde-de-rios/
La Razon,2026-09-28,19:04,Paz asegura recursos para la ruta bioceánica amazónica y comercio regional,https://larazon.bo/economia-y-empresa/2026/09/28/paz-asegura-recursos-para-la-ruta-bioceanica-amazonica-y-comercio-regional/
El Diario,2026-09-28,19:05,Argentina da ultimátum a Reino Unido para frenar la explotación petrolera en las Malvinas,https://www.eldiario.net/portal/2026/09/28/argentina-da-ultimatum-a-reino-unido-para-frenar-la-explotacion-petrolera-en-las-malvinas-1905/
La Razon,2026-09-28,19:06,Acribillan a dos hombres en dos zonas de Santa Cruz,https://larazon.bo/ciudades/2026/09/28/acribillan-a-dos-hombres-en-dos-zonas-de-santa-cruz/
Red Uno,2026-09-28,19:08,"""Me dieron con una picota y dispararon al escapar"": El dramático relato de víctima tras asalto en Cochabamba",https://www.reduno.com.bo/noticias/me-dieron-con-una-picota-y-dispararon-al-escapar-el-dramatico-relato-de-victima-tras-asalto-en-cochabamba-202692819635
El Diario,2026-09-28,19:09,Reino Unido: liberan bajo fianza a detenidos en la base aérea de Fairford,https://www.eldiario.net/portal/2026/09/28/reino-unido-liberan-bajo-fianza-a-detenidos-en-la-base-aerea-de-fairford-1910/
La Razon,2026-09-28,19:13,Saucedo evita opinar sobre restricciones de EEUU y reivindica soberanía,https://larazon.bo/nacional/2026/09/28/saucedo-evita-opinar-sobre-restricciones-de-eeuu-y-reivindica-soberania/
ANF,2026-09-28,19:14,Legisladores cuestionan demora en la designación de embajadores y que se haya gastado en una separata en EEUU,https://www.noticiasfides.com/nacional/politica/legisladores-cuestionan-demora-en-la-designacion-de-embajadores-y-que-se-haya-gastado-en-una-separata-en-eeuu
El Deber,2026-09-28,19:14,Crimen en la Pampa de la Isla: víctima recibió un disparo de un motociclista,https://eldeber.com.bo/santa-cruz/crimen-pampa-isla-victima-recibio-disparo-motociclista_1790634902
El Deber,2026-09-28,19:17,Chofer es aprehendido tras ser vinculado como cómplice del asesinato de un librecambista,https://eldeber.com.bo/santa-cruz/chofer-aprehendido-ser-vinculado-complice-asesinato-librecambista_1790636345
El Diario,2026-09-28,19:18,Brasil refuerza controles para evitar aumentos abusivos en combustibles,https://www.eldiario.net/portal/2026/09/28/brasil-refuerza-controles-para-evitar-aumentos-abusivos-en-combustibles-1918/
La Razon,2026-09-28,19:20,TSJ vigilará el debido proceso en audiencias de casos Marset y Marcelo Arce,https://larazon.bo/nacional/2026/09/28/tsj-vigilara-el-debido-proceso-en-audiencias-de-casos-marset-y-marcelo-arce/
Red Uno,2026-09-28,19:20,Balacera en la av. Mutualista deja una víctima fortuita de 73 años,https://www.reduno.com.bo/noticias/balacera-en-la-av-mutualista-deja-una-victima-fortuita-de-73-anos-2026928182234
Red Uno,2026-09-28,19:25,Alerta por rabia canina en la zona norte de Santa Cruz: ocho personas en vigilancia médica,https://www.reduno.com.bo/noticias/alerta-por-rabia-canina-en-la-zona-norte-de-santa-cruz-ocho-personas-en-vigilancia-medica-2026928183115
Red Uno,2026-09-28,19:28,(Video) Así fue grabado el momento de la balacera reportada en la calle Los Andes de La Paz,https://www.reduno.com.bo/noticias/video-asi-fue-grabado-el-momento-de-la-balacera-reportada-en-la-calle-los-andes-de-la-paz-202692819652
ANF,2026-09-28,19:29,Papa León XIV nombra a Monseñor Nicolás Renán Aguilera como Administrador Apostólico de la Arquidiócesis de Sucre,https://www.noticiasfides.com/iglesia/papa-leon-xiv-nombra-a-monsenor-nicolas-renan-aguilera-como-administrador-apostolico-de-la-arquidiocesis-de-sucre
El Deber,2026-09-28,19:37,Asamblea pide a Mariaca apartarse del cargo mientras llegan informes desde EEUU,https://eldeber.com.bo/pais/asamblea-pide-mariaca-apartarse-cargo-mientras-llegan-informes-eeuu_1790638236
Unitel,2026-09-28,19:37,"“Cooperación sí, injerencia no”: Mariaca rechaza acusación de EEUU y dice que pesquisas del caso Cerimedo seguirán adelante",https://unitel.bo/noticias/seguridad/cooperacion-si-injerencia-no-mariaca-rechaza-acusacion-de-eeuu-y-dice-que-pesquisas-del-caso-cerimedo-seguiran-adelante-AO23781463
Unitel,2026-09-28,19:37,Presidentes del Senado y Diputados consideran que Mariaca debe dejar el cargo mientras se investigan las acusaciones de EEUU,https://unitel.bo/noticias/politica/presidentes-del-senado-y-diputados-consideran-que-mariaca-debe-dejar-el-cargo-mientras-se-investigan-las-acusaciones-de-eeuu-BO23781440
El Deber,2026-09-28,19:41,"Mariaca: ""La función pública no puede estar condicionada por el temor""",https://eldeber.com.bo/pais/mariaca-funcion-publica-no-puede-estar-condicionada-temor_1790638708
El Deber,2026-09-28,19:48,La Paz: Balacera en Los Andes moviliza a la Policía; sospechosos abandonan un vehículo y una motocicleta,https://eldeber.com.bo/pais/paz-balacera-andes-moviliza-policia-sospechosos-abandonan-vehiculo-motocicleta_1790638578
El Deber,2026-09-28,19:50,Identifican al hombre acribillado en la Mutualista; su pareja quedó herida,https://eldeber.com.bo/santa-cruz/identifican-hombre-acribillado-mutualista-pareja-quedo-herida_1790638852
El Deber,2026-09-28,19:55,Paz anuncia misiones del BID y la CAF para octubre y noviembre,https://eldeber.com.bo/economia/paz-anuncia-misiones-bid-caf-octubre-noviembre_1790639091
Diez,2026-09-28,19:56,"Virginia USC, San Juan y CNSC Academia esperan el sorteo de octavos de la Simón Bolívar",https://diez.bo/futbol/virginia-usc-san-juan-y-cnsc-academia-esperan-el-sorteo-de-octavos-de-la-simon-bolivar_1790639771
Vision 360,2026-09-28,19:56,Argentina reanudó este lunes sus entrenamientos de cara al cotejo con Bolivia,https://www.vision360.bo/noticias/2026/09/28/69937-argentina-reanudo-este-lunes-sus-entrenamientos-de-cara-al-cotejo-con-bolivia
Vision 360,2026-09-28,19:58,Mariaca rechaza acusaciones de EEUU y pide respeto a la independencia de Bolivia,https://www.vision360.bo/noticias/2026/09/28/69940-mariaca-rechaza-acusaciones-de-eeuu-y-pide-respeto-a-la-independencia-de-bolivia
La Razon,2026-09-28,20:02,Mariaca: ‘No aceptamos que desde el exterior se cuestione mi trabajo’,https://larazon.bo/nacional/2026/09/28/mariaca-no-aceptamos-que-desde-el-exterior-se-cuestione-mi-trabajo/
ANF,2026-09-28,20:06,Legislativo pide a Mariaca dejar el cargo mientras se esperan informes de EE.UU. sobre nexos con el narcotráfico,https://www.noticiasfides.com/nacional/politica/legislativo-pide-a-mariaca-dejar-el-cargo-mientras-se-esperan-informes-de-ee-uu-sobre-nexos-con-el-narcotrafico
Unitel,2026-09-28,20:14,"Tras acusación de EEUU a Mariaca, el Gobierno solicitará información complementaria y pruebas para una investigación",https://unitel.bo/noticias/politica/tras-acusacion-de-eeuu-a-mariaca-el-gobierno-solicitara-informacion-complementaria-y-pruebas-para-una-investigacion-OO23781834
ERBOL,2026-09-28,20:20,Fiscal Mariaca pide no injerencia de EEUU tras sanción y respeto a la soberanía de Bolivia,https://erbol.com.bo/seguridad/fiscal-mariaca-pide-no-injerencia-de-eeuu-tras-sanci%C3%B3n-y-respeto-la-soberan%C3%ADa-de-bolivia
Unitel,2026-09-28,20:25,Gobierno confirma que se retiró de la Policía al exdirector de la Felcn vetado por EEUU y anuncia que será investigado,https://unitel.bo/noticias/seguridad/gobierno-confirma-que-se-retiro-de-la-policia-al-exdirector-de-la-felcn-vetado-por-eeuu-y-anuncia-que-sera-investigado-JO23781910
La Razon,2026-09-28,20:26,Bolivia recibe a Lituania en una Copa Davis de primer nivel,https://larazon.bo/marcas/2026/09/28/bolivia-recibe-a-lituania-en-una-copa-davis-de-primer-nivel/
Vision 360,2026-09-28,20:26,“Una denuncia no es una sentencia”: Senado y Diputados piden a EEUU información sobre Mariaca,https://www.vision360.bo/noticias/2026/09/28/69943-una-denuncia-no-es-una-sentencia-senado-y-diputados-piden-a-eeuu-informacion-sobre-mariaca
Diez,2026-09-28,20:31,Bolivia volverá a jugar en Córdoba con Argentina después de diez años,https://diez.bo/futbol/bolivia-volvera-a-jugar-en-cordoba-con-argentina-despues-de-diez-anos_1790628030
La Razon,2026-09-28,20:33,Franco Arancibia se consagra subcampeón en República Dominicana,https://larazon.bo/marcas/2026/09/28/franco-arancibia-se-consagra-subcampeon-en-republica-dominicana/
Vision 360,2026-09-28,20:35,"Keiko Fujimori sube en 29 dólares el salario mínimo mensual en Perú, hasta los 361 dólares",https://www.vision360.bo/noticias/2026/09/28/69946-keiko-fujimori-sube-en-29-dolares-el-salario-minimo-mensual-en-peru-hasta-los-361-dolares
Red Uno,2026-09-28,20:36,Gobierno dice que colaborará con investigaciones tras señalamientos de EEUU,https://www.reduno.com.bo/noticias/gobierno-dice-que-colaborara-con-investigaciones-tras-senalamientos-de-eeuu-2026928202410
ANF,2026-09-28,20:38,Fiscal afirma que no retrocederá en investigaciones sobre Cerimedo tras ser acusado por EE.UU. de recibir sobornos,https://www.noticiasfides.com/nacional/politica/fiscal-afirma-que-no-retrocedera-en-investigaciones-sobre-cerimedo-tras-ser-acusado-por-ee-uu-de-recibir-sobornos
Unitel,2026-09-28,20:38,Choferes piden estudios técnicos antes de convertir vehículos de alto tonelaje a GNV y advierten pérdida de fuerza del motor,https://unitel.bo/noticias/economia/choferes-piden-estudios-tecnicos-antes-de-convertir-vehiculos-de-alto-tonelaje-a-gnv-y-advierten-perdida-de-fuerza-del-motor-CO23782154
La Razon,2026-09-28,20:39,Justiniano: Los señalamientos contra Mariaca son graves y deben investigarse,https://larazon.bo/nacional/2026/09/28/justiniano-los-senalamientos-de-eeuu-contra-mariaca-son-graves-y-deben-investigarse/
El Deber,2026-09-28,20:41,Gobierno ve “muy graves” acusaciones contra Mariaca y pedirá pruebas a EEUU,https://eldeber.com.bo/pais/gobierno-ve-graves-acusaciones-mariaca-pedira-pruebas-eeuu_1790641976
Red Uno,2026-09-28,20:41,Transporte anuncia ampliado para definir nuevas medidas en Santa Cruz,https://www.reduno.com.bo/noticias/transporte-anuncia-ampliado-para-definir-nuevas-medidas-en-santa-cruz-202692820289
La Razon,2026-09-28,20:42,"Francia de Zidane mantiene pleno, la Italia de Mancini reacciona",https://larazon.bo/marcas/2026/09/28/francia-de-zidane-mantiene-pleno-la-italia-de-mancini-reacciona/
Los Tiempos,2026-09-28,20:42,Dos personas mueren acribilladas en distintos lugares de Santa Cruz de la Sierra,https://www.lostiempos.com/actualidad/seguridad/20260928/dos-personas-mueren-acribilladas-distintos-lugares-santa-cruz-sierra
Unitel,2026-09-28,20:44,"Analista sobre lista de autoridades vetadas por EEUU: “En el caso de Mariaca, es un disparo con nombre y apellido”",https://unitel.bo/noticias/seguridad/analista-sobre-lista-de-autoridades-vetadas-por-eeuu-en-el-caso-de-mariaca-es-un-disparo-con-nombre-y-apellido-FO23782474
El Deber,2026-09-28,20:46,Micros vuelven este martes a las calles de Santa Cruz tras una jornada de paro,https://eldeber.com.bo/santa-cruz/micros-vuelven-este-martes-calles-santa-cruz-jornada-paro_1790642169
Red Uno,2026-09-28,20:52,Ministro de Defensa: “Los señalamientos de Estados Unidos son bastante graves”,https://www.reduno.com.bo/noticias/ministro-de-defensa-los-senalamientos-de-estados-unidos-son-bastante-graves-202692820408
ERBOL,2026-09-28,20:55,Gobierno pedirá información a EEUU sobre sancionados y anuncia investigaciones a fondo,https://erbol.com.bo/nacional/gobierno-pedir%C3%A1-informaci%C3%B3n-eeuu-sobre-sancionados-y-anuncia-investigaciones-fondo
La Razon,2026-09-28,20:55,"México ante Perú con ‘altas intensidades’, advierte Márquez",https://larazon.bo/marcas/2026/09/28/mexico-ante-peru-con-altas-intensidades-advierte-marquez/
Vision 360,2026-09-28,21:02,"Mariaca invoca principio de no injerencia, rechaza acusaciones de EEUU y advierte que nada frenará investigación a Cerimedo",https://www.vision360.bo/noticias/2026/09/28/69952-mariaca-invoca-principio-de-no-injerencia-rechaza-acusaciones-de-eeuu-y-advierte-que-nada-frenara-investigacion-a-cerimedo
La Razon,2026-09-28,21:03,‘Bocha’ Batista cesó como DT de Costa Rica tras mal inicio,https://larazon.bo/marcas/2026/09/28/bocha-batista-ceso-como-dt-de-costa-rica-tras-mal-inicio/
Los Tiempos,2026-09-28,21:03,Unidad de Comunicación Estratégica del Estado niega contratación o pago por separata publicada en USA Today,https://www.lostiempos.com/actualidad/pais/20260928/unidad-comunicacion-estrategica-del-estado-niega-contratacion-pago-separata
La Razon,2026-09-28,21:11,Estas son autoridades y exautoridades afectadas por las sanciones de EEUU,https://larazon.bo/nacional/2026/09/28/estas-son-autoridades-y-exautoridades-afectadas-por-las-sanciones-de-eeuu/
Vision 360,2026-09-28,21:11,La Unidad de Comunicación del Gobierno asegura que no contrató ni pagó la publicación de una separata en USA Today,https://www.vision360.bo/noticias/2026/09/28/69949-la-unidad-de-comunicacion-del-gobierno-asegura-que-no-contrato-ni-pago-la-publicacion-de-una-separata-en-usa-today
Red Uno,2026-09-28,21:14,Bolivia solicitará oficialmente información y antecedentes sobre revocación de visas a EEUU,https://www.reduno.com.bo/noticias/bolivia-solicitara-oficialmente-informacion-y-antecedentes-sobre-revocacion-de-visas-a-eeuu-2026928205919
Unitel,2026-09-28,21:14,Transporte cruceño anuncia un ampliado departamental este martes para determinar sus próximas medidas,https://unitel.bo/noticias/sociedad/transporte-cruceno-anuncia-un-ampliado-departamental-este-martes-para-determinar-sus-proximas-medidas-GO23782664
El Deber,2026-09-28,21:15,Así se vivió la jornada de movilización de los transportistas en Santa Cruz,https://eldeber.com.bo/santa-cruz/asi-vivio-jornada-movilizacion-transportistas-santa-cruz_1790643277
El Deber,2026-09-28,21:18,TSJ advierte que no encubrirá irregularidades en el caso de Tatiana Marset,https://eldeber.com.bo/santa-cruz/tsj-advierte-no-encubrira-irregularidades-caso-tatiana-marset_1790644374
Vision 360,2026-09-28,21:19,¿Vendiste tu auto y sigue a tu nombre? Guía ABC para tramitar la baja tributaria,https://www.vision360.bo/noticias/2026/09/28/69925-vendiste-tu-auto-y-sigue-a-tu-nombre-guia-abc-para-tramitar-la-baja-tributaria
El Deber,2026-09-28,21:24,Un ejecutivo de The New York Times es asesinado a tiros presuntamente por sus suegros,https://eldeber.com.bo/bbc/un-ejecutivo-de-the-new-york-times-es-asesinado-a-tiros-presuntamente-por-sus-suegros-2026928211618
El Deber,2026-09-28,21:26,Una niña prodigio británica de 11 años se convierte en la gran maestra más joven de la historia del ajedrez,https://eldeber.com.bo/bbc/una-nina-prodigio-britanica-de-11-anos-se-convierte-en-la-gran-maestra-mas-joven-de-la-historia-del-ajedrez-2026928214119
El Deber,2026-09-28,21:27,Alerta en la costa del Pacífico de México ante la llegada del huracán Polo a la península de Baja California,https://eldeber.com.bo/bbc/alerta-en-la-costa-del-pacifico-de-mexico-ante-la-llegada-del-huracan-polo-a-la-peninsula-de-baja-california-2026928164015
La Razon,2026-09-28,21:30,Castro y Ávila sugieren a Mariaca apartarse del cargo por denuncias de EEUU,https://larazon.bo/nacional/2026/09/28/castro-y-avila-sugieren-que-mariaca-se-aparte-del-cargo-mientras-se-aclaran-las-denuncias-de-eeuu/
Vision 360,2026-09-28,21:30,Lara defiende el debido proceso tras sanción de EEUU contra Mariaca y pide investigar “a todos”,https://www.vision360.bo/noticias/2026/09/28/69958-lara-defiende-el-debido-proceso-tras-sancion-de-eeuu-contra-mariaca-y-pide-investigar-a-todos
ANF,2026-09-28,21:32,Gobierno respalda solicitud del Legislativo para que Mariaca se aleje del cargo tras acusación de EE.UU.,https://www.noticiasfides.com/nacional/politica/gobierno-respalda-solicitud-del-legislativo-para-que-mariaca-se-aleje-del-cargo-tras-acusacion-de-ee-uu
Unitel,2026-09-28,21:32,“Estaba con hipotermia”: Hallan a un bebé dentro de una caja de cartón en la zona San Pedro de La Paz,https://unitel.bo/noticias/sociedad/estaba-con-hipotermia-hallan-a-un-bebe-dentro-de-una-caja-de-carton-en-la-zona-san-pedro-de-la-paz-PO23782872
Vision 360,2026-09-28,21:33,"Gobierno pedirá a EEUU información sobre retiro de visas a fiscales, jueces, magistrados y exautoridades",https://www.vision360.bo/noticias/2026/09/28/69955-gobierno-pedira-a-eeuu-informacion-sobre-retiro-de-visas-a-fiscales-jueces-magistrados-y-exautoridades
Unitel,2026-09-28,21:37,Lara sobre acusación de EEUU contra Mariaca: “Una lista no es una sentencia y una acusación no sustituye a las pruebas”,https://unitel.bo/noticias/seguridad/lara-sobre-acusacion-de-eeuu-contra-mariaca-una-lista-no-es-una-sentencia-y-una-acusacion-no-sustituye-a-las-pruebas-AO23783003
El Deber,2026-09-28,21:39,Parlamento de Bolivia pide información a EE.UU. sobre acusaciones contra el fiscal general,https://eldeber.com.bo/pais/parlamento-bolivia-pide-informacion-ee-uu-acusaciones-fiscal-general_1790645994
Red Uno,2026-09-28,21:40,CRE emite alerta por riesgo eléctrico y elevado consumo ante las altas temperaturas en Santa Cruz,https://www.reduno.com.bo/noticias/cre-emite-alerta-por-riesgo-electrico-y-elevado-consumo-ante-las-altas-temperaturas-en-santa-cruz-2026928181632
Red Uno,2026-09-28,21:42,"Sube el precio del aceite, el arroz y otros abarrotes en mercado de Santa Cruz",https://www.reduno.com.bo/noticias/sube-el-precio-del-aceite-el-arroz-y-otros-abarrotes-en-mercado-de-santa-cruz-2026928184331
Los Tiempos,2026-09-28,21:44,Fiscal General denuncia injerencia de EEUU por veto a su visa,https://www.lostiempos.com/actualidad/pais/20260928/fiscal-general-denuncia-injerencia-eeuu-veto-su-visa
El Deber,2026-09-28,21:47,Noticia falsa sobre la Virgen de Aparecida e hijo de Bolsonaro desata choque en Brasil,https://eldeber.com.bo/mundo/noticia-falsa-virgen-aparecida-hijo-bolsonaro-desata-choque-brasil_1790646423
Unitel,2026-09-28,21:47,"EEUU acusa a Mariaca, el fiscal apela a la no injerencia y el Gobierno anuncia que solicitará pruebas",https://unitel.bo/noticias/seguridad/eeuu-acusa-a-mariaca-el-fiscal-apela-a-la-no-injerencia-y-el-gobierno-anuncia-que-solicitara-pruebas-CO23783100
Red Uno,2026-09-28,21:51,Hallan el cadáver de un hombre maniatado y amordazado en un río de Valle Sacta; presumen ajuste de cuentas,https://www.reduno.com.bo/noticias/hallan-el-cadaver-de-un-hombre-maniatado-y-amordazado-en-un-rio-de-valle-sacta-presumen-ajuste-de-cuentas-2026928214758
El Deber,2026-09-28,21:52,"'La virgen de la tosquera', la película argentina que buscará una nominación a los Óscar",https://eldeber.com.bo/mundo/virgen-tosquera-pelicula-argentina-buscara-nominacion-oscar_1790646724
Los Tiempos,2026-09-28,22:00,Gobierno pedirá información a EEUU sobre sancionados,https://www.lostiempos.com/actualidad/pais/20260928/gobierno-pedira-informacion-eeuu-sancionados
Red Uno,2026-09-28,22:06,¡Atención! El sur llega a Santa Cruz con lluvias y alertan por posibles desbordes,https://www.reduno.com.bo/noticias/atencion-el-sur-llega-a-santa-cruz-con-lluvias-y-alertan-por-posibles-desbordes-2026928215436
Unitel,2026-09-28,22:12,OpenAI pospone lanzamiento de un nuevo modelo de IA por preocupaciones de seguridad,https://unitel.bo/noticias/mundo/openai-pospone-lanzamiento-de-un-nuevo-modelo-de-ia-por-preocupaciones-de-seguridad-EO23783654
La Razon,2026-09-28,22:13,Caso Maderas: delegación legislativa viaja a Arica a defender exportaciones,https://larazon.bo/nacional/2026/09/28/caso-maderas-delegacion-legislativa-viaja-a-arica-a-defender-exportaciones/
Red Uno,2026-09-28,22:13,Presidentes de ambas cámaras piden que Mariaca se aparte del cargo,https://www.reduno.com.bo/noticias/presidentes-de-ambas-camaras-piden-que-mariaca-se-aparte-del-cargo-2026928193136
Red Uno,2026-09-28,22:15,Avicultores de Cochabamba denuncian pérdidas por bajos precios del pollo y altos costos de producción,https://www.reduno.com.bo/noticias/avicultores-de-cochabamba-denuncian-perdidas-por-bajos-precios-del-pollo-y-altos-costos-de-produccion-2026928193645
La Razon,2026-09-28,22:17,Suben a 20 las empresas públicas en quiebra técnica,https://larazon.bo/economia-y-empresa/2026/09/28/suben-a-20-las-empresas-publicas-en-quiebra-tecnica/
Los Tiempos,2026-09-28,22:17,Presidentes del Senado y Diputados piden a Mariaca apartarse del cargo,https://www.lostiempos.com/actualidad/pais/20260928/presidentes-del-senado-diputados-piden-mariaca-apartarse-del-cargo
Red Uno,2026-09-28,22:19,Acompañante de hombre acribillado permanece internada tras ataque en la Av. Mutualista,https://www.reduno.com.bo/noticias/acompanante-de-hombre-acribillado-permanece-internada-tras-tiroteo-en-la-av-mutualista-2026928203211
El Deber,2026-09-28,22:23,¿Qué hay detrás de las determinaciones de la revocatoria de visa de los Estados Unidos? Expertos responden,https://eldeber.com.bo/pais/hay-detras-determinaciones-revocatoria-visa-estados-unidos-expertos-responden_1790647916
Red Uno,2026-09-28,22:23,“La tarifa transitoria no existe”: Concejo Municipal rechaza pedido de transportistas,https://www.reduno.com.bo/noticias/la-tarifa-transitoria-no-existe-concejo-municipal-rechaza-pedido-de-transportistas-202692820470
Red Uno,2026-09-28,22:26,"Sin transporte público, pasajeros buscaron alternativas para volver a casa",https://www.reduno.com.bo/noticias/sin-transporte-publico-pasajeros-buscaron-alternativas-para-volver-a-casa-202692821257
Red Uno,2026-09-28,22:27,SIB Santa Cruz sugiere instalar una mesa técnica para evaluar el pasaje urbano,https://www.reduno.com.bo/noticias/sib-santa-cruz-sugiere-instalar-una-mesa-tecnica-para-evaluar-el-pasaje-urbano-202692821320
El Deber,2026-09-28,22:28,Una familia buscó alivio al calor en la laguna Guapilo y terminó en una tragedia,https://eldeber.com.bo/santa-cruz/familia-busco-alivio-calor-laguna-guapilo-termino-tragedia_1790648506
La Razon,2026-09-28,22:30,La Paz permitirá bloquear combustible a vehículos sin transferencia,https://larazon.bo/ciudades/2026/09/28/la-paz-permitira-bloquear-combustible-a-vehiculos-sin-transferencia/
Red Uno,2026-09-28,22:32,Senamhi pronostica temperaturas cercanas a los 30 °C en Cochabamba y crecida de ríos,https://www.reduno.com.bo/noticias/senamhi-pronostica-temperaturas-cercanas-a-los-30-c-en-cochabamba-y-crecida-de-rios-202692822644
Red Uno,2026-09-28,22:33,Vecinos de la zona sur de Cochabamba destrozan chicherías tras robo armado,https://www.reduno.com.bo/noticias/vecinos-de-la-zona-sur-de-cochabamba-destrozan-chicherias-tras-robo-armado-202692822309
ANF,2026-09-28,22:36,Unidad de Comunicación del Gobierno dice que no tenía conocimiento de la separata publicada en USA Today,https://www.noticiasfides.com/nacional/politica/unidad-de-comunicacion-del-gobierno-dice-que-no-tenia-conocimiento-de-la-separata-publicada-en-usa-today
Red Uno,2026-09-28,22:36,Vehículo del ataque armado en el segundo anillo será sometido a prueba de Luminol,https://www.reduno.com.bo/noticias/vehiculo-del-ataque-armado-en-el-segundo-anillo-sera-sometido-a-prueba-de-luminol-2026928212055
Los Tiempos,2026-09-28,22:39,Subsecretario de EEUU: “Escudo de las Américas es acción y resultados”,https://www.lostiempos.com/actualidad/mundo/20260928/subsecretario-eeuu-escudo-americas-es-accion-resultados
Red Uno,2026-09-28,22:41,Aguardan autopsias tras fatales ataques armados en Santa Cruz,https://www.reduno.com.bo/noticias/aguardan-autopsias-tras-fatales-ataques-armados-en-santa-cruz-2026928213128
Red Uno,2026-09-28,22:43,“Es una forma de advertencia”: Santistevan sobre veto de EEUU a Mariaca,https://www.reduno.com.bo/noticias/es-una-forma-de-advertencia-santistevan-sobre-veto-de-eeuu-a-mariaca-202692822129
Red Uno,2026-09-28,22:47,Comité pide que los tres niveles de gobierno asuman responsabilidad conjunta ante el transporte,https://www.reduno.com.bo/noticias/comite-pide-que-los-tres-niveles-de-gobierno-asuman-responsabilidad-conjunta-ante-el-transporte-2026928223223
El Deber,2026-09-28,22:59,Nuevo viceministro de Turismo apunta a mejorar índices en 2027,https://eldeber.com.bo/pais/nuevo-viceministro-turismo-apunta-mejorar-indices-2027_1790649719
Los Tiempos,2026-09-28,23:04,Lara pide investigar al Fiscal “conforme a la ley”,https://www.lostiempos.com/actualidad/pais/20260928/lara-pide-investigar-al-fiscal-conforme-ley
Red Uno,2026-09-28,23:41,Baja el dólar oficial: BCB fija la cotización para este martes 29 de septiembre,https://www.reduno.com.bo/noticias/baja-el-dolar-oficial-bcb-fija-la-cotizacion-para-este-martes-29-de-septiembre-2026928233514
ERBOL,2026-09-28,23:46,Vozinha no la pasa bien y afronta una fama que lo tiene agobiado,https://erbol.com.bo/deporte/vozinha-no-la-pasa-bien-y-afronta-una-fama-que-lo-tiene-agobiado
ERBOL,2026-09-28,23:51,La Verde bajo la lupa de Félix Berdeja,https://erbol.com.bo/deporte/la-verde-bajo-la-lupa-de-f%C3%A9lix-berdeja
Vision 360,2026-09-29,00:00,Educación global: PISA contra el cerco epistemológico,https://www.vision360.bo/noticias/2026/09/29/69961-educacion-global-pisa-contra-el-cerco-epistemologico
Vision 360,2026-09-29,00:00,El superciclo electoral 2026-2027,https://www.vision360.bo/noticias/2026/09/29/69964-el-superciclo-electoral-2026-2027
Vision 360,2026-09-29,00:00,Fiscalía y Ejecutivo: el Estado en disputa,https://www.vision360.bo/noticias/2026/09/29/69967-fiscalia-y-ejecutivo-el-estado-en-disputa
La Razon,2026-09-29,00:15,La paranoia de los titanes tecnológicos,https://larazon.bo/voces/2026/09/29/la-paranoia-de-los-titanes-tecnologicos/
La Razon,2026-09-29,00:19,PISA: ¿una farsa?,https://larazon.bo/voces/2026/09/29/pisa-una-farsa/
El Diario,2026-09-29,00:25,José Luis Montaño destaca en prestigioso torneo estadounidense de golf,https://www.eldiario.net/portal/2026/09/29/jose-luis-montano-destaca-en-prestigioso-torneo-estadounidense-de-golf/
La Razon,2026-09-29,00:37,Comunicación niega haber pagado separata de USA Today,https://larazon.bo/nacional/2026/09/29/comunicacion-niega-haber-pagado-separata-de-usa-today/
El Deber,2026-09-29,05:00,El peligro de apostar por la mentira en la política,https://eldeber.com.bo/opinion/peligro-apostar-mentira-politica_1790639038
El Deber,2026-09-29,05:00,El periodo constitucional concluye el 8 de noviembre de 2030,https://eldeber.com.bo/opinion/periodo-constitucional-concluye-8-noviembre-2030_1790639256
El Deber,2026-09-29,05:00,El octubre que no fue,https://eldeber.com.bo/opinion/octubre-no-fue_1790639450
El Deber,2026-09-29,05:00,"El progreso, la causa compartida que mueve a Santa Cruz",https://eldeber.com.bo/opinion/progreso-causa-compartida-mueve-santa-cruz_1790639674
El Deber,2026-09-29,05:00,De los 50 mil dólares a la república del algoritmo,https://eldeber.com.bo/opinion/50-mil-dolares-republica-algoritmo_1790639921
El Deber,2026-09-29,05:00,Cara a cara,https://eldeber.com.bo/opinion/cara-cara_1790640157
El Deber,2026-09-29,05:00,"Expocruz, la fórmula que vuelve a funcionar",https://eldeber.com.bo/opinion/expocruz-formula-vuelve-funcionar_1790640328
La Razon,2026-09-29,05:00,Estadísticas: Bolivia sufre tres caídas frente a Argentina,https://larazon.bo/marcas/2026/09/29/estadisticas-bolivia-sufre-tres-caidas-frente-a-argentina/
El Diario,2026-09-29,05:40,Mariaca rechaza acusación de EEUU y defiende soberanía,https://www.eldiario.net/portal/2026/09/29/mariaca-rechaza-acusacion-de-eeuu-y-defiende-soberania/
El Diario,2026-09-29,05:41,Investigan posible incumplimiento de detención de Tatiana Marset,https://www.eldiario.net/portal/2026/09/29/investigan-posible-incumplimiento-de-detencion-de-tatiana-marset/
El Diario,2026-09-29,05:41,FFAA afirman estar listas ante posibles movilizaciones en octubre,https://www.eldiario.net/portal/2026/09/29/ffaa-afirman-estar-listas-ante-posibles-movilizaciones-en-octubre-2/
El Diario,2026-09-29,05:43,Felcc anuncia modernización de sus labores investigativas,https://www.eldiario.net/portal/2026/09/29/felcc-anuncia-modernizacion-de-sus-labores-investigativas-2/
El Diario,2026-09-29,05:43,Cuestionan despliegue policial en fiesta de café y música,https://www.eldiario.net/portal/2026/09/29/cuestionan-despliegue-policial-en-fiesta-de-cafe-y-musica/
El Diario,2026-09-29,05:44,Ataques armados dejan dos personas muertas,https://www.eldiario.net/portal/2026/09/29/ataques-armados-dejan-dos-personas-muertas/
El Diario,2026-09-29,05:44,Dos grupos se enfrentan a balazos en La Paz,https://www.eldiario.net/portal/2026/09/29/dos-grupos-se-enfrentan-a-balazos-en-la-paz/
El Diario,2026-09-29,05:48,Su Santidad llama a deponer actitudes en nombre de la paz,https://www.eldiario.net/portal/2026/09/29/su-santidad-llama-a-deponer-actitudes-en-nombre-de-la-paz-2/
El Diario,2026-09-29,05:49,Paro de choferes fue parcial y hoy se reúnen con el Gobierno,https://www.eldiario.net/portal/2026/09/29/paro-de-choferes-fue-parcial-y-hoy-se-reunen-con-el-gobierno/
El Diario,2026-09-29,05:49,Alistan primera llegada de diésel importado a Santa Cruz,https://www.eldiario.net/portal/2026/09/29/alistan-primera-llegada-de-diesel-importado-a-santa-cruz/
El Diario,2026-09-29,05:50,Funcionarios del BID y la CAF llegarán entre octubre y noviembre,https://www.eldiario.net/portal/2026/09/29/funcionarios-del-bid-y-la-caf-llegaran-entre-octubre-y-noviembre/
El Diario,2026-09-29,05:50,Paz niega mal uso del avión presidencial,https://www.eldiario.net/portal/2026/09/29/paz-niega-mal-uso-del-avion-presidencial/
El Diario,2026-09-29,05:51,"Exministro Iván Lima, fiscales y magistrados figuran entre vetados para entrar a EEUU",https://www.eldiario.net/portal/2026/09/29/exministro-ivan-lima-fiscales-y-magistrados-figuran-entre-vetados-para-entrar-a-eeuu/
El Diario,2026-09-29,05:51,EEUU vincula al Fiscal General con narcotráfico,https://www.eldiario.net/portal/2026/09/29/eeuu-vincula-al-fiscal-general-con-narcotrafico/
El Diario,2026-09-29,05:53,Paz destaca resultados de su viaje a la Asamblea General de la ONU,https://www.eldiario.net/portal/2026/09/29/paz-destaca-resultados-de-su-viaje-a-la-asamblea-general-de-la-onu-2/
El Diario,2026-09-29,05:53,Morales busca protagonismo político a través de amenazas,https://www.eldiario.net/portal/2026/09/29/morales-busca-protagonismo-politico-a-traves-de-amenazas-2/
El Diario,2026-09-29,05:54,Estado de excepción se devalúa si se incumplen sus restricciones,https://www.eldiario.net/portal/2026/09/29/estado-de-excepcion-se-devalua-si-se-incumplen-sus-restricciones-2/
El Diario,2026-09-29,05:54,Condori se aprovechó de la unidad opositora,https://www.eldiario.net/portal/2026/09/29/condori-se-aprovecho-de-la-unidad-opositora-2/
El Diario,2026-09-29,05:55,Terminal Metropolitana garantiza normalidad de servicio de buses,https://www.eldiario.net/portal/2026/09/29/terminal-metropolitana-garantiza-normalidad-de-servicio-de-buses-2/
El Diario,2026-09-29,05:56,Gobierno apoyará para descongestionar Ceja,https://www.eldiario.net/portal/2026/09/29/gobierno-apoyara-para-descongestionar-ceja-2/
El Diario,2026-09-29,05:58,Gobernación reactiva reporte de precios en origen,https://www.eldiario.net/portal/2026/09/29/gobernacion-reactiva-reporte-de-precios-en-origen/
El Diario,2026-09-29,05:58,Santa Cruz atiende seis incendios forestales,https://www.eldiario.net/portal/2026/09/29/santa-cruz-atiende-seis-incendios-forestales/
El Diario,2026-09-29,05:59,Nuevos Arcos en C permitirán realizar cirugías más precisas,https://www.eldiario.net/portal/2026/09/29/nuevos-arcos-en-c-permitiran-realizar-cirugias-mas-precisas/
El Diario,2026-09-29,05:59,Miles despiden a Monseñor Ricardo Centellas en Sucre,https://www.eldiario.net/portal/2026/09/29/miles-despiden-a-monsenor-ricardo-centellas-en-sucre/
El Diario,2026-09-29,06:00,Beni y Santa Cruz reportan falta de gasolina de aviación,https://www.eldiario.net/portal/2026/09/29/beni-y-santa-cruz-reportan-falta-de-gasolina-de-aviacion-2/
El Diario,2026-09-29,06:02,Expocruz superó medio millón de visitantes,https://www.eldiario.net/portal/2026/09/29/expocruz-supero-medio-millon-de-visitantes/
El Diario,2026-09-29,06:02,Zanjas bloquean acceso al botadero de Cotapachi,https://www.eldiario.net/portal/2026/09/29/zanjas-bloquean-acceso-al-botadero-de-cotapachi-2/
El Diario,2026-09-29,06:03,Activan alertas por crecidas de ríos en siete departamentos,https://www.eldiario.net/portal/2026/09/29/activan-alertas-por-crecidas-de-rios-en-siete-departamentos-2/
El Diario,2026-09-29,06:06,Reportan normalidad de transporte público tras desmarcarse del paro,https://www.eldiario.net/portal/2026/09/29/reportan-normalidad-de-transporte-publico-tras-desmarcarse-del-paro/
El Diario,2026-09-29,06:07,Piden donantes de sangre para transfusiones a niños con cáncer,https://www.eldiario.net/portal/2026/09/29/piden-donantes-de-sangre-para-transfusiones-a-ninos-con-cancer/
El Diario,2026-09-29,06:07,Clausuran 5 consultorios clandestinos en La Paz,https://www.eldiario.net/portal/2026/09/29/clausuran-5-consultorios-clandestinos-en-la-paz/
El Diario,2026-09-29,06:08,Salud lanza campaña nacional que usa herramientas digitales,https://www.eldiario.net/portal/2026/09/29/salud-lanza-campana-nacional-que-usa-herramientas-digitales/
El Diario,2026-09-29,06:09,Registro para bono Juancito Pinto concluye el 16 de octubre,https://www.eldiario.net/portal/2026/09/29/registro-para-bono-juancito-pinto-concluye-el-16-de-octubre/
El Diario,2026-09-29,06:12,Escultor elabora estatua gigante del Papa con motivo de su llegada,https://www.eldiario.net/portal/2026/09/29/escultor-elabora-estatua-gigante-del-papa-con-motivo-de-su-llegada/
El Diario,2026-09-29,06:13,Por qué el embarazo en adolescentes es un marcador de desigualdad,https://www.eldiario.net/portal/2026/09/29/por-que-el-embarazo-en-adolescentes-es-un-marcador-de-desigualdad/
El Diario,2026-09-29,06:13,Antes el periodista debía enfrentar balas ahora lo hacen con demandas,https://www.eldiario.net/portal/2026/09/29/antes-el-periodista-debia-enfrentar-balas-ahora-lo-hacen-con-demandas/
El Diario,2026-09-29,06:14,Condenan a cúpula del ELN por reclutamiento forzado de niños,https://www.eldiario.net/portal/2026/09/29/condenan-a-cupula-del-eln-por-reclutamiento-forzado-de-ninos/
El Diario,2026-09-29,06:14,Caimán sorprende a turistas en playa de Parque Nacional,https://www.eldiario.net/portal/2026/09/29/caiman-sorprende-a-turistas-en-playa-de-parque-nacional/
El Diario,2026-09-29,06:15,Voto evangélico será clave para Flávio Bolsonaro frente a Lula,https://www.eldiario.net/portal/2026/09/29/voto-evangelico-sera-clave-para-flavio-bolsonaro-frente-a-lula/
El Diario,2026-09-29,06:15,Fiscal pide reconstruir patrimonio de Adorni y verificar sus billeteras,https://www.eldiario.net/portal/2026/09/29/fiscal-pide-reconstruir-patrimonio-de-adorni-y-verificar-sus-billeteras-2/
El Diario,2026-09-29,06:17,Europa ratifica apoyo a proyecto eólico Warnes,https://www.eldiario.net/portal/2026/09/29/europa-ratifica-apoyo-a-proyecto-eolico-warnes-2/
El Diario,2026-09-29,06:17,Choferes muestran interés en conversión a gas natural,https://www.eldiario.net/portal/2026/09/29/choferes-muestran-interes-en-conversion-a-gas-natural/
El Diario,2026-09-29,06:18,China principal destino de la carne boliviana,https://www.eldiario.net/portal/2026/09/29/china-principal-destino-de-la-carne-boliviana-2/
Red Uno,2026-09-29,06:19,"Paz dice que Morales ""no merece ni un muerto más"" ante amenazas de protestas en Bolivia",https://www.reduno.com.bo/noticias/paz-dice-que-morales-no-merece-ni-un-muerto-mas-ante-amenazas-de-protestas-en-bolivia-202692954027
El Diario,2026-09-29,06:23,Batista deja de ser DT de Costa Rica,https://www.eldiario.net/portal/2026/09/29/batista-deja-de-ser-dt-de-costa-rica/
El Diario,2026-09-29,06:24,"Arancibia, arquero de Real Oruro, sufrió grave lesión",https://www.eldiario.net/portal/2026/09/29/arancibia-arquero-de-real-oruro-sufrio-grave-lesion/
El Diario,2026-09-29,06:25,Scaloni perfila once titular para enfrentar a La Verde,https://www.eldiario.net/portal/2026/09/29/scaloni-perfila-once-titular-para-enfrentar-a-la-verde/
El Diario,2026-09-29,06:26,Escena 21 estrenará su fosa orquestal,https://www.eldiario.net/portal/2026/09/29/escena-21-estrenara-su-fosa-orquestal/
El Diario,2026-09-29,06:28,Villegas se siente con el respaldo de la FBF,https://www.eldiario.net/portal/2026/09/29/villegas-se-siente-con-el-respaldo-de-la-fbf/
Unitel,2026-09-29,06:35,Identifican al acribillado en la avenida Mutualista y hallan más de 10 casquillos en el lugar,https://unitel.bo/noticias/seguridad/identifican-al-acribillado-en-la-avenida-mutualista-y-hallan-mas-de-10-casquillos-en-el-lugar-HO23787437
Unitel,2026-09-29,06:36,"¡Atención! Tras días de intenso calor, Santa Cruz se prepara para el ingreso de un frente frío con lluvias",https://unitel.bo/noticias/sociedad/atencion-tras-dias-de-intenso-calor-santa-cruz-se-prepara-para-el-ingreso-de-un-frente-frio-con-lluvias-BO23787420
El Deber,2026-09-29,06:57,"EEUU sanciona a Mariaca, la ALP pide investigar el caso y se abre vía constitucional",https://eldeber.com.bo/pais/eeuu-sanciona-mariaca-alp-pide-investigar-caso-abre-via-constitucional_1790679458
Red Uno,2026-09-29,06:59,¿Bajó el dólar? Así cotiza este martes 29 de septiembre en Bolivia,https://www.reduno.com.bo/noticias/bajo-el-dolar-asi-cotiza-este-martes-29-de-septiembre-en-bolivia-202692955828
Unitel,2026-09-29,07:01,Transporte cooperativizado de Cochabamba va al paro mientras busca acuerdos con el Gobierno,https://unitel.bo/noticias/economia/transporte-cooperativizado-de-cochabamba-va-al-paro-mientras-busca-acuerdos-con-el-gobierno-FO23787165
Unitel,2026-09-29,07:03,Fiscalía desestima denuncia contra Luis Arce por abandono de menor; Lafuente impugna y pide no cerrar el caso,https://unitel.bo/noticias/seguridad/fiscalia-desestima-denuncia-contra-luis-arce-por-abandono-de-menor-lafuente-impugna-y-pide-no-cerrar-el-caso-EO23787838
El Deber,2026-09-29,07:13,El reajuste de tarifas marca el inicio del diálogo entre Gobierno y transportistas,https://eldeber.com.bo/pais/reajuste-tarifas-marca-inicio-dialogo-gobierno-transportistas_1790680348
Unitel,2026-09-29,07:18,Cochabamba: Frustran robo a una vivienda y detienen a una pareja de delincuentes,https://unitel.bo/noticias/seguridad/cochabamba-frustran-robo-a-una-vivienda-y-detienen-a-una-pareja-de-delincuentes-LO23788344
El Deber,2026-09-29,07:20,Ola de calor golpea a la capital cruceña y Villa Montes rompe récord con 49 °C,https://eldeber.com.bo/santa-cruz/ola-calor-golpea-capital-crucena-villa-montes-rompe-record-49-c_1790680826
Red Uno,2026-09-29,07:20,"Clima en Bolivia: Senamhi pronostica lluvias, tormentas eléctricas y temperaturas de hasta 36°C",https://www.reduno.com.bo/noticias/clima-en-bolivia-senamhi-pronostica-lluvias-tormentas-electricas-y-temperaturas-de-hasta-36-c-202692962520
Red Uno,2026-09-29,07:26,"Tras paro de 24 horas, el transporte vuelve a las calles de Santa Cruz",https://www.reduno.com.bo/noticias/tras-paro-de-24-horas-el-transporte-vuelve-a-las-calles-de-santa-cruz-202692972444
El Deber,2026-09-29,07:27,Paz resalta sus gestiones en EEUU y afirma que viajes de Evo no tenían beneficios,https://eldeber.com.bo/pais/paz-resalta-gestiones-eeuu-afirma-viajes-evo-no-tenian-beneficios_1790681277
Unitel,2026-09-29,07:29,Los micros vuelven a las calles de Santa Cruz de la Sierra tras el paro por el diésel y el pasaje,https://unitel.bo/noticias/economia/los-micros-vuelven-a-las-calles-de-santa-cruz-de-la-sierra-tras-el-paro-por-el-diesel-y-el-pasaje-OO23788327
ERBOL,2026-09-29,07:30,"Caso Fiscal General: Lara pide no actuar en función de ""listas extranjeras""",https://erbol.com.bo/seguridad/caso-fiscal-general-lara-pide-no-actuar-en-funci%C3%B3n-de-listas-extranjeras
Unitel,2026-09-29,07:30,La garrafa de gas en el municipio de Reyes se vende en Bs 50 tras la eliminación de la subvención del diésel,https://unitel.bo/noticias/economia/la-garrafa-de-gas-en-el-municipio-de-reyes-se-vende-en-bs-50-tras-la-eliminacion-de-la-subvencion-del-diesel-OA23769979
El Deber,2026-09-29,07:37,5 consejos de expertos para cuidar la piel adolescente y evitar rutinas que pueden afectarla,https://eldeber.com.bo/bbc/5-consejos-de-expertos-para-cuidar-la-piel-adolescente-y-evitar-rutinas-que-pueden-afectarla-202692973517
El Deber,2026-09-29,07:37,"Ministro Justiniano: “El mundo tiene recursos, pero siempre va a pedir resultados”",https://eldeber.com.bo/pais/mundo-tiene-recursos-siempre-va-pedir-resultados_1790681853
Los Tiempos,2026-09-29,07:37,Gobernador Loza entrega equipos de rayos X modernos para el Viedma y el materno infantil,https://www.lostiempos.com/actualidad/cochabamba/20260929/gobernador-loza-entrega-equipos-rayos-x-modernos-viedma-materno
Vision 360,2026-09-29,07:40,"Rusia ataca con misiles y drones ferrocarriles, centros de datos y puertos en Kiev y Odesa",https://www.vision360.bo/noticias/2026/09/29/69973-rusia-ataca-con-misiles-y-drones-ferrocarriles-centros-de-datos-y-puertos-en-kiev-y-odesa
La Razon,2026-09-29,07:45,Transporte cooperativizado de Cochabamba acata un paro por precio del diésel,https://larazon.bo/ciudades/2026/09/29/transporte-cooperativizado-de-cochabamba-acata-un-paro-por-precio-del-diesel/
Unitel,2026-09-29,07:51,Paz se reúne este martes con los alcaldes de capitales y El Alto para tratar el 50/50 y el alza del diésel que golpea sus arcas,https://unitel.bo/noticias/politica/paz-se-reune-este-martes-con-los-alcaldes-de-capitales-y-el-alto-para-tratar-el-50-50-y-el-alza-del-diesel-que-golpea-sus-arcas-DO23788658
Vision 360,2026-09-29,08:00,"Aurora, el líder del Grupo A, se juega la clasificación ante San Antonio Bulo Bulo",https://www.vision360.bo/noticias/2026/09/29/69970-aurora-el-lider-del-grupo-a-se-juega-la-clasificacion-ante-san-antonio-bulo-bulo
Opinion,2026-09-29,08:01,Gobierno pedirá pruebas a EEUU tras restricciones de visa a autoridades bolivianas,https://www.opinion.com.bo/pais/gobierno-pedira-pruebas-eeuu-restricciones-visa-autoridades-bolivianas/20260929080142996824.html
El Deber,2026-09-29,08:09,"Qué se sabe del Corredor Andes-Atlántico, el ambicioso proyecto con el que EE.UU. busca acceder a recursos estratégicos de Argentina (y competir con China)",https://eldeber.com.bo/bbc/que-se-sabe-del-corredor-andes-atlantico-el-ambicioso-proyecto-con-el-que-ee-uu-busca-acceder-a-recursos-estrategicos-de-argentina-y-competir-con-china--2026929849
La Razon,2026-09-29,08:09,Transporte cruceño no participará en diálogo en La Paz y anuncia ampliado,https://larazon.bo/ciudades/2026/09/29/transporte-cruceno-no-participara-en-dialogo-en-la-paz-y-anuncia-ampliado/
El Deber,2026-09-29,08:12,"Dólar oficial se cotizará en Bs 12,02 este martes 29",https://eldeber.com.bo/economia/dolar-oficial-cotizara-bs-12-02-este-martes-29_1790683599
El Deber,2026-09-29,08:16,Autopsia determina que hombre hallado maniatado en río de Valle Sacta murió por estrangulación,https://eldeber.com.bo/pais/autopsia-determina-hombre-hallado-maniatado-rio-valle-sacta-murio-estrangulacion_1790683833
Unitel,2026-09-29,08:16,¿Habrá nuevo paro? Choferes se reúnen con el Gobierno por el alza del diésel y los pasajes,https://unitel.bo/noticias/economia/habra-nuevo-paro-choferes-se-reunen-con-el-gobierno-por-el-alza-del-diesel-y-los-pasajes-HO23789068
La Razon,2026-09-29,08:18,FIFA acusa a UEFA de desinformar de proyecto frustrado de capital,https://larazon.bo/marcas/2026/09/29/fifa-acusa-a-uefa-de-desinformar-de-proyecto-frustrado-de-capital/
Unitel,2026-09-29,08:19,Felcc activa rastrillajes en Valle Sacta para capturar a los asesinos de un hombre que fue hallado amordazado,https://unitel.bo/noticias/seguridad/felcc-activa-rastrillajes-en-valle-sacta-para-capturar-a-los-asesinos-de-un-hombre-que-fue-hallado-amordazado-NO23789141
El Deber,2026-09-29,08:20,Menos unidades y mayor espera: vuelven a circular micros en Santa Cruz de la Sierra,https://eldeber.com.bo/santa-cruz/menos-unidades-mayor-espera-vuelven-circular-micros-santa-cruz-sierra_1790683873
Unitel,2026-09-29,08:22,La cotización del dólar oficial desciende tres centavos este martes,https://unitel.bo/noticias/economia/la-cotizacion-del-dolar-oficial-desciende-tres-centavos-este-martes-OO23789124
Vision 360,2026-09-29,08:26,"Anthropic alerta de que su IA puede provocar ""riesgos existenciales para la humanidad""",https://www.vision360.bo/noticias/2026/09/29/69976-anthropic-alerta-de-que-su-ia-puede-provocar-riesgos-existenciales-para-la-humanidad
Diez,2026-09-29,08:31,Aurora busca ser el primer clasificado de la Copa Bolivia,https://diez.bo/futbol/aurora-busca-ser-el-primer-clasificado-de-la-copa-bolivia_1790685082
Unitel,2026-09-29,08:31,"El retiro de visas de EEUU es una “advertencia directa a los regímenes del MAS y al Chapare”, dice exembajador",https://unitel.bo/noticias/politica/el-retiro-de-visas-de-eeuu-es-una-advertencia-directa-a-los-regimenes-del-mas-y-al-chapare-dice-exembajador-JO23789303
Vision 360,2026-09-29,08:32,OpenAI se disculpa ante Australia por el acceso no autorizado a sus sistemas públicos,https://www.vision360.bo/noticias/2026/09/29/69982-openai-se-disculpa-ante-australia-por-el-acceso-no-autorizado-a-sus-sistemas-publicos
Diez,2026-09-29,08:33,Guabirá quiere meter presión a Oriente y The Strongest,https://diez.bo/guabira/guabira-quiere-meter-presion-a-oriente-y-the-strongest_1790685228
Red Uno,2026-09-29,08:36,¡Aliste chompas y colchas! Un sur con lluvias llegará a Santa Cruz y bajarán las temperaturas,https://www.reduno.com.bo/noticias/aliste-chompas-y-colchas-un-sur-con-lluvias-llegara-a-santa-cruz-y-bajaran-las-temperaturas-20269298298
La Razon,2026-09-29,08:37,"En plena crisis, Racing saca al DT Vojvoda tras derrota ante Boca",https://larazon.bo/marcas/2026/09/29/en-plena-crisis-racing-saca-al-dt-vojvoda-tras-derrota-ante-boca/
Red Uno,2026-09-29,08:38,"Ministro sobre Mariaca: “Vamos a investigar, sin protección política para nadie”",https://www.reduno.com.bo/noticias/ministro-sobre-mariaca-vamos-a-investigar-sin-proteccion-politica-para-nadie-202692975846
Opinion,2026-09-29,08:40,Fiscalía investiga como asesinato el hallazgo de un cuerpo maniatado en un río,https://www.opinion.com.bo/policial/fiscalia-investiga-como-asesinato-hallazgo-cuerpo-maniatado-rio/20260929084025996825.html
Vision 360,2026-09-29,08:40,Zelenski dice que Corea del Norte prepara el envío de otros 10.000 soldados a Rusia,https://www.vision360.bo/noticias/2026/09/29/69985-zelenski-dice-que-corea-del-norte-prepara-el-envio-de-otros-10000-soldados-a-rusia
Vision 360,2026-09-29,08:41,La FIFA acusa a la UEFA de acoso y se opone a que tribunal de EE. UU. facilite datos de FFE,https://www.vision360.bo/noticias/2026/09/29/69979-la-fifa-acusa-a-la-uefa-de-acoso-y-se-opone-a-que-tribunal-de-ee-uu-facilite-datos-de-ffe
ANF,2026-09-29,08:42,"Anthropic dedica parte del folleto de salida a Bolsa a advertir de ""riesgos existenciales para la humanidad""",https://www.noticiasfides.com/mundo/anthropic-dedica-parte-del-folleto-de-salida-a-bolsa-a-advertir-de-riesgos-existenciales-para-la-humanidad
Los Tiempos,2026-09-29,08:44,Elecciones en Brasil: Lula da Silva amplía ventaja sobre Bolsonaro en sondeos de primera vuelta,https://www.lostiempos.com/actualidad/mundo/20260929/elecciones-brasil-lula-da-silva-amplia-ventaja-bolsonaro-sondeos-primera
El Diario,2026-09-29,08:46,"Diésel a Bs 17,95: Salario mínimo actual no compensará la subida de precios",https://www.eldiario.net/portal/2026/09/29/diesel-a-bs-1795-salario-minimo-actual-no-compensara-la-subida-de-precios-0846/
ANF,2026-09-29,08:48,"Lula obtendría el 39% de los votos y Flávio Bolsonaro el 34%, según una encuesta a una semana de las elecciones",https://www.noticiasfides.com/mundo/lula-obtendria-el-39-de-los-votos-y-flavio-bolsonaro-el-34-segun-una-encuesta-a-una-semana-de-las-elecciones
Red Uno,2026-09-29,08:49,"Declararon que eran juguetes, pero hallaron 877 cajas de cosméticos: Aduana incauta carga millonaria",https://www.reduno.com.bo/noticias/declararon-que-eran-juguetes-pero-hallaron-877-cajas-de-cosmeticos-aduana-incauta-carga-millonaria-202692965838
Red Uno,2026-09-29,08:53,Un borochi se deja ver cerca de Riberalta y aporta un nuevo registro para la ciencia,https://www.reduno.com.bo/noticias/un-borochi-se-deja-ver-cerca-de-riberalta-y-aporta-un-nuevo-registro-para-la-ciencia-202692974626
Los Tiempos,2026-09-29,08:55,"Ante amenazas de Evo, el Gobierno y FFAA anuncian el uso de la fuerza",https://www.lostiempos.com/actualidad/pais/20260929/amenazas-evo-gobierno-ffaa-anuncian-uso-fuerza
ANF,2026-09-29,08:56,"China acusa a Japón de ""desafiar de forma directa la soberanía"" del país y pide mantener sus ""compromisos""",https://www.noticiasfides.com/mundo/china-acusa-a-japon-de-desafiar-de-forma-directa-la-soberania-del-pais-y-pide-mantener-sus-compromisos
La Razon,2026-09-29,08:56,Ancelotti mueve piezas y Brasil vence 4-2 a Australia en amistoso,https://larazon.bo/marcas/2026/09/29/ancelotti-mueve-piezas-y-brasil-vence-4-2-a-australia-en-amistoso/
Opinion,2026-09-29,08:56,Unifranz liderará un Observatorio para medir el aporte empresarial a los ODS en Bolivia,https://www.opinion.com.bo/innovacion-educativa/unifranz-liderara-observatorio-medir-aporte-empresarial-ods-bolivia/20260929085655996827.html
La Razon,2026-09-29,08:57,Fiscalía de Arica ordena paralizar destrucción de maderas bolivianas incautadas,https://larazon.bo/nacional/2026/09/29/fiscalia-de-arica-ordena-paralizar-destruccion-de-maderas-bolivianas-incautadas/
Los Tiempos,2026-09-29,08:57,Fiscal rechaza que EEUU lo vincule con narcos; Gobierno dice que investigará,https://www.lostiempos.com/actualidad/pais/20260929/fiscal-rechaza-que-eeuu-vincule-narcos-gobierno-dice-que-investigara
Red Uno,2026-09-29,08:57,Tome previsiones: anuncian el cierre de carril de subida de la avenida Mario Mercado por dos semanas,https://www.reduno.com.bo/noticias/tome-previsiones-anuncian-el-cierre-de-carril-de-subida-de-la-avenida-mario-mercado-por-dos-semanas-20269298291
Unitel,2026-09-29,08:57,Fiscalía no descarta vínculo entre los dos asesinatos ocurridos con diferencia de minutos en Santa Cruz,https://unitel.bo/noticias/seguridad/fiscalia-no-descarta-vinculo-entre-los-dos-asesinatos-ocurridos-con-diferencia-de-minutos-en-santa-cruz-NO23789620
Los Tiempos,2026-09-29,08:59,En Santa Fe se ratifica que Bolivia enfrenta limitaciones deportivas,https://www.lostiempos.com/deportes/multideportivo/20260929/santa-fe-se-ratifica-que-bolivia-enfrenta-limitaciones-deportivas
Red Uno,2026-09-29,08:59,"Frustran robo en un domicilio de la calle Tumusla, en pleno centro de Cochabamba",https://www.reduno.com.bo/noticias/frustran-robo-en-un-domicilio-de-la-calle-tumusla-en-pleno-centro-de-cochabamba-202692985449
Diez,2026-09-29,09:01,Daniel Aponte reclama a Blooming por su situación contractual,https://diez.bo/futbol/daniel-aponte-reclama-a-blooming-por-su-situacion-contractual_1790686907
Los Tiempos,2026-09-29,09:02,Zanjas en Cotapachi frenan recolección de basura en Quillacollo,https://www.lostiempos.com/actualidad/cochabamba/20260929/zanjas-cotapachi-frenan-recoleccion-basura-quillacollo
Los Tiempos,2026-09-29,09:03,"Playa Turquesa, el nuevo encanto de Cochabamba, recibió 10 mil visitantes",https://www.lostiempos.com/actualidad/cochabamba/20260929/playa-turquesa-nuevo-encanto-cochabamba-recibio-10-mil-visitantes
ANF,2026-09-29,09:05,Choferes del transporte cooperativizado de Cochabamba cumplen un paro de 24 horas contra el “diselazo”,https://www.noticiasfides.com/economia/choferes-del-transporte-cooperativizado-de-cochabamba-cumplen-un-paro-de-24-horas-contra-el-diselazo
El Deber,2026-09-29,09:05,"Zahara, tercera hija de Angelina Jolie y Brad Pitt que se quita el apellido paterno",https://eldeber.com.bo/sociales/zahara-tercera-hija-angelina-jolie-brad-pitt-quita-apellido-paterno_1790687109
Unitel,2026-09-29,09:05,Juez de La Paz dispone el desarraigo del exministro Mauricio Medinaceli,https://unitel.bo/noticias/seguridad/juez-de-la-paz-dispone-el-desarraigo-del-exministro-mauricio-medinaceli-KO23789740
Los Tiempos,2026-09-29,09:06,Prevén tener estos días el sumario para establecer responsables por Viacha,https://www.lostiempos.com/actualidad/seguridad/20260929/preven-tener-estos-dias-sumario-establecer-responsables-viacha
El Deber,2026-09-29,09:07,"""No hay gasolina"": surtidores de Santa Cruz de la Sierra reportan desabastecimiento del combustible",https://eldeber.com.bo/santa-cruz/no-hay-gasolina-surtidores-santa-cruz-sierra-reportan-desabastecimiento-combustible_1790686890
Vision 360,2026-09-29,09:07,En Bolivia se investigarán denuncias de EEUU contra sancionados con retiro de visas y no se descartan pedidos de extradición,https://www.vision360.bo/noticias/2026/09/29/69988-en-bolivia-se-investigaran-denuncias-de-eeuu-contra-sancionados-con-retiro-de-visas-y-no-se-descartan-pedidos-de-extradicion
Diez,2026-09-29,09:09,Oriente emitirá un informe médico sobre sus lesionados,https://diez.bo/oriente-petrolero/oriente-emitira-un-informe-medico-sobre-sus-lesionados_1790687394
Los Tiempos,2026-09-29,09:09,El precio del petróleo sube tras el rechazo de Trump a las exigencias de Irán para reabrir Ormuz,https://www.lostiempos.com/actualidad/economia/20260929/precio-del-petroleo-sube-rechazo-trump-exigencias-iran-reabrir-ormuz
Los Tiempos,2026-09-29,09:11,El Tilcayo entra a la Photo Ark de National Geographic y entra al archivo mundial,https://www.lostiempos.com/tendencias/ciencia/20260929/tilcayo-entra-photo-ark-national-geographic-entra-al-archivo-mundial
ANF,2026-09-29,09:13,Estado de excepción: entre la protección del orden público y la restricción de derechos,https://www.noticiasfides.com/nacional/politica/estado-de-excepcion-entre-la-proteccion-del-orden-publico-y-la-restriccion-de-derechos
La Razon,2026-09-29,09:13,"City debe sufrir ‘castigo severo’ si incumplió norma, dice Tebas",https://larazon.bo/marcas/2026/09/29/city-debe-sufrir-castigo-severo-si-incumplio-norma-dice-tebas/
Los Tiempos,2026-09-29,09:14,La Feria Internacional del Libro apuesta por el cuento clásico,https://www.lostiempos.com/doble-click/cultura/20260929/feria-internacional-del-libro-apuesta-cuento-clasico
Opinion,2026-09-29,09:16,Paz estalla contra Evo: Recuerda graves acusaciones en su contra y dice que “ya caerá”,https://www.opinion.com.bo/pais/paz-estalla-evo-recuerda-graves-acusaciones-dice-que-caera/20260929091632996829.html
Red Uno,2026-09-29,09:19,Transporte de Los Yungas advierte con duplicar pasajes si no hay acuerdo,https://www.reduno.com.bo/noticias/transporte-de-los-yungas-advierte-con-duplicar-pasajes-si-no-hay-acuerdo-202692971825
El Deber,2026-09-29,09:22,Gobernación de Santa Cruz inicia relevamiento de precios de alimentos en origen,https://eldeber.com.bo/economia/gobernacion-santa-cruz-inicia-relevamiento-precios-alimentos-origen_1790686345
Diez,2026-09-29,09:24,Brasil remonta ante Australia y celebra una contundente victoria por 4-2,https://diez.bo/futbol/brasil-remonta-ante-australia-y-celebra-una-contundente-victoria-por-4-2_1790688293
El Deber,2026-09-29,09:25,"Excanciller Longaric afirma que el “poder judicial pervertido"" es un peligro para la estabilidad política",https://eldeber.com.bo/pais/excanciller-longaric-afirma-poder-judicial-pervertido-peligro-estabilidad-politica_1790688065
Los Tiempos,2026-09-29,09:26,Difunden audio vinculado a Cerimedo sobre presuntos pagos relacionados al narcotráfico en Beni,https://www.lostiempos.com/actualidad/seguridad/20260929/difunden-audio-vinculado-cerimedo-presuntos-pagos-relacionados-al
Diez,2026-09-29,09:31,Marcelo Martins dejó la vara alta y la Verde sigue sin encontrar su reemplazo,https://diez.bo/futbol/marcelo-martins-dejo-la-vara-alta-y-la-verde-sigue-sin-encontrar-su-reemplazo_1790688711
Red Uno,2026-09-29,09:32,Revocatoria de visas de EE.UU. genera repercusiones en Bolivia,https://www.reduno.com.bo/noticias/revocatoria-de-visas-de-ee-uu-genera-repercusiones-en-bolivia-202692974922
Vision 360,2026-09-29,09:32,Se viene el V Grand Prix Nacional con la participación de 256 deportistas,https://www.vision360.bo/noticias/2026/09/29/70000-se-viene-el-v-grand-prix-nacional-con-la-participacion-de-256-deportistas
La Razon,2026-09-29,09:33,"Exinspector de la Policía, que figura en lista de vetados por EEUU, fue ‘retirado’",https://larazon.bo/nacional/2026/09/29/exinspector-de-la-policia-que-figura-en-lista-de-vetados-por-eeuu-fue-retirado/
La Razon,2026-09-29,09:36,Cotoca recibirá lo mejor del karate boliviano desde este viernes,https://larazon.bo/marcas/2026/09/29/cotoca-recibira-lo-mejor-del-karate-boliviano-desde-este-viernes/
Red Uno,2026-09-29,09:36,Robo en La Paz termina en fuego cruzado: Sospechosos fueron aprehendidos tras el hecho,https://www.reduno.com.bo/noticias/robo-en-la-paz-termina-en-fuego-cruzado-sospechosos-fueron-aprehendidos-tras-el-hecho-20269298615
Vision 360,2026-09-29,09:37,Fiscalía de Chile ordena paralizar quema de madera procedente de Bolivia que fue incautada,https://www.vision360.bo/noticias/2026/09/29/69997-fiscalia-de-chile-ordena-paralizar-quema-de-madera-procedente-de-bolivia-que-fue-incautada
Red Uno,2026-09-29,09:44,“Les han perdido el miedo a las autoridades”: Santistevan alerta sobre el avance del crimen organizado en Santa Cruz,https://www.reduno.com.bo/noticias/les-han-perdido-el-miedo-a-las-autoridades-santistevan-alerta-sobre-el-avance-del-crimen-organizado-en-santa-cruz-2026929875
El Deber,2026-09-29,09:46,Hallan 11 orificios de proyectil de arma de fuego en el cuerpo del hombre asesinado en la Av. Mutualista,https://eldeber.com.bo/santa-cruz/hallan-11-orificios-proyectil-arma-fuego-cuerpo-hombre-asesinado-av-mutualista_1790688173
Vision 360,2026-09-29,09:46,"Caso ""gasolina desestabilizada"": exministro Mauricio Medinaceli logra levantar su arraigo y podrá salir de Bolivia",https://www.vision360.bo/noticias/2026/09/29/70003-caso-gasolina-desestabilizada-exministro-mauricio-medinaceli-logra-levantar-su-arraigo-y-podra-salir-de-bolivia
La Razon,2026-09-29,09:49,Equipos técnicos de alcaldías avanzan agenda del 50/50 para reunión de este martes con Paz,https://larazon.bo/nacional/2026/09/29/equipos-tecnicos-de-alcaldias-avanzan-agenda-del-50-50-para-reunion-con-paz/
Vision 360,2026-09-29,09:50,Exnegociador de paz de una disidencia de las FARC comparece ante una corte en California,https://www.vision360.bo/noticias/2026/09/29/69994-exnegociador-de-paz-de-una-disidencia-de-las-farc-comparece-ante-una-corte-en-california
El Deber,2026-09-29,09:51,España: El Gobierno paralizará los desalojos hasta 2030 ante las protestas por la crisis de la vivienda,https://eldeber.com.bo/rfi/espana-el-gobierno-paralizara-los-desalojos-hasta-2030-ante-las-protestas-por-la-crisis-de-la-vivienda-20269298527
Vision 360,2026-09-29,09:53,"Keiko Fujimori sube en 29 dólares el salario mínimo mensual en Perú, hasta los 361 dólares",https://www.vision360.bo/noticias/2026/09/29/70009-keiko-fujimori-sube-en-29-dolares-el-salario-minimo-mensual-en-peru-hasta-los-361-dolares
Diez,2026-09-29,09:57,"Tras una larga travesía, Bolivia ya está en Córdoba",https://diez.bo/futbol/tras-una-larga-travesia-bolivia-ya-esta-en-cordoba_1790685663
El Deber,2026-09-29,09:59,"Un sismo de magnitud 5,2 se siente en la frontera amazónica de Perú y Ecuador",https://eldeber.com.bo/mundo/sismo-magnitud-5-2-siente-frontera-amazonica-peru-ecuador_1790690393
Diez,2026-09-29,10:00,Santa Cruz recibe 256 atletas para el V Grand Prix Nacional de Karate,https://diez.bo/multideportivo/santa-cruz-recibe-256-atletas-para-el-v-grand-prix-nacional-de-karate_1790690420
Unitel,2026-09-29,10:03,Así fluctuó el dólar en Bolivia en tres meses de vigencia del régimen cambiario flexible,https://unitel.bo/noticias/economia/asi-fluctuo-el-dolar-en-bolivia-en-tres-meses-de-vigencia-del-regimen-cambiario-flexible-HP23790766
El Diario,2026-09-29,10:07,Frío y nevadas marcarán los próximos días en varias regiones de Bolivia,https://www.eldiario.net/portal/2026/09/29/frio-y-nevadas-marcaran-los-proximos-dias-en-varias-regiones-de-bolivia-0955/
La Razon,2026-09-29,10:07,Choferes y Gobierno instalan diálogo por alza del diésel y pasajes,https://larazon.bo/economia-y-empresa/2026/09/29/choferes-y-gobierno-instalan-dialogo-por-alza-del-diesel-y-pasajes/
ERBOL,2026-09-29,10:11,Justiniano señala que caso Roger Mariaca podría derivar en extradición,https://erbol.com.bo/nacional/justiniano-se%C3%B1ala-que-caso-roger-mariaca-podr%C3%ADa-derivar-en-extradici%C3%B3n
Vision 360,2026-09-29,10:16,YPFB y ENDE pusieron publicidad en la separata de USA Today; es un producto “mercadeado” y el Gobierno no la financió,https://www.vision360.bo/noticias/2026/09/29/70012-ypfb-y-ende-pusieron-publicidad-en-la-separata-de-usa-today-es-un-producto-mercadeado-y-el-gobierno-no-la-financio
El Deber,2026-09-29,10:19,Juez ordena a Migración levantar el arraigo del exministro Medinaceli,https://eldeber.com.bo/pais/juez-ordena-migracion-levantar-arraigo-exministro-medinaceli_1790690438
Los Tiempos,2026-09-29,10:20,"Fallece Willy Soria Arze, referente de la avicultura y la dirigencia empresarial de Cochabamba",https://www.lostiempos.com/actualidad/economia/20260929/fallece-willy-soria-arze-referente-avicultura-dirigencia-empresarial
Opinion,2026-09-29,10:21,"Fallece Willy Soria Arze, referente de la avicultura y la dirigencia empresarial de Cochabamba",https://www.opinion.com.bo/cochabamba/fallece-willy-soria-arze-referente-avicultura-dirigencia-empresarial-cochabamba/20260929102118996831.html
Red Uno,2026-09-29,10:21,Tensión en Villa Victoria: vecinos destrozaron chicherías tras ola de robos,https://www.reduno.com.bo/noticias/tension-en-villa-victoria-vecinos-destrozaron-chicherias-tras-ola-de-robos-202692983052
Unitel,2026-09-29,10:21,"Ministro Justiniano: Acusación a Mariaca “puede derivar en un proceso de extradición, pero es competencia de EEUU”",https://unitel.bo/noticias/politica/ministro-justiniano-acusacion-a-mariaca-puede-derivar-en-un-proceso-de-extradicion-pero-es-competencia-de-eeuu-EP23791225
Opinion,2026-09-29,10:27,Justiniano dice que el retiro de visas puede derivar en solicitudes de extradición,https://www.opinion.com.bo/pais/justiniano-dice-que-retiro-visas-puede-derivar-solicitudes-extradicion/20260929102737996832.html
Vision 360,2026-09-29,10:28,Congreso chileno interpela inéditamente al canciller por entrar al Escudo de las Américas,https://www.vision360.bo/noticias/2026/09/29/70015-congreso-chileno-interpela-ineditamente-al-canciller-por-entrar-al-escudo-de-las-americas
Red Uno,2026-09-29,10:29,Armados y encapuchados asaltan y golpean a un mototaxista en Santa Cruz,https://www.reduno.com.bo/noticias/armados-y-encapuchados-asaltan-y-golpean-a-un-mototaxista-en-santa-cruz-20269299214
ANF,2026-09-29,10:31,Ministro dice que el caso Mariaca podría terminar en una probable extradición a Estados Unidos,https://www.noticiasfides.com/nacional/seguridad/ministro-dice-que-el-caso-mariaca-podria-terminar-en-una-probable-extradicion-a-estados-unidos
El Deber,2026-09-29,10:31,Cotejan las huellas dactilares para identificar al hombre asesinado en la Pampa de la Isla,https://eldeber.com.bo/santa-cruz/cotejan-huellas-dactilares-identificar-hombre-asesinado-pampa-isla_1790688271
Red Uno,2026-09-29,10:32,Universitarios se declaran en emergencia por posible alza del pasaje,https://www.reduno.com.bo/noticias/universitarios-se-declaran-en-emergencia-por-posible-alza-del-pasaje-202692992014
La Razon,2026-09-29,10:33,Juzgado ordena levantar el arraigo contra el exministro Medinaceli,https://larazon.bo/economia-y-empresa/2026/09/29/juzgado-ordena-levantar-el-arraigo-contra-el-exministro-medinaceli/
El Deber,2026-09-29,10:34,Gobierno y choferes dialogan en La Paz para intentar solucionar el conflicto por el diésel,https://eldeber.com.bo/pais/gobierno-choferes-dialogan-paz-intentar-solucionar-conflicto-diesel_1790692244
Red Uno,2026-09-29,10:34,La verdura comienza a bajar de precio en Cochabamba: conozca los nuevos costos,https://www.reduno.com.bo/noticias/la-verdura-comienza-a-bajar-de-precio-en-cochabamba-conozca-los-nuevos-costos-20269299313
Vision 360,2026-09-29,10:35,Explosiones todo el día: los drones rusos transforman la rutina de Kiev,https://www.vision360.bo/noticias/2026/09/29/70021-explosiones-todo-el-dia-los-drones-rusos-transforman-la-rutina-de-kiev
Vision 360,2026-09-29,10:38,"Rusia abre caso contra el líder opositor ruso por escribir ""Por la paz"" en la papeleta",https://www.vision360.bo/noticias/2026/09/29/70024-rusia-abre-caso-contra-el-lider-opositor-ruso-por-escribir-por-la-paz-en-la-papeleta
Los Tiempos,2026-09-29,10:39,Llegan 100 cisternas de diésel a Santa Cruza por gestiones de la Gobernación,https://www.lostiempos.com/actualidad/cochabamba/20260929/llegan-100-cisternas-diesel-santa-cruza-gestiones-gobernacion
Red Uno,2026-09-29,10:41,“Nada está descartado”: Transporte cruceño va a ampliado para definir nuevas medidas,https://www.reduno.com.bo/noticias/nada-esta-descartado-transporte-cruceno-va-a-ampliado-para-definir-nuevas-medidas-202692993854
El Diario,2026-09-29,10:42,Cierran por dos semanas el carril de subida de la avenida Mario Mercado,https://www.eldiario.net/portal/2026/09/29/cierran-por-dos-semanas-el-carril-de-subida-de-la-avenida-mario-mercado-1042/
Unitel,2026-09-29,10:45,“Seré un delincuente toda mi vida”: el intercambio de mensajes entre Marset y la DEA,https://unitel.bo/noticias/seguridad/sere-un-delincuente-toda-mi-vida-el-intercambio-de-mensajes-entre-marset-y-la-dea-LP23791587
Vision 360,2026-09-29,10:45,Argentina espera a Bolivia con Nico Paz en lugar de Messi y Julián con Lautaro en ataque,https://www.vision360.bo/noticias/2026/09/29/70018-argentina-espera-a-bolivia-con-nico-paz-en-lugar-de-messi-y-julian-con-lautaro-en-ataque
ANF,2026-09-29,10:46,Unifranz liderará un Observatorio para medir el aporte empresarial a los ODS en Bolivia,https://www.noticiasfides.com/innovacion-y-educacion/unifranz-liderara-un-observatorio-para-medir-el-aporte-empresarial-a-los-ods-en-bolivia
Red Uno,2026-09-29,10:46,"Coimbra: ""Mariaca debe defenderse y decidir si se aparta del cargo""",https://www.reduno.com.bo/noticias/coimbra-mariaca-debe-defenderse-y-decidir-si-se-aparta-del-cargo-202692995237
Unitel,2026-09-29,10:47,Precio de la papa y cebolla se disparan en el occidente mientras el tomate baja en Santa Cruz,https://unitel.bo/noticias/economia/precio-de-la-papa-y-cebolla-se-disparan-en-el-occidente-mientras-el-tomate-baja-en-santa-cruz-MP23791915
El Deber,2026-09-29,10:49,Alcaldía de Cuatro Cañadas pide al Gobierno agilizar puesta en marcha de planta de combustible,https://eldeber.com.bo/santa-cruz/alcaldia-cuatro-canadas-pide-gobierno-agilizar-puesta-marcha-planta-combustible_1790690262
Unitel,2026-09-29,10:49,"Tras el paro, transporte cruceño se reúne para analizar medidas ante el fin de la subvención al diésel",https://unitel.bo/noticias/economia/tras-el-paro-transporte-cruceno-se-reune-para-analizar-medidas-ante-el-fin-de-la-subvencion-al-diesel-HP23791611
ERBOL,2026-09-29,10:54,Loza rechaza “invasión judicial” de EEUU tras la lista de vetados,https://erbol.com.bo/nacional/loza-rechaza-%E2%80%9Cinvasi%C3%B3n-judicial%E2%80%9D-de-eeuu-tras-la-lista-de-vetados
El Deber,2026-09-29,10:58,Controlan precios en mercados de Santa Cruz y ponen la lupa en productos con sobreprecio,https://eldeber.com.bo/santa-cruz/controlan-precios-mercados-santa-cruz-ponen-lupa-productos-sobreprecio_1790692919
El Deber,2026-09-29,11:00,Paz se reúne con alcaldes y alista encuentro con gobernadores para avanzar en la descentralización,https://eldeber.com.bo/pais/paz-reune-alcaldes-alista-encuentro-gobernadores-avanzar-descentralizacion_1790693506
Red Uno,2026-09-29,11:05,"Fallece Willy Soria Arze, referente de la avicultura y la dirigencia empresarial de Cochabamba",https://www.reduno.com.bo/noticias/fallece-willy-soria-arze-referente-de-la-avicultura-y-la-dirigencia-empresarial-de-cochabamba-202692995626
El Diario,2026-09-29,11:06,Un borochi deja una nueva evidencia de su presencia,https://www.eldiario.net/portal/2026/09/29/un-borochi-deja-una-nueva-evidencia-de-su-presencia/
El Diario,2026-09-29,11:09,𝗣𝗶𝗱𝗲𝗻 𝗾𝘂𝗲 𝗠𝗮𝗿𝗶𝗮𝗰𝗮 𝘀𝗲 𝗮𝗽𝗮𝗿𝘁𝗲 𝗱𝗲 𝗹𝗮 𝗙𝗚𝗘,https://www.eldiario.net/portal/2026/09/29/%f0%9d%97%a3%f0%9d%97%b6%f0%9d%97%b1%f0%9d%97%b2%f0%9d%97%bb-%f0%9d%97%be%f0%9d%98%82%f0%9d%97%b2-%f0%9d%97%a0%f0%9d%97%ae%f0%9d%97%bf%f0%9d%97%b6%f0%9d%97%ae%f0%9d%97%b0%f0%9d%97%ae-%f0%9d%98%80/
El Diario,2026-09-29,11:11,Estonia culpa a Rusia por un ataque a empresa de defensa,https://www.eldiario.net/portal/2026/09/29/estonia-culpa-a-rusia-por-un-ataque-a-empresa-de-defensa/
Opinion,2026-09-29,11:11,Gobierno y choferes inician diálogo en la ciudad de La Paz,https://www.opinion.com.bo/pais/gobierno-choferes-inician-dialogo-ciudad-paz/20260929111131996834.html
El Deber,2026-09-29,11:12,"""Temo por mi vida si me devuelven"": las audiencias masivas en Miami que aceleran las deportaciones sin dar tiempo a los migrantes para defender sus casos",https://eldeber.com.bo/bbc/-temo-por-mi-vida-si-me-devuelven-las-audiencias-masivas-en-miami-que-aceleran-las-deportaciones-sin-dar-tiempo-a-los-migrantes-para-defender-sus-casos-2026929105534
El Diario,2026-09-29,11:13,Cierran avenida Mario Mercado por 2 semanas,https://www.eldiario.net/portal/2026/09/29/cierran-avenida-mario-mercado-por-2-semanas/
Red Uno,2026-09-29,11:14,“13:40 y 13:37”: ¿Los acribillados en Mutualista y Pampa de la Isla tenían alguna relación? Esto dijo Fiscalía,https://www.reduno.com.bo/noticias/13-40-y-13-37-los-acribillados-en-mutualista-y-pampa-de-la-isla-tenian-alguna-relacion-esto-dijo-fiscalia-202692995512
El Diario,2026-09-29,11:15,Exinspector general es dado de baja de la Policía,https://www.eldiario.net/portal/2026/09/29/exinspector-general-es-dado-de-baja-de-la-policia/
La Razon,2026-09-29,11:16,Lula se inspira en Bad Bunny para criticar a Trump,https://larazon.bo/mundo/2026/09/29/lula-se-inspira-en-bad-bunny-para-criticar-a-trump/
Los Tiempos,2026-09-29,11:16,Gobierno y choferes inician diálogo en la ciudad de La Paz,https://www.lostiempos.com/actualidad/economia/20260929/gobierno-choferes-inician-dialogo-ciudad-paz
Opinion,2026-09-29,11:17,ODS en colegios y comunidades: Unifranz lleva el Banderazo más allá de sus campus,https://www.opinion.com.bo/innovacion-educativa/ods-colegios-comunidades-unifranz-lleva-banderazo-mas-alla-campus/20260929111759996836.html
ERBOL,2026-09-29,11:19,Fiscal vetado por EEUU recibió cadena de oro de regalo de Ferreco y la AJAM lo señaló por no apoyar lucha contra la minería ilegal,https://erbol.com.bo/medio-ambiente/fiscal-vetado-por-eeuu-recibi%C3%B3-cadena-de-oro-de-regalo-de-ferreco-y-la-ajam-lo-se%C3%B1al%C3%B3
Vision 360,2026-09-29,11:20,Competiciones de la FBF sorteará el viernes la Fase Final de la Copa Simón Bolívar 2026,https://www.vision360.bo/noticias/2026/09/29/70027-competiciones-de-la-fbf-sorteara-el-viernes-la-fase-final-de-la-copa-simon-bolivar-2026
Diez,2026-09-29,11:25,Scaloni ensaya el equipo que enfrentará a Bolivia en Córdoba,https://diez.bo/futbol/scaloni-ensaya-el-equipo-que-enfrentara-a-bolivia-en-cordoba_1790695504
El Deber,2026-09-29,11:25,Se inicia el ampliado del transporte departamental y hay amenaza de que las medidas de presión continúen,https://eldeber.com.bo/santa-cruz/inicia-ampliado-transporte-hay-amenaza-medidas-presion-continuen_1790695195
Vision 360,2026-09-29,11:27,"Tras veto de EEUU, presidente del TSJ afirma que “cada juez es responsable” de sus resoluciones",https://www.vision360.bo/noticias/2026/09/29/70006-tras-veto-de-eeuu-presidente-del-tsj-afirma-que-cada-juez-es-responsable-de-sus-resoluciones
Red Uno,2026-09-29,11:28,¿Habrá nuevo paro? Transporte define nuevas medidas en ampliado departamental en Santa Cruz,https://www.reduno.com.bo/noticias/habra-nuevo-paro-transporte-define-nuevas-medidas-en-ampliado-departamental-en-santa-cruz-2026929112629
Unitel,2026-09-29,11:28,"Lara convoca para el 5 de octubre al pleno del Legislativo para analizar el veto de EEUU a fiscales, jueces y exautoridades",https://unitel.bo/noticias/politica/lara-convoca-para-el-5-de-octubre-al-pleno-del-legislativo-para-analizar-el-veto-de-eeuu-a-fiscales-jueces-y-exautoridades-FP23792557
La Razon,2026-09-29,11:29,Irán amenaza con ataques mientras espera respuesta de EEUU,https://larazon.bo/mundo/2026/09/29/iran-amenaza-con-ataques-mientras-espera-respuesta-de-eeuu/
El Deber,2026-09-29,11:31,Ministro de Defensa considera que el caso Mariaca podría derivar en una solicitud de extradición,https://eldeber.com.bo/pais/ministro-defensa-considera-caso-mariaca-podria-derivar-solicitud-extradicion_1790695833
La Razon,2026-09-29,11:31,Morales acusa a Paz de evitar explicaciones sobre su viaje a EEUU y el caso Cerimedo,https://larazon.bo/nacional/2026/09/29/morales-acusa-a-paz-de-evitar-explicaciones-sobre-su-viaje-a-eeuu-y-el-caso-cerimedo/
El Deber,2026-09-29,11:34,Cámaras de seguridad captaron dos asesinatos que ocurrieron con 3 minutos de diferencia en Santa Cruz,https://eldeber.com.bo/santa-cruz/camaras-seguridad-captaron-dos-asesinatos-ocurrieron-3-minutos-diferencia-santa-cruz_1790694924
El Diario,2026-09-29,11:35,El centro de La Paz suma otro cierre de calles por la filmación de «PROYECT K»,https://www.eldiario.net/portal/2026/09/29/el-centro-de-la-paz-suma-otro-cierre-de-calles-por-la-filmacion-de-proyect-k-1134/
La Razon,2026-09-29,11:35,Alcaldes de las nueve capitales y El Alto confirman asistencia a reunión con Paz este martes,https://larazon.bo/nacional/2026/09/29/alcaldes-de-las-nueve-capitales-y-el-alto-confirman-asistencia-a-reunion-con-paz-este-martes/
El Deber,2026-09-29,11:36,Mejillones busca ser la puerta al Pacífico para la producción boliviana,https://eldeber.com.bo/economia/mejillones-busca-ser-puerta-pacifico-produccion-boliviana_1790696015
Opinion,2026-09-29,11:37,XIX Feria Internacional del Libro de Cochabamba presenta su imagen oficial,https://www.opinion.com.bo/cultura/xix-feria-internacional-libro-cochabamba-presenta-imagen-oficial/20260929113717996837.html
ERBOL,2026-09-29,11:38,Lara convoca a sesión de Asamblea para considerar el caso de los vetados por EEUU,https://erbol.com.bo/nacional/lara-convoca-sesi%C3%B3n-de-asamblea-para-considerar-el-caso-de-los-vetados-por-eeuu
ANF,2026-09-29,11:42,Vicepresidente defiende a Mariaca y dice que no se puede apartar al fiscal general por aparecer en una lista de EEUU,https://www.noticiasfides.com/nacional/politica/vicepresidente-defiende-a-mariaca-y-dice-que-no-se-puede-apartar-al-fiscal-general-por-aparecer-en-una-lista-de-eeuu
Los Tiempos,2026-09-29,11:43,En la lista negra de EEUU figuran al menos tres personas relacionadas al caso maletas,https://www.lostiempos.com/actualidad/pais/20260929/lista-negra-eeuu-figuran-al-menos-tres-personas-relacionadas-al-caso
Opinion,2026-09-29,11:43,´La Verde´ ya está en Argentina y prepara otro examen de alto nivel,https://www.opinion.com.bo/deportes/verde-argentina-prepara-examen-alto-nivel/20260929114302996839.html
Opinion,2026-09-29,11:44,Lara convoca a sesión de Asamblea para considerar el caso de los vetados por EEUU,https://www.opinion.com.bo/pais/lara-convoca-sesion-asamblea-considerar-caso-vetados-eeuu/20260929114403996840.html
El Deber,2026-09-29,11:45,Abelardo Gudiño: “Invertiremos $us 382 millones en Bolivia hasta 2030”,https://eldeber.com.bo/economia/abelardo-gudino-invertiremos-us-382-millones-bolivia-2030_1790696433
Los Tiempos,2026-09-29,11:45,Fiscalía investiga como asesinato muerte de un hombre hallado en Valle Sacta,https://www.lostiempos.com/actualidad/seguridad/20260929/fiscalia-investiga-como-asesinato-muerte-hombre-hallado-valle-sacta
Vision 360,2026-09-29,11:46,Tatiana Marset dice que no vulneró restricciones de su detención domiciliaria tras pedido fiscal de informes,https://www.vision360.bo/noticias/2026/09/29/70030-tatiana-marset-dice-que-no-vulnero-restricciones-de-su-detencion-domiciliaria-tras-pedido-fiscal-de-informes
La Razon,2026-09-29,11:47,Lara convoca a sesión para analizar veto de EEUU a Mariaca y otros bolivianos,https://larazon.bo/nacional/2026/09/29/lara-convoca-a-sesion-para-analizar-veto-de-eeuu-a-mariaca-y-otros-bolivianos/
Unitel,2026-09-29,11:48,Caen cuatro miembros del Comando Vermelho ligados a un asesinato a tiros en Riberalta,https://unitel.bo/noticias/seguridad/caen-cuatro-miembros-del-comando-vermelho-ligados-a-un-asesinato-a-tiros-en-riberalta-EP23792798
Unitel,2026-09-29,11:51,Santa Cruz: Peatón muere arrollado por un camión en la zona de la Pampa de la Isla,https://unitel.bo/noticias/seguridad/santa-cruz-peaton-muere-arrollado-por-un-camion-en-la-zona-de-la-pampa-de-la-isla-FP23792896
Unitel,2026-09-29,11:57,Diputado Rojas denuncia a Evo en la Fiscalía por sus “amenazas” contra el Gobierno y el anuncio de movilizaciones,https://unitel.bo/noticias/seguridad/diputado-rojas-denuncia-a-evo-en-la-fiscalia-por-sus-amenazas-contra-el-gobierno-y-el-anuncio-de-movilizaciones-CP23793023
ERBOL,2026-09-29,11:58,Aprehenden a cuatro personas por asesinato en Riberalta y la Policía los vincula al Comando Vermelho,https://erbol.com.bo/seguridad/aprehenden-cuatro-personas-por-asesinato-en-riberalta-y-la-polic%C3%ADa-los-vincula-al-comando
Vision 360,2026-09-29,11:58,Montaño llega hasta la ronda de 64 en el prestigioso torneo U.S. Mid-Amateur Championship 2026,https://www.vision360.bo/noticias/2026/09/29/69991-montano-llega-hasta-la-ronda-de-64-en-el-prestigioso-torneo-us-mid-amateur-championship-2026
Vision 360,2026-09-29,11:58,Alcaldía de La Paz ejecuta obras de emergencia en la avenida Mario Mercado y anuncia cierre temporal de un carril,https://www.vision360.bo/noticias/2026/09/29/70036-alcaldia-de-la-paz-ejecuta-obras-de-emergencia-en-la-avenida-mario-mercado-y-anuncia-cierre-temporal-de-un-carril
El Deber,2026-09-29,12:00,PedidosYa Market: el supermercado digital que lleva más de 5.000 productos hasta la puerta de los bolivianos,https://eldeber.com.bo/te-puede-interesar/pedidosya-market-supermercado-digital-lleva-5-000-productos-puerta-bolivianos_1790697610
El Deber,2026-09-29,12:03,"Transporte de Santa Cruz analiza paro de 48 horas y señala que ""el Gobierno no los invitó a dialogar""",https://eldeber.com.bo/santa-cruz/transporte-santa-cruz-analiza-paro-48-horas-senala-gobierno-no-invito-dialogar_1790697143
Red Uno,2026-09-29,12:03,Senamhi activa tres alertas naranjas por nevadas y vientos: estas son las regiones afectadas,https://www.reduno.com.bo/noticias/senamhi-activa-tres-alertas-naranjas-por-nevadas-y-vientos-estas-son-las-regiones-afectadas-2026929105644
El Deber,2026-09-29,12:06,"Kast llegará a Bolivia con acuerdos en comercio, energía y minería",https://eldeber.com.bo/pais/kast-llegara-bolivia-acuerdos-comercio-energia-mineria_1790696883
El Deber,2026-09-29,12:07,De 35 camisas a una marca cruceña que convierte la identidad en un negocio,https://eldeber.com.bo/dinero/35-camisas-marca-crucena-convierte-identidad-negocio_1790697594
Los Tiempos,2026-09-29,12:08,Lara convoca a sesión de Asamblea para considerar el caso de los vetados por EEUU,https://www.lostiempos.com/actualidad/pais/20260929/lara-convoca-sesion-asamblea-considerar-caso-vetados-eeuu
Diez,2026-09-29,12:09,Blooming aclara la situación con Daniel Aponte,https://diez.bo/futbol/blooming-aclara-la-situacion-con-daniel-aponte_1790698148
Red Uno,2026-09-29,12:11,¿Agotamiento o golpe de calor? Una especialista explica cómo diferenciarlos,https://www.reduno.com.bo/noticias/agotamiento-o-golpe-de-calor-una-especialista-explica-como-diferenciarlos-20269291003
Diez,2026-09-29,12:14,José Luis Montaño llega hasta la ronda de 64 en el U.S. Mid-Amateur Championship 2026,https://diez.bo/multideportivo/jose-luis-montano-llega-hasta-la-ronda-de-64-en-el-u-s-mid-amateur-championship-2026_1790698452
El Deber,2026-09-29,12:14,Lara convoca a la Asamblea para el 5 de octubre por el caso de retiro de visa a fiscal,https://eldeber.com.bo/pais/lara-convoca-asamblea-5-octubre-caso-mariaca_1790698394
Los Tiempos,2026-09-29,12:15,Jubilada de 87 años desalojada en Madrid podrá volver a casa,https://www.lostiempos.com/actualidad/mundo/20260929/jubilada-87-anos-desalojada-madrid-podra-volver-casa
La Razon,2026-09-29,12:16,Montaño llega a ronda 64 en Mid-Amateur Championship 2026,https://larazon.bo/marcas/2026/09/29/montano-llega-a-ronda-64-en-mid-amateur-championship-2026/
La Razon,2026-09-29,12:17,Cámara de Comercio de La Paz analizará impacto de la coyuntura en el sector empresarial,https://larazon.bo/economia-y-empresa/2026/09/29/camara-de-comercio-de-la-paz-analizara-impacto-de-la-coyuntura-en-el-sector-empresarial/
Unitel,2026-09-29,12:20,Lara califica de “vergonzoso” el levantamiento del arraigo a exministro Medinaceli: “Le están diciendo escápate”,https://unitel.bo/noticias/politica/lara-califica-de-vergonzoso-el-levantamiento-del-arraigo-a-exministro-medinaceli-le-estan-diciendo-escapate-IP23793748
ERBOL,2026-09-29,12:22,"Congreso de Botánica, el encuentro de conocimientos de la biodiversidad de plantas de Bolivia",https://erbol.com.bo/gente/congreso-de-bot%C3%A1nica-el-encuentro-de-conocimientos-de-la-biodiversidad-de-plantas-de-bolivia
La Razon,2026-09-29,12:23,Manfred rechaza que Mariaca renuncie por suspensión de su visa: ‘Es una cosa muy adelantada’,https://larazon.bo/nacional/2026/09/29/manfred-rechaza-que-mariaca-renuncie-por-suspension-de-su-visa-es-una-cosa-muy-adelantada/
La Razon,2026-09-29,12:25,"Fallece Willy Soria, referente de la avicultura y del empresariado cochabambino",https://larazon.bo/economia-y-empresa/2026/09/29/fallece-willy-soria-referente-de-la-avicultura-y-del-empresariado-cochabambino/
Red Uno,2026-09-29,12:26,Edmand Lara convoca a sesión de la Asamblea Legislativa para tratar restricciones de visas,https://www.reduno.com.bo/noticias/edmand-lara-convoca-a-sesion-de-la-asamblea-legislativa-para-tratar-restricciones-de-visas-202692912225
Diez,2026-09-29,12:27,"El Manchester City, declarado culpable de irregularidades financieras",https://diez.bo/futbol/el-manchester-city-declarado-culpable-de-irregularidades-financieras_1790699239
Unitel,2026-09-29,12:27,Regresan las filas por gasolina en la capital cruceña y choferes reportan que esperan por horas para realizar la carga,https://unitel.bo/noticias/economia/regresan-las-filas-por-gasolina-en-la-capital-crucena-y-choferes-reportan-que-esperan-por-horas-para-realizar-la-carga-GP23793731
La Razon,2026-09-29,12:30,Sector carnicero alerta por caída en el consumo de carne,https://larazon.bo/economia-y-empresa/2026/09/29/sector-carnicero-alerta-por-caida-en-el-consumo-de-carne/
El Diario,2026-09-29,12:33,Cochabamba: Motocicletas con roncadores entran en la mira de los controles,https://www.eldiario.net/portal/2026/09/29/cochabamba-motocicletas-con-roncadores-entran-en-la-mira-de-los-controles-1233/
La Razon,2026-09-29,12:36,"Ante Bolivia, Scaloni alista la nueva Argentina sin Messi",https://larazon.bo/marcas/2026/09/29/ante-bolivia-scaloni-alista-la-nueva-argentina-sin-messi/
Red Uno,2026-09-29,12:36,Transporte anuncia paro de 48 horas en Santa Cruz si el Gobierno no abroga el DS 5716,https://www.reduno.com.bo/noticias/transporte-anuncia-paro-de-48-horas-en-santa-cruz-si-el-gobierno-no-abroga-el-ds-5716-20269291277
La Razon,2026-09-29,12:39,Fiscalía investiga vínculo entre dos asesinatos en Santa Cruz,https://larazon.bo/ciudades/2026/09/29/fiscalia-investiga-vinculo-entre-dos-asesinatos-en-santa-cruz/
Unitel,2026-09-29,12:39,El acribillado en la Pampa de la Isla era de nacionalidad turca y tenía antecedentes por narcotráfico,https://unitel.bo/noticias/seguridad/el-acribillado-en-la-pampa-de-la-isla-era-de-nacionalidad-turca-y-tenia-antecedentes-por-narcotrafico-BP23793938
El Diario,2026-09-29,12:40,Costa anuncia que la FBF tendrá su propio balón con certificación de la FIFA,https://www.eldiario.net/portal/2026/09/29/costa-anuncia-que-la-fbf-tendra-su-propio-balon-con-certificacion-de-la-fifa/
Unitel,2026-09-29,12:40,Jueces vetados por EEUU: Consejo de la Magistratura advierte con procesos en caso de haber irregularidades,https://unitel.bo/noticias/seguridad/jueces-vetados-por-eeuu-consejo-de-la-magistratura-advierte-con-procesos-en-caso-de-haber-irregularidades-IP23794059
ANF,2026-09-29,12:41,"Caso Poma: una muerte en custodia, una investigación cuestionada y un juicio que aún no comienza",https://www.noticiasfides.com/derechos-humanos/caso-poma-una-muerte-en-custodia-una-investigacion-cuestionada-y-un-juicio-que-aun-no-comienza
Unitel,2026-09-29,12:42,Micreros cruceños dan ultimátum al Gobierno y advierten con nuevo paro para el 5 y 6 de octubre si no hay acuerdos,https://unitel.bo/noticias/economia/micreros-crucenos-dan-ultimatum-al-gobierno-y-advierten-con-nuevo-paro-para-el-5-y-6-de-octubre-si-no-hay-acuerdos-CP23794042
La Razon,2026-09-29,12:45,Justiniano dice que caso Mariaca podría derivar en investigación y pedido de extradición,https://larazon.bo/nacional/2026/09/29/justiniano-dice-que-caso-mariaca-podria-derivar-en-investigacion-y-pedido-de-extradicion/
Red Uno,2026-09-29,12:45,Cochabamba reclama nuevos ítems ante conclusión de 442 contratos en salud,https://www.reduno.com.bo/noticias/cochabamba-reclama-nuevos-items-ante-conclusion-de-442-contratos-en-salud-2026929102117
ANF,2026-09-29,12:49,De fiscal departamental a Fiscal General: los casos de narcotráfico no resueltos en las gestiones de Roger Mariaca,https://www.noticiasfides.com/nacional/seguridad/de-fiscal-departamental-a-fiscal-general-los-casos-de-narcotrafico-no-resueltos-en-las-gestiones-de-roger-mariaca
El Deber,2026-09-29,12:54,Transporte cruceño da ultimátum al Gobierno y anuncia paro de 48 horas desde el lunes 5 de octubre,https://eldeber.com.bo/santa-cruz/transporte-cruceno-da-ultimatum-gobierno-anuncia-paro-48-horas-lunes-5-octubre_1790700346
Red Uno,2026-09-29,12:55,"“La estoy pagando todavía, la saqué a crédito”: atracan a joven y le roban su moto en la Mutualista",https://www.reduno.com.bo/noticias/la-estoy-pagando-todavia-la-saque-a-credito-atracan-a-joven-y-le-roban-su-moto-en-la-mutualista-202692910359
Unitel,2026-09-29,12:56,Identifican los restos de los “desaparecidos” tras las explosiones en el cuartel de Viacha y los entregan a sus familias,https://unitel.bo/noticias/seguridad/identifican-los-restos-de-los-desaparecidos-tras-las-explosiones-en-el-cuartel-de-viacha-y-los-entregan-a-sus-familias-FP23794540
Red Uno,2026-09-29,12:57,Transporte de Cochabamba abandona reunión con el Gobierno; determinarán acciones en ampliado,https://www.reduno.com.bo/noticias/transporte-de-cochabamba-abandona-reunion-con-el-gobierno-determinaran-acciones-en-ampliado-202692992847
Red Uno,2026-09-29,12:57,UTOP aprehende a dos personas y recupera objetos tras frustrar robo en Cochabamba,https://www.reduno.com.bo/noticias/utop-aprehende-a-dos-personas-y-recupera-objetos-tras-frustrar-robo-en-cochabamba-2026929121423
La Razon,2026-09-29,12:58,"Gobierno pide información a EEUU sobre Mariaca, pero no sabe cuánto tardará la respuesta",https://larazon.bo/nacional/2026/09/29/gobierno-pide-informacion-a-eeuu-sobre-mariaca-pero-no-sabe-cuanto-tardara-la-respuesta/
Red Uno,2026-09-29,12:58,Chuquisaca: sequía deja a 24 municipios en desastre y pone en riesgo 67.000 cabezas de ganado,https://www.reduno.com.bo/noticias/chuquisaca-sequia-deja-a-24-municipios-en-desastre-y-pone-en-riesgo-67-000-cabezas-de-ganado-2026929124237
Vision 360,2026-09-29,12:58,EEUU cooperará en la creación de dos unidades de élite contra el narcoterrorismo en la frontera brasileña,https://www.vision360.bo/noticias/2026/09/29/70042-eeuu-cooperara-en-la-creacion-de-dos-unidades-de-elite-contra-el-narcoterrorismo-en-la-frontera-brasilena
El Deber,2026-09-29,12:59,Hombre asesinado en la Pampa de la Isla era de nacionalidad turca,https://eldeber.com.bo/santa-cruz/hombre-asesinado-pampa-isla-nacionalidad-turca_1790700765
ERBOL,2026-09-29,13:00,Una mujer se entrega a la Policía para confesar la muerte y entierro de su bebé,https://erbol.com.bo/seguridad/una-mujer-se-entrega-la-polic%C3%ADa-para-confesar-la-muerte-y-entierro-de-su-beb%C3%A9
Vision 360,2026-09-29,13:00,"Brasil explota y supera a Australia, pese a la lesión de Raphinha",https://www.vision360.bo/noticias/2026/09/29/70033-brasil-explota-y-supera-a-australia-pese-a-la-lesion-de-raphinha
El Deber,2026-09-29,13:02,"EEUU concentra su veto en la Justicia: nueve de 13 bolivianos son fiscales, jueces o magistrados",https://eldeber.com.bo/pais/eeuu-concentra-veto-justicia-nueve-13-bolivianos-fiscales-jueces-magistrados_1790700962
El Deber,2026-09-29,13:03,"Rescatan un mono, una paraba y un parabachi que estaban enjaulados en un condominio del Urubó",https://eldeber.com.bo/santa-cruz/rescatan-mono-paraba-parabachi-estaban-enjaulados-condominio-urubo_1790700262
La Razon,2026-09-29,13:06,Diálogo entre Gobierno y transportistas entra en cuarto intermedio,https://larazon.bo/economia-y-empresa/2026/09/29/reunion-entre-gobierno-y-transportistas-ingresa-en-cuarto-intermedio/
El Deber,2026-09-29,13:08,Caen cuatro miembros del Comando Vermelho vinculados al asesinato de un hombre en Riberalta,https://eldeber.com.bo/pais/caen-cuatro-miembros-comando-vermelho-vinculados-asesinato-hombre-riberalta_1790699062
El Deber,2026-09-29,13:09,Diésel importado: tres empresas ofrecen combustible desde Bs 22 por litro en Santa Cruz,https://eldeber.com.bo/economia/diesel-importado-tres-empresas-ofrecen-combustible-bs-22-litro-santa-cruz_1790699344
El Deber,2026-09-29,13:11,"Buena Vista se prepara para celebrar el Día de la Tradición con gastronomía, cultura y juegos",https://eldeber.com.bo/santa-cruz/buena-vista-prepara-celebrar-dia-tradicion-gastronomia-cultura-juegos_1790700437
El Deber,2026-09-29,13:13,Conflicto por el diésel: el diálogo del Gobierno y los choferes del país entra en cuarto intermedio,https://eldeber.com.bo/pais/conflicto-diesel-dialogo-gobierno-choferes-entra-cuarto-intermedio_1790701920
El Deber,2026-09-29,13:13,"Durante 10 días, Expocruz puso a prueba la capacidad de hacer negocios",https://eldeber.com.bo/dinero/10-dias-expocruz-puso-prueba-capacidad-hacer-negocios_1790700960
Los Tiempos,2026-09-29,13:14,Caen cuatro miembros del Comando Vermelho en Riberalta tras el asesinato de un hombre por disputa de territorio,https://www.lostiempos.com/actualidad/seguridad/20260929/caen-cuatro-miembros-del-comando-vermelho-riberalta-asesinato-hombre
Red Uno,2026-09-29,13:14,¿Conviene comprar o vender? Así cotiza el dólar paralelo este martes por la tarde en Bolivia,https://www.reduno.com.bo/noticias/conviene-comprar-o-vender-asi-cotiza-el-dolar-paralelo-este-martes-por-la-tarde-en-bolivia-202692912437
El Deber,2026-09-29,13:17,Arturo Barreira: “Hay oportunidad de desarrollo en rutas domésticas de Bolivia”,https://eldeber.com.bo/dinero/arturo-barreira-hay-oportunidad-desarrollo-rutas-domesticas-bolivia_1790698916
El Deber,2026-09-29,13:18,Convocan a sesión legislativa para tratar el veto de EE.UU. el próximo 5 de octubre,https://eldeber.com.bo/pais/convocan-sesion-legislativa-tratar-veto-ee-uu-proximo-5-octubre_1790700606
Opinion,2026-09-29,13:18,Gobierno dice que no contrató publicación de separata en USA Today; ENDE y YPFB pagaron publicidad,https://www.opinion.com.bo/pais/gobierno-dice-que-contrato-publicacion-separata-usa-today-ende-ypfb-pagaron-publicidad/20260929131804996843.html
Red Uno,2026-09-29,13:18,Capturan a cuatro miembros del Comando Vermelho vinculados a un asesinato en Riberalta,https://www.reduno.com.bo/noticias/capturan-a-cuatro-miembros-del-comando-vermelho-vinculados-a-un-asesinato-en-riberalta-202692912330
Unitel,2026-09-29,13:18,Reunión Gobierno – Choferes entra en cuarto intermedio y se enfilan mesas de trabajo,https://unitel.bo/noticias/economia/reunion-gobierno-choferes-entra-en-cuarto-intermedio-y-se-enfilan-mesas-de-trabajo-PP23795138
Unitel,2026-09-29,13:20,"El Gobierno dice que no pagó la separata en USA Today, pero revela que YPFB y ENDE contrataron publicidad",https://unitel.bo/noticias/politica/el-gobierno-dice-que-no-pago-la-separata-en-usa-today-pero-revela-que-ypfb-y-ende-contrataron-publicidad-CP23795052
El Deber,2026-09-29,13:21,Santa Cruz de la Sierra recibe 50 fardos de ropa para niños y adultos mayores en situación vulnerable,https://eldeber.com.bo/santa-cruz/santa-cruz-sierra-recibe-50-fardos-ropa-ninos-adultos-mayores-situacion-vulnerable_1790698813
Los Tiempos,2026-09-29,13:22,Gobierno no contrató publicación de separata en USA Today; ENDE y YPFB pagaron por la publicidad,https://www.lostiempos.com/actualidad/pais/20260929/gobierno-no-contrato-publicacion-separata-usa-today-ende-ypfb-pagaron
ANF,2026-09-29,13:23,Caso Benites: las zonas grises de una muerte bajo custodia policial,https://www.noticiasfides.com/derechos-humanos/caso-benites-las-zonas-grises-de-una-muerte-bajo-custodia-policial
La Razon,2026-09-29,13:25,Transporte cruceño anuncia paro de 48 horas para lunes y martes,https://larazon.bo/ciudades/2026/09/29/transporte-cruceno-anuncia-paro-de-48-horas-para-lunes-y-martes/
Vision 360,2026-09-29,13:25,Aparicio ve que con el veto EEUU dice que la lucha contra las estructuras mafiosas va en serio y Bolivia debe cumplir “su parte”,https://www.vision360.bo/noticias/2026/09/29/70039-aparicio-ve-que-con-el-veto-eeuu-dice-que-la-lucha-contra-las-estructuras-mafiosas-va-en-serio-y-bolivia-debe-cumplir-su-parte
El Deber,2026-09-29,13:29,Fiscal Zeballos exige información oficial a EEUU sobre la revocación de visas a funcionarios bolivianos,https://eldeber.com.bo/pais/fiscal-zeballos-exige-informacion-oficial-eeuu-revocacion-visas-funcionarios-bolivianos_1790702855
La Razon,2026-09-29,13:29,La Paz se prepara para recibir el cuarto festival ‘El Buen Café: Del Café al Destino’,https://larazon.bo/sociedad/2026/09/29/la-paz-se-prepara-para-recibir-el-cuarto-festival-el-buen-cafe-del-cafe-al-destino/
Los Tiempos,2026-09-29,13:30,"Aduana Nacional comisa tres contenedores con cosméticos declarados como juguetes y valuados en más de 1,1 millones de dólares",https://www.lostiempos.com/actualidad/pais/20260929/aduana-nacional-comisa-tres-contenedores-cosmeticos-declarados-como
La Razon,2026-09-29,13:31,Sequía en Chuquisaca: más de 67.000 cabezas de ganado en riesgo,https://larazon.bo/sociedad/2026/09/29/sequia-en-chuquisaca-mas-de-67-000-cabezas-de-ganado-en-riesgo/
Red Uno,2026-09-29,13:32,Senamhi emite alerta naranja por nevadas en cinco departamentos de Bolivia,https://www.reduno.com.bo/noticias/senamhi-emite-alerta-naranja-por-nevadas-en-cinco-departamentos-de-bolivia-202692912819
El Diario,2026-09-29,13:33,Hospital Japonés recibe torre laparoscópica,https://www.eldiario.net/portal/2026/09/29/hospital-japones-recibe-torre-laparoscopica/
Red Uno,2026-09-29,13:34,¡Lo logramos! Se recaudó más de Bs 34 mil para Zenobia y sus pequeños,https://www.reduno.com.bo/noticias/lo-logramos-se-recaudo-mas-de-bs-34-mil-para-zenobia-y-sus-pequenos-202692911409
El Diario,2026-09-29,13:35,Ponciano Santos obtiene detención domiciliaria,https://www.eldiario.net/portal/2026/09/29/ponciano-santos-obtiene-detencion-domiciliaria/
Unitel,2026-09-29,13:36,Fiscal de Santa Cruz exige a EEUU explicar por vía diplomática la revocatoria de visas,https://unitel.bo/noticias/seguridad/fiscal-de-santa-cruz-exige-a-eeuu-explicar-por-via-diplomatica-la-revocatoria-de-visas-MP23795393
La Razon,2026-09-29,13:39,Lara teme que el Gobierno impulse un fiscal afín para encubrir corrupción,https://larazon.bo/nacional/2026/09/29/lara-teme-que-el-gobierno-impulse-un-fiscal-afin-para-encubrir-corrupcion/
Red Uno,2026-09-29,13:42,Dos asesinatos en Santa Cruz: Policía identifica a víctima de la Pampa de la Isla y revela nuevos detalles,https://www.reduno.com.bo/noticias/dos-asesinatos-en-santa-cruz-policia-identifica-a-victima-de-la-pampa-de-la-isla-y-revela-nuevos-detalles-2026929131759
Vision 360,2026-09-29,13:46,"Sin acuerdos, choferes descartan protestas a la espera de próximas reuniones y estudios de costos para el ajuste de tarifas",https://www.vision360.bo/noticias/2026/09/29/70045-sin-acuerdos-choferes-descartan-protestas-a-la-espera-de-proximas-reuniones-y-estudios-de-costos-para-el-ajuste-de-tarifas
ANF,2026-09-29,13:47,Simposio identifica desafíos para que programas dirigidos a hombres que ejercen violencia sean efectivos,https://www.noticiasfides.com/derechos-humanos/simposio-identifica-desafios-para-que-programas-dirigidos-a-hombres-que-ejercen-violencia-sean-efectivos
ANF,2026-09-29,13:49,Concluyen pruebas de ADN y entregan a familias restos de los fallecidos en explosión de cuartel de Viacha,https://www.noticiasfides.com/nacional/seguridad/concluyen-pruebas-de-adn-y-entregan-a-familias-restos-de-los-fallecidos-en-explosion-de-cuartel-de-viacha
La Razon,2026-09-29,13:55,Vocero: Gobierno no pagó separata; YPFB y ENDE pusieron ‘publicidad’ por $us 60.000,https://larazon.bo/nacional/2026/09/29/vocero-gobierno-no-pago-separata-ypfb-y-ende-pusieron-publicidad-por-us-60-000/
Opinion,2026-09-29,13:55,Caen cuatro miembros del Comando Vermelho en Riberalta tras el asesinato de un hombre por disputa de territorio,https://www.opinion.com.bo/policial/caen-cuatro-miembros-comando-vermelho-riberalta-asesinato-hombre-disputa-territorio/20260929135541996845.html
Diez,2026-09-29,13:56,El Manchester City insiste en su inocencia y apelará,https://diez.bo/futbol/el-manchester-city-insiste-en-su-inocencia-y-apelara_1790701076
Red Uno,2026-09-29,13:58,La Paz restringirá la carga de combustible a vehículos que no regularizaron su transferencia,https://www.reduno.com.bo/noticias/la-paz-restringira-la-carga-de-combustible-a-vehiculos-que-no-regularizaron-su-transferencia-2026929112240
ANF,2026-09-29,13:59,Presidente del Legislativo convoca a sesión del pleno para tratar el caso del fiscal general del Estado,https://www.noticiasfides.com/nacional/politica/presidente-del-legislativo-convoca-a-sesion-del-pleno-para-tratar-el-caso-del-fiscal-general-del-estado
Red Uno,2026-09-29,14:00,Botadero de Cotapachi cumple tres días bloqueado por zanjas; convocan al diálogo,https://www.reduno.com.bo/noticias/botadero-de-cotapachi-cumple-tres-dias-bloqueado-y-convocan-al-dialogo-202692911281
Red Uno,2026-09-29,14:00,Estudiantes reciclan para reunir 500 juguetes para niños de comunidades alejadas en La Paz,https://www.reduno.com.bo/noticias/estudiantes-reciclan-para-reunir-500-juguetes-para-ninos-de-comunidades-alejadas-en-la-paz-2026929115512
La Razon,2026-09-29,14:01,Logran sofocar incendio en Quillacollo tras dos días de trabajo,https://larazon.bo/ciudades/2026/09/29/logran-sofocar-incendio-en-quillacollo-tras-dos-dias-de-trabajo/
Red Uno,2026-09-29,14:02,Cadáver hallado en el Trópico de Cochabamba sigue sin ser identificado; la Policía busca a sus familiares,https://www.reduno.com.bo/noticias/cadaver-hallado-en-el-tropico-de-cochabamba-continua-sin-ser-identificado-la-policia-busca-a-sus-familiares-2026929133537
ANF,2026-09-29,14:04,ODS en colegios y comunidades: Unifranz lleva el Banderazo más allá de sus campus,https://www.noticiasfides.com/innovacion-y-educacion/ods-en-colegios-y-comunidades-unifranz-lleva-el-banderazo-mas-alla-de-sus-campus
Los Tiempos,2026-09-29,14:08,Diálogo Gobierno- choferes entra en cuarto intermedio; habrá estudio de costos en cada departamento,https://www.lostiempos.com/actualidad/pais/20260929/dialogo-gobierno-choferes-entra-cuarto-intermedio-habra-estudio-costos-cada
La Razon,2026-09-29,14:10,Magistratura revisará viajes y permisos de jueces vetados por EEUU,https://larazon.bo/nacional/2026/09/29/magistratura-revisara-viajes-y-permisos-de-jueces-vetados-por-eeuu/
Opinion,2026-09-29,14:14,Cuarto intermedio en reunión con el Gobierno; choferes evaluarán costos de operación en ampliados,https://www.opinion.com.bo/pais/cuarto-intermedio-reunion-gobierno-choferes-evaluaran-costos-operacion-ampliados/20260929141443996847.html
Red Uno,2026-09-29,14:16,Filas por gasolina vuelven a los surtidores de Santa Cruz; conductores esperan horas para cargar,https://www.reduno.com.bo/noticias/filas-por-gasolina-vuelven-a-los-surtidores-de-santa-cruz-conductores-esperan-horas-para-cargar-2026929141619
Vision 360,2026-09-29,14:16,Lara llama a sesión de la ALP para abordar el tema de los vetos de EEUU,https://www.vision360.bo/noticias/2026/09/29/70048-lara-llama-a-sesion-de-la-alp-para-abordar-el-tema-de-los-vetos-de-eeuu
La Razon,2026-09-29,14:19,Capturan a cuatro miembros del Comando Vermelho en Riberalta,https://larazon.bo/nacional/2026/09/29/capturan-a-cuatro-miembros-del-comando-vermelho-en-riberalta/
El Deber,2026-09-29,14:20,El Niño amenaza con profundizar la recesión y llevar la caída del PIB regionalal 5%,https://eldeber.com.bo/dinero/nino-amenaza-profundizar-recesion-llevar-caida-pib-regionalal-5_1790705346
Red Uno,2026-09-29,14:25,Hallan sin vida a una persona en la serranía San Pedro de Cochabamba,https://www.reduno.com.bo/noticias/hallan-sin-vida-a-una-persona-en-la-serrania-san-pedro-de-cochabamba-2026929134451
Red Uno,2026-09-29,14:31,“No vamos a permitir injerencias políticas”: Zeballos pide informe oficial sobre restricción de visas de EEUU,https://www.reduno.com.bo/noticias/no-vamos-a-permitir-injerencias-politicas-zeballos-pide-informe-oficial-sobre-restriccion-de-visas-de-eeuu-202692914140
El Deber,2026-09-29,14:32,Juez fija una nueva audiencia en el caso de Lindsay Clancy para el próximo 2 de noviembre,https://eldeber.com.bo/mundo/juez-fija-nueva-audiencia-caso-lindsay-clancy-proximo-2-noviembre_1790706748
La Razon,2026-09-29,14:34,Emisario ruso se reunió con funcionarios de EEUU en Washington,https://larazon.bo/mundo/2026/09/29/emisario-ruso-se-reunio-con-funcionarios-de-eeuu-en-washington/
El Deber,2026-09-29,14:35,Tragedia de Viacha: identifican los restos de seis conscriptos y entregan a sus familiares,https://eldeber.com.bo/pais/tragedia-viacha-identifican-restos-seis-conscriptos-entregan-familiares_1790706678
La Razon,2026-09-29,14:44,Ejecutivos de la IA se reunirán con Trump en la Casa Blanca,https://larazon.bo/mundo/2026/09/29/ejecutivos-de-la-ia-se-reuniran-con-trump-en-la-casa-blanca/
El Deber,2026-09-29,14:45,Fiscalía solicita revocar la detención domiciliaria de Tatiana Marset,https://eldeber.com.bo/santa-cruz/fiscalia-solicita-revocar-detencion-domiciliaria-tatiana-marset_1790707336
El Deber,2026-09-29,14:48,"Fiscal Zeballos: ""Caiga quien caiga, vamos a actuar con todo el rigor y el peso de la ley""",https://eldeber.com.bo/santa-cruz/fiscal-zeballos-caiga-quien-caiga-vamos-actuar-todo-rigor-peso-ley_1790703066
ANF,2026-09-29,14:51,Legisladores exigen que una comisión mixta investigue quiénes y por qué eligieron a Mariaca en la Asamblea,https://www.noticiasfides.com/nacional/politica/legisladores-exigen-que-una-comision-mixta-investigue-quienes-y-por-que-eligieron-a-mariaca-en-la-asamblea
La Razon,2026-09-29,14:51,Luzmila Carpio recibirá Premio a la Excelencia Profesional WOMEX 26,https://larazon.bo/la-revista/2026/09/29/luzmila-carpio-recibira-premio-a-la-excelencia-profesional-womex-26/
La Razon,2026-09-29,14:53,Construcción plantea 5 medidas para evitar paralización de obras y proteger empleos,https://larazon.bo/economia-y-empresa/2026/09/29/construccion-plantea-5-medidas-para-evitar-paralizacion-de-obras-y-proteger-empleos/
Red Uno,2026-09-29,14:54,Transporte de los Yungas se declara en emergencia y espera nueva convocatoria del Gobierno,https://www.reduno.com.bo/noticias/transporte-de-los-yungas-se-declara-en-emergencia-y-espera-nueva-convocatoria-del-gobierno-2026929134558
Unitel,2026-09-29,14:58,Transporte cooperativizado de Cochabamba se retira de la reunión con el Gobierno y anuncian medidas,https://unitel.bo/noticias/economia/transporte-cooperativizado-de-cochabamba-se-retira-de-la-reunion-con-el-gobierno-y-anuncian-medidas-FP23797165
Vision 360,2026-09-29,14:58,"La Premier League: ""El City rompió las reglas de forma sistemática durante una década""",https://www.vision360.bo/noticias/2026/09/29/70051-la-premier-league-el-city-rompio-las-reglas-de-forma-sistematica-durante-una-decada
El Deber,2026-09-29,14:59,"Zeballos sobre su visa revocada: ""Viajé solo una vez a EEUU. Mi visa era de turista""",https://eldeber.com.bo/santa-cruz/zeballos-visa-revocada-viaje-solo-vez-eeuu-visa-era-turista_1790706828
Vision 360,2026-09-29,15:02,Fiscalía identifica y entrega a sus familiares los restos de seis conscriptos que murieron en la explosión en el Regimiento Bolívar,https://www.vision360.bo/noticias/2026/09/29/70054-fiscalia-identifica-y-entrega-a-sus-familiares-los-restos-de-seis-conscriptos-que-murieron-en-la-explosion-en-el-regimiento-bolivar
Red Uno,2026-09-29,15:03,"Tras 20 días de espera, familias recibirán restos de víctimas de las explosiones en Viacha",https://www.reduno.com.bo/noticias/tras-20-dias-de-espera-familias-recibiran-restos-de-victimas-de-las-explosiones-en-viacha-202692913583
La Razon,2026-09-29,15:04,Diputada pide auditoria forense por Planta de Papa de El Alto,https://larazon.bo/economia-y-empresa/2026/09/29/diputada-pide-auditoria-forense-por-planta-de-papa-de-el-alto/
El Deber,2026-09-29,15:07,En Tarija Piden el alejamiento del fiscal Mariaca para transparentar las investigaciones,https://eldeber.com.bo/pais/tarija-piden-alejamiento-fiscal-mariaca-transparentar-investigaciones_1790708753
El Diario,2026-09-29,15:10,Préstamo del FMI para ayudar a Bolivia,https://www.eldiario.net/portal/2026/09/29/prestamo-del-fmi-para-ayudar-a-bolivia/
La Razon,2026-09-29,15:10,ANH inspecciona la Planta de Gas Warnes y pide mejoras en seguridad y drenaje,https://larazon.bo/economia-y-empresa/2026/09/29/anh-inspecciona-la-planta-de-gas-warnes-y-pide-mejoras-en-seguridad-y-drenaje/
Opinion,2026-09-29,15:11,Entregan restos de seis fallecidos en Viacha; Fiscalía afirma que dará con los responsables y que hay avances,https://www.opinion.com.bo/pais/entregan-restos-seis-fallecidos-viacha-fiscalia-afirma-que-dara-responsables-que-avances/20260929151115996850.html
El Diario,2026-09-29,15:12,De teleféricos y huevos,https://www.eldiario.net/portal/2026/09/29/de-telefericos-y-huevos/
Red Uno,2026-09-29,15:12,Manfred pide investigar caso de visas revocadas fuera de la Fiscalía y esperar pruebas,https://www.reduno.com.bo/noticias/manfred-pide-investigar-caso-de-visas-revocadas-fuera-de-la-fiscalia-y-esperar-pruebas-202692913428
Diez,2026-09-29,15:14,Fernando Costa anuncia el balón oficial de la FBF con sello FIFA,https://diez.bo/futbol/fernando-costa-anuncia-el-balon-oficial-de-la-fbf-con-sello-fifa_1790709246
El Diario,2026-09-29,15:14,Evo Morales y el poder de la narcococa,https://www.eldiario.net/portal/2026/09/29/evo-morales-y-el-poder-de-la-narcococa/
Vision 360,2026-09-29,15:14,La pugna escala: Paz tilda a Evo de pedófilo y le recuerda su papel en La Haya; Morales le dice “niño mimado y sumiso” a EEUU,https://www.vision360.bo/noticias/2026/09/29/70057-la-pugna-escala-paz-tilda-a-evo-de-pedofilo-y-le-recuerda-su-papel-en-la-haya-morales-le-dice-nino-mimado-y-sumiso-a-eeuu
El Diario,2026-09-29,15:15,Caso “Narcomaderas”: ¡la Cancillería debe ejercer la protección consular ya!,https://www.eldiario.net/portal/2026/09/29/caso-narcomaderas-la-cancilleria-debe-ejercer-la-proteccion-consular-ya/
Diez,2026-09-29,15:17,Premier League: “El City rompió las reglas de forma sistemática durante una década”,https://diez.bo/futbol/premier-league-el-city-rompio-las-reglas-de-forma-sistematica-durante-una-decada_1790709474
El Diario,2026-09-29,15:17,El diésel que llega por mar: la cadena logística que Bolivia necesita transparentar,https://www.eldiario.net/portal/2026/09/29/el-diesel-que-llega-por-mar-la-cadena-logistica-que-bolivia-necesita-transparentar/
La Razon,2026-09-29,15:17,Zeballos defiende su gestión tras veto de EEUU; reporta 856 procesos por narcotráfico en Santa Cruz,https://larazon.bo/nacional/2026/09/29/zeballos-defiende-su-gestion-tras-veto-de-eeuu-reporta-856-procesos-por-narcotrafico-en-santa-cruz/
El Diario,2026-09-29,15:18,Menos plata y un sistema de salud desordenado,https://www.eldiario.net/portal/2026/09/29/menos-plata-y-un-sistema-de-salud-desordenado/
La Razon,2026-09-29,15:18,"Empresarios respaldan ajuste económico, pero alertan por empleo e inversiones",https://larazon.bo/economia-y-empresa/2026/09/29/empresarios-respaldan-ajuste-economico-pero-alertan-por-empleo-e-inversiones/
Vision 360,2026-09-29,15:19,México mantiene abiertas pesquisas sobre exfuncionarios por el caso Ayotzinapa,https://www.vision360.bo/noticias/2026/09/29/70063-mexico-mantiene-abiertas-pesquisas-sobre-exfuncionarios-por-el-caso-ayotzinapa
El Diario,2026-09-29,15:20,Una controversia que puede convertirse en una oportunidad constitucional,https://www.eldiario.net/portal/2026/09/29/una-controversia-que-puede-convertirse-en-una-oportunidad-constitucional/
Unitel,2026-09-29,15:21,La Gobernación cruceña ya publica diferentes ofertas de diésel con precios desde Bs 22 el litro,https://unitel.bo/noticias/economia/la-gobernacion-crucena-ya-publica-diferentes-ofertas-de-diesel-con-precios-desde-bs-22-el-litro-MP23797830
El Diario,2026-09-29,15:22,Obras de emergencia obligan a cerrar un carril de la avenida Mario Mercado,https://www.eldiario.net/portal/2026/09/29/obras-de-emergencia-obligan-a-cerrar-un-carril-de-la-avenida-mario-mercado-1521/
El Diario,2026-09-29,15:22,"Cobre, litio y becas: la estrategia silenciosa de Pekín en la región",https://www.eldiario.net/portal/2026/09/29/cobre-litio-y-becas-la-estrategia-silenciosa-de-pekin-en-la-region/
Unitel,2026-09-29,15:22,Reunión Paz - alcaldes: Santa Cruz y La Paz hacen conocer sus propuestas económicas,https://unitel.bo/noticias/politica/reunion-paz-alcaldes-santa-cruz-y-la-paz-hacen-conocer-sus-propuestas-economicas-KP23797951
La Razon,2026-09-29,15:23,Beller cuestiona veto a Mariaca y pregunta si EEUU protege a Cerimedo,https://larazon.bo/nacional/2026/09/29/beller-cuestiona-veto-a-mariaca-y-pregunta-si-eeuu-protege-a-cerimedo/
La Razon,2026-09-29,15:23,La ‘Taypi Feria’ llega a La Paz para acercar al productor y consumidor,https://larazon.bo/ciudades/2026/09/29/la-taypi-feria-llega-a-la-paz-para-acercar-al-productor-y-consumidor/
El Diario,2026-09-29,15:24,De las políticas terrestres; a las poéticas celestes,https://www.eldiario.net/portal/2026/09/29/de-las-politicas-terrestres-a-las-poeticas-celestes/
La Razon,2026-09-29,15:25,Alcaldía de Sucre finaliza la hoja de costos para fijar las nuevas tarifas del transporte,https://larazon.bo/ciudades/2026/09/29/alcaldia-de-sucre-finaliza-la-hoja-de-costos-para-fijar-las-nuevas-tarifas-del-transporte/
El Deber,2026-09-29,15:26,"La familia de Ranulph Fiennes, ""el explorador vivo más importante del mundo"", dice desconocer su paradero",https://eldeber.com.bo/bbc/la-familia-de-ranulph-fiennes-el-explorador-vivo-mas-importante-del-mundo-dice-desconocer-su-paradero--2026929133954
Red Uno,2026-09-29,15:27,"Tras protesta vecinal, Alcaldía interviene chicherías clandestinas en Cochabamba",https://www.reduno.com.bo/noticias/tras-protesta-vecinal-alcaldia-interviene-chicherias-clandestinas-en-cochabamba-202692915658
El Deber,2026-09-29,15:29,¿Qué hacer tras sufrir una mordedura de animal?,https://eldeber.com.bo/para-ellas/hacer-mordedura-animal-recomiendan-lavar-herida-acudir-medico_1790709932
Vision 360,2026-09-29,15:30,"Scaloni dice que tiene ""predisposición"" para renovar contrato como entrenador de Argentina",https://www.vision360.bo/noticias/2026/09/29/70060-scaloni-dice-que-tiene-predisposicion-para-renovar-contrato-como-entrenador-de-argentina
El Deber,2026-09-29,15:35,"Sucre: emotiva despedida al arzobispo, al amigo, al hermano, monseñor Ricardo Centellas",https://eldeber.com.bo/chuquisaca/sucre-emotiva-despedida-arzobispo-amigo-hermano-monsenor-ricardo-centellas_1790710064
La Razon,2026-09-29,15:37,"Bombz alista ‘Secreto amor’, que une géneros y generaciones",https://larazon.bo/la-revista/2026/09/29/bombz-alista-secreto-amor-que-une-generos-y-generaciones/
El Deber,2026-09-29,15:41,Universidad Privada Domingo Savio recibe reconocimiento por su aporte al desarrollo de Santa Cruz,https://eldeber.com.bo/te-puede-interesar/rectora-upds-recibe-reconocimiento-excelencia-trayectoria-aporte-desarrollo-santa-cruz_1790710914
La Razon,2026-09-29,15:41,El desempleo en Brasil se mantiene en mínimo histórico,https://larazon.bo/mundo/2026/09/29/el-desempleo-en-brasil-se-mantiene-en-minimo-historico/
Red Uno,2026-09-29,15:42,¡Atención conductores! Motocicletas con “roncadores” serán sancionadas en Cochabamba,https://www.reduno.com.bo/noticias/atencion-conductores-motocicletas-con-roncadores-seran-sancionadas-en-cochabamba-2026929154235
Opinion,2026-09-29,15:45,Fiscalía pide revocar la detención domiciliaria de Tatiana Marset y que vuelva a preventiva,https://www.opinion.com.bo/pais/fiscalia-pide-revocar-detencion-domiciliaria-tatiana-marset-que-vuelva-preventiva/20260929154550996851.html
Red Uno,2026-09-29,15:45,"Alcaldes se reúnen con Rodrigo Paz para definir recursos, diésel y demandas municipales",https://www.reduno.com.bo/noticias/alcaldes-se-reunen-con-rodrigo-paz-para-definir-recursos-diesel-y-demandas-municipales-202692915140
Opinion,2026-09-29,15:47,Hay límites para el ruido; Alcaldía controla a motocicletas con escapes libres,https://www.opinion.com.bo/cochabamba/limites-ruido-alcaldia-controla-motocicletas-escapes-libres/20260929154703996853.html
Opinion,2026-09-29,15:51,Una mujer se entrega a la Policía para confesar la muerte y entierro de su bebé,https://www.opinion.com.bo/policial/mujer-entrega-policia-confesar-muerte-entierro-bebe/20260929155152996854.html
Unitel,2026-09-29,15:52,"En reunión con alcaldes, Rodrigo Paz anuncia respaldo del Banco Mundial para impulsar el 50-50",https://unitel.bo/noticias/politica/en-reunion-con-alcaldes-rodrigo-paz-anuncia-respaldo-del-banco-mundial-para-impulsar-el-50-50-KP23798992
La Razon,2026-09-29,15:55,Rojas defiende a Mariaca y destaca independencia del Ministerio Público,https://larazon.bo/nacional/2026/09/29/rojas-defiende-a-mariaca-y-destaca-independencia-del-ministerio-publico/
Red Uno,2026-09-29,15:56,De 36°C al frío: Santa Cruz tendrá un brusco cambio de clima con sur y lluvia en las próximas horas,https://www.reduno.com.bo/noticias/de-36-c-al-frio-santa-cruz-tendra-un-brusco-cambio-de-clima-con-sur-y-lluvia-en-las-proximas-horas-2026929155154
Unitel,2026-09-29,15:56,Fiscalía anuncia citaciones a altas autoridades de Gobierno y FFAA por explosiones en Viacha,https://unitel.bo/noticias/seguridad/fiscalia-anuncia-citaciones-a-altas-autoridades-de-gobierno-y-ffaa-por-explosiones-en-viacha-MP23798765
El Deber,2026-09-29,15:57,"Paz a los alcaldes: ""El 50/50 ha nacido, ahora tiene que empezar a caminar, pero no esperen que esto vaya a correr""",https://eldeber.com.bo/pais/alcaldes-todo-pais-gobierno-nacional-estan-reunidos-50-50-reformas-fuentes-financiamiento_1790711862
Red Uno,2026-09-29,15:57,Magistratura anuncia investigación a jueces señalados por favorecer a personas vinculadas al narcotráfico,https://www.reduno.com.bo/noticias/magistratura-anuncia-investigacion-a-jueces-senalados-por-favorecer-a-personas-vinculadas-al-narcotrafico-202692915240
Unitel,2026-09-29,15:57,"Defensa de Cerimedo a Lara: “Si tiene denuncias, ¿por qué no va al conducto regular?”",https://unitel.bo/noticias/seguridad/defensa-de-cerimedo-a-lara-si-tiene-denuncias-por-que-no-va-al-conducto-regular-FP23799158
Diez,2026-09-29,15:59,Argentina ya tiene capitán y dupla de ataque para enfrentar a Bolivia,https://diez.bo/futbol/argentina-ya-tiene-capitan-y-dupla-de-ataque-para-enfrentar-a-bolivia_1790711965
Opinion,2026-09-29,15:59,Fiscal de Santa Cruz pide información de EEUU por revocatoria de visa,https://www.opinion.com.bo/pais/fiscal-santa-cruz-pide-informacion-eeuu-revocatoria-visa/20260929155943996856.html
Red Uno,2026-09-29,16:00,“¡Diez días sin agua!”: vecinos de la Pampa de la Isla salen a protestar por desabastecimiento,https://www.reduno.com.bo/noticias/diez-dias-sin-agua-vecinos-de-la-pampa-de-la-isla-salen-a-protestar-por-desabastecimiento-2026929154146
Los Tiempos,2026-09-29,16:02,Beller cuestiona restricción de visa a Mariaca y señala vínculos de Cerimedo con Trump Jr.,https://www.lostiempos.com/actualidad/seguridad/20260929/beller-cuestiona-restriccion-visa-mariaca-senala-vinculos-cerimedo
Vision 360,2026-09-29,16:04,"Gambia, uno de los rivales de Bolivia, lleva dos victorias al hilo en los Clasificatorios de África",https://www.vision360.bo/noticias/2026/09/29/70066-gambia-uno-de-los-rivales-de-bolivia-lleva-dos-victorias-al-hilo-en-los-clasificatorios-de-frica
Opinion,2026-09-29,16:05,Bolivia y Brasil sostendrán reunión binacional para coordinar inteligencia y seguridad contra el crimen organizado,https://www.opinion.com.bo/pais/bolivia-brasil-sostendran-reunion-binacional-coordinar-inteligencia-seguridad-crimen-organizado/20260929160516996857.html
El Deber,2026-09-29,16:06,Liberan a un hombre tras pasar 41 años en el corredor de la muerte en EE.UU. gracias a una prueba de ADN,https://eldeber.com.bo/bbc/liberan-a-un-hombre-tras-pasar-41-anos-en-el-corredor-de-la-muerte-en-ee-uu-gracias-a-una-prueba-de-adn-202692912495
La Razon,2026-09-29,16:07,Trump defiende la ‘autorregulación’ ante líderes de la IA,https://larazon.bo/mundo/2026/09/29/trump-defiende-la-autorregulacion-ante-lideres-de-la-ia/
El Deber,2026-09-29,16:08,Se intensifican los controles a las ambulancias,https://eldeber.com.bo/santa-cruz/intensifican-controles-ambulancias_1790711501
El Deber,2026-09-29,16:10,Fujimori dice que Congreso pone a prueba su paciencia por no darle facultades legislativas,https://eldeber.com.bo/mundo/fujimori-dice-congreso-pone-prueba-paciencia-no-darle-facultades-legislativas_1790712652
Diez,2026-09-29,16:11,Alcaraz inicia la defensa de su título en Tokio ante Michelsen,https://diez.bo/tenis/alcaraz-inicia-la-defensa-de-su-titulo-en-tokio-ante-michelsen_1790712715
La Razon,2026-09-29,16:15,Fiscalía pide revisar detención domiciliaria de Tatiana Marset por incumplimiento,https://larazon.bo/nacional/2026/09/29/fiscalia-pide-revisar-detencion-domiciliaria-de-tatiana-marset-por-incumplimiento/
El Deber,2026-09-29,16:19,Las medidas del Gobierno español no frenan acampada en Madrid en protesta por la vivienda,https://eldeber.com.bo/mundo/medidas-gobierno-espanol-no-frenan-acampada-madrid-protesta-vivienda_1790713169
ANF,2026-09-29,16:20,"Gobierno niega pago de separata de USA Today, pero ENDE pagó $us 20.000 y YPFB comprometió $us 40.000",https://www.noticiasfides.com/nacional/politica/gobierno-niega-pago-de-separata-de-usa-today-pero-ende-pago-us-20-000-y-ypfb-comprometio-us-40-000
Vision 360,2026-09-29,16:20,Fiscalía pide revocar detención domiciliaria de Tatiana Marset por incumplimiento,https://www.vision360.bo/noticias/2026/09/29/70072-fiscalia-pide-revocar-detencion-domiciliaria-de-tatiana-marset-por-incumplimiento
Diez,2026-09-29,16:22,El talento que Bolivia dejó escapar: tres raquetbolistas brillan ahora con Argentina,https://diez.bo/multideportivo/el-talento-que-bolivia-dejo-escapar-tres-raquetbolistas-brillan-ahora-con-argentina_1790713329
El Deber,2026-09-29,16:22,El nerviosismo de un conductor llevó a la Policía a descubrir 336 kilos de marihuana en Pailas,https://eldeber.com.bo/santa-cruz/nerviosismo-conductor-llevo-policia-descubrir-336-kilos-marihuana-pailas_1790712300
El Deber,2026-09-29,16:23,OpenAI presenta a sus agentes Dots entre fallos en vivo y temores sobre la ciberseguridad,https://eldeber.com.bo/mundo/openai-presenta-agentes-dots-fallos-vivo-temores-ciberseguridad_1790713417
Red Uno,2026-09-29,16:26,Accidente en la carretera Cochabamba-Santa Cruz deja una persona fallecida,https://www.reduno.com.bo/noticias/accidente-en-la-carretera-cochabamba-santa-cruz-deja-una-persona-fallecida-2026929162018
El Diario,2026-09-29,16:28,Sequía y altas temperaturas agobian al Chaco chuquisaqueño,https://www.eldiario.net/portal/2026/09/29/sequia-y-altas-temperaturas-agobian-al-chaco-chuquisaqueno-1628/
El Deber,2026-09-29,16:29,"Trump defiende la ""autorregulación"" para la IA junto a los grandes magnates tecnológicos",https://eldeber.com.bo/mundo/trump-defiende-autorregulacion-ia-junto-grandes-magnates-tecnologicos_1790713748
El Diario,2026-09-29,16:29,Gobierno y alcaldes instalan reunión para abordar el modelo 50/50,https://www.eldiario.net/portal/2026/09/29/gobierno-y-alcaldes-instalan-reunion-para-abordar-el-modelo-50-50-1630/
Opinion,2026-09-29,16:29,Estudio en Bolivia identifica una alternativa más corta para tratar el Chagas,https://www.opinion.com.bo/pais/estudio-bolivia-identifica-alternativa-mas-corta-tratar-chagas/20260929162937996859.html
Vision 360,2026-09-29,16:29,Cristian Romero portará el cintillo de capitán frente a Bolivia ante la ausencia de Messi,https://www.vision360.bo/noticias/2026/09/29/70075-cristian-romero-portara-el-cintillo-de-capitan-frente-a-bolivia-ante-la-ausencia-de-messi
La Razon,2026-09-29,16:30,El petróleo baja por recuperación de los flujos en Oriente Medio,https://larazon.bo/mundo/2026/09/29/el-petroleo-baja-por-recuperacion-de-los-flujos-en-oriente-medio/
Red Uno,2026-09-29,16:30,"""El 50/50 es una realidad"": Paz anuncia apoyo del Banco Mundial e inversión histórica en cumbre con alcaldes",https://www.reduno.com.bo/noticias/el-50-50-es-una-realidad-paz-anuncia-apoyo-del-banco-mundial-e-inversion-historica-en-cumbre-con-alcaldes-2026929162541
La Razon,2026-09-29,16:37,Paz ratifica que Banco Mundial apoyará 50/50 con asistencia para nuevo pacto fiscal,https://larazon.bo/economia-y-empresa/2026/09/29/paz-ratifica-que-banco-mundial-apoyara-50-50-con-asistencia-para-nuevo-pacto-fiscal/
La Razon,2026-09-29,16:39,Bolivia y Chile buscan mejorar el tránsito de carga y revisar caso de maderas,https://larazon.bo/nacional/2026/09/29/bolivia-y-chile-buscan-mejorar-el-transito-de-carga-y-revisar-caso-de-maderas/
Vision 360,2026-09-29,16:40,Transportistas de Santa Cruz anuncian paro para el 5 y 6 de octubre si no abrogan el decreto del diésel,https://www.vision360.bo/noticias/2026/09/29/70078-transportistas-de-santa-cruz-anuncian-paro-para-el-5-y-6-de-octubre-si-no-abrogan-el-decreto-del-diesel
La Razon,2026-09-29,16:44,Gobierno y alcaldes instalan reunión para debatir el modelo 50/50,https://larazon.bo/nacional/2026/09/29/gobierno-y-alcaldes-instalan-reunion-para-debatir-el-modelo-50-50/
El Deber,2026-09-29,16:45,Concepción invita al festival de la Orquídea del 9 al 11 de octubre,https://eldeber.com.bo/santa-cruz/concepcion-invita-festival-orquidea-9-11-octubre_1790714129
Unitel,2026-09-29,16:47,Magisterio Urbano anuncia movilización a nivel nacional; exigen la abrogación del decreto del diésel,https://unitel.bo/noticias/sociedad/magisterio-urbano-anuncia-movilizacion-a-nivel-nacional-exigen-la-abrogacion-del-decreto-del-diesel-OP23799799
El Diario,2026-09-29,16:48,Ponciano Santos obtiene detención domiciliaria,https://www.eldiario.net/portal/2026/09/29/ponciano-santos-obtiene-detencion-domiciliaria-2/
La Razon,2026-09-29,16:48,Argentina monitorea negocios de empresarios de Chile y Malvinas,https://larazon.bo/mundo/2026/09/29/argentina-monitorea-negocios-de-empresarios-de-chile-y-malvinas/
Opinion,2026-09-29,16:49,Gobierno y alcaldes se reúnen para abordar el 50/50,https://www.opinion.com.bo/pais/inicia-reunion-entre-gobierno-alcaldes-50-50/20260929164918996861.html
El Diario,2026-09-29,16:50,ONU prolonga por seis meses la fuerza antipandillas en Haití,https://www.eldiario.net/portal/2026/09/29/onu-prolonga-por-seis-meses-la-fuerza-antipandillas-en-haiti/
La Razon,2026-09-29,16:51,La CBDI plantea tres medidas para destrabar la vivienda social,https://larazon.bo/economia-y-empresa/2026/09/29/la-cbdi-plantea-tres-medidas-para-destrabar-la-vivienda-social/
El Diario,2026-09-29,16:52,Declaran cuarto intermedio a reunión Gobierno y chóferes,https://www.eldiario.net/portal/2026/09/29/declaran-cuarto-intermedio-a-reunion-gobierno-y-choferes/
Los Tiempos,2026-09-29,16:53,Deudos recuperan restos de 6 muertos en Viacha,https://www.lostiempos.com/actualidad/seguridad/20260929/deudos-recuperan-restos-6-muertos-viacha
El Diario,2026-09-29,16:54,Consejo de la Magistratura advierte procesos por irregularidades,https://www.eldiario.net/portal/2026/09/29/consejo-de-la-magistratura-advierte-procesos-por-irregularidades/
Red Uno,2026-09-29,16:54,Policía alerta por estafa con página falsa para la Inspección Técnica Vehicular,https://www.reduno.com.bo/noticias/policia-alerta-por-estafa-con-pagina-falsa-para-la-inspeccion-tecnica-vehicular-202692916460
El Deber,2026-09-29,16:55,Oviedo sostendrá reunión con su par de Brasil y la Policía Federal de ese país,https://eldeber.com.bo/pais/oviedo-sostendra-reunion-par-brasil-policia-federal-ese-pais_1790714702
El Diario,2026-09-29,16:57,Comunidades rechazan proyecto de embalse en el Lago Río Indio,https://www.eldiario.net/portal/2026/09/29/comunidades-rechazan-proyecto-de-embalse-en-el-lago-rio-indio/
El Deber,2026-09-29,16:58,"""Me tendieron una trampa"": el periodista estadounidense que fue detenido por hombres enmascarados y pasó 16 meses en una cárcel de Rusia",https://eldeber.com.bo/bbc/-me-tendieron-una-trampa-el-periodista-estadounidense-que-fue-detenido-por-hombres-enmascarados-y-paso-16-meses-en-una-carcel-de-rusia-202692917166
El Deber,2026-09-29,16:59,Inauguran el Comité de la Società Dante Alighieri en Santa Cruz para promover el idioma y la cultura italiana,https://eldeber.com.bo/santa-cruz/inauguran-comite-societa-dante-alighieri-santa-cruz-promover-idioma-cultura-italiana_1790714601
El Diario,2026-09-29,16:59,Trabajadores bolivianos los más preocupados por la IA,https://www.eldiario.net/portal/2026/09/29/trabajadores-bolivianos-los-mas-preocupados-por-la-ia/
La Razon,2026-09-29,17:00,"‘No sé si está prohibido’, dice vocero sobre publicidad estatal en un medio extranjero",https://larazon.bo/nacional/2026/09/29/no-se-si-esta-prohibido-dice-vocero-sobre-publicidad-estatal-en-un-medio-extranjero/
Vision 360,2026-09-29,17:00,"San Calixto Turno Tarde, Boliviano Noruego y Hugo Dávila destacan en el Intercolegial de Vóley",https://www.vision360.bo/noticias/2026/09/29/70069-san-calixto-turno-tarde-boliviano-noruego-y-hugo-davila-destacan-en-el-intercolegial-de-voley
La Razon,2026-09-29,17:01,¿Por qué asistió Tatiana Marset a la Expocruz? Una vaca llevaba su nombre,https://larazon.bo/nacional/2026/09/29/por-que-asistio-tatiana-marset-a-la-expocruz-una-vaca-llevaba-su-nombre/
La Razon,2026-09-29,17:01,EEUU sanciona a altos funcionarios estatales en México,https://larazon.bo/mundo/2026/09/29/eeuu-sanciona-a-altos-funcionarios-estatales-en-mexico/
La Razon,2026-09-29,17:05,"Senamhi emite tres alertas naranjas por descenso brusco de temperaturas, nevadas y vientos",https://larazon.bo/sociedad/2026/09/29/senamhi-emite-tres-alertas-naranjas-por-descenso-brusco-de-temperaturas-nevadas-y-vientos/
El Diario,2026-09-29,17:07,Gobierno y choferes federados entran en cuarto intermedio,https://www.eldiario.net/portal/2026/09/29/gobierno-y-choferes-federados-entran-en-cuarto-intermedio/
El Deber,2026-09-29,17:08,Los dos hombres asesinados en Santa Cruz tenían antecedentes y se vincula los crímenes con ajustes de cuentas,https://eldeber.com.bo/santa-cruz/dos-hombres-asesinados-santa-cruz-tenian-antecedentes-vincula-crimenes-ajustes-cuentas_1790713665
Vision 360,2026-09-29,17:08,Estudio establece que la contaminación con mercurio en pueblos indígenas se debe al consumo de peces carnívoros,https://www.vision360.bo/noticias/2026/09/29/70081-estudio-establece-que-la-contaminacion-con-mercurio-en-pueblos-indigenas-se-debe-al-consumo-de-peces-carnivoros
La Razon,2026-09-29,17:09,Fiscalía acusa a 11 personas por contratos de YPFB con Botrading,https://larazon.bo/economia-y-empresa/2026/09/29/fiscalia-acusa-a-11-personas-por-contratos-de-ypfb-con-botrading/
La Razon,2026-09-29,17:09,Fiscal vetado por EEUU fue señalado por la AJAM tras no apoyar lucha contra la minería ilegal,https://larazon.bo/sociedad/2026/09/29/fiscal-vetado-por-eeuu-fue-senalado-por-la-ajam-tras-no-apoyar-lucha-contra-la-mineria-ilegal/
El Diario,2026-09-29,17:11,Preparan feria intermunicipal con acceso a productos frescos,https://www.eldiario.net/portal/2026/09/29/preparan-feria-intermunicipal-con-acceso-a-productos-frescos/
El Deber,2026-09-29,17:12,"Ola de calor azota San José de Chiquitos: incendios periféricos, crisis de agua y un sorpresivo granizo marcan la jornada",https://eldeber.com.bo/santa-cruz/ola-calor-azota-san-jose-chiquitos-incendios-perifericos-crisis-agua-sorpresivo-granizo-marcan-jornada_1790714777
El Diario,2026-09-29,17:15,Ocho personas expuestas reciben profilaxis antirrábica,https://www.eldiario.net/portal/2026/09/29/ocho-personas-expuestas-reciben-profilaxis-antirrabica/
El Deber,2026-09-29,17:16,Gobierno anuncia dos unidades de élite en Santa Cruz y Beni contra el crimen organizado,https://eldeber.com.bo/pais/gobierno-anuncia-dos-unidades-elite-santa-cruz-beni-crimen-organizado_1790715717
El Diario,2026-09-29,17:18,Libre plantea comisión de ALP para el caso Mariaca,https://www.eldiario.net/portal/2026/09/29/libre-plantea-comision-de-alp-para-el-caso-mariaca/
El Diario,2026-09-29,17:20,Gobierno aclara que no se contrató servicios de medio norteamericano,https://www.eldiario.net/portal/2026/09/29/gobierno-aclara-que-no-se-contrato-servicios-de-medio-norteamericano/
Vision 360,2026-09-29,17:20,España vence a Croacia en su estreno como local tras su bicampeonato mundial,https://www.vision360.bo/noticias/2026/09/29/70084-espana-vence-a-croacia-en-su-estreno-como-local-tras-su-bicampeonato-mundial
Diez,2026-09-29,17:22,"Guabirá se adelanta, pero Universitario lo da vuelta y gana en Cochabamba",https://diez.bo/futbol/guabira-se-adelanta-pero-universitario-lo-da-vuelta-y-gana-en-cochabamba_1790716979
Red Uno,2026-09-29,17:25,Adulta mayor muere atropellada por un camión cuando iba a cobrar su Renta Dignidad en Santa Cruz,https://www.reduno.com.bo/noticias/adulta-mayor-muere-atropellada-por-un-camion-cuando-iba-a-cobrar-su-renta-dignidad-en-santa-cruz-2026929164856
Opinion,2026-09-29,17:27,Colcapirhua no tiene ningún caso de feminicidio desde 2021; Alcaldía asegura prevención de violencia,https://www.opinion.com.bo/cochabamba/colcapirhua-tiene-ningun-caso-feminicidio-2021-alcaldia-asegura-prevencion-violencia/20260929172727996863.html
El Deber,2026-09-29,17:31,"Comité pro Santa Cruz sobre visados a EEUU pide que se actúe ""con transparencia y justicia""",https://eldeber.com.bo/santa-cruz/comite-pro-santa-cruz-visados-eeuu-pide-actue-transparencia-justicia_1790716684
El Diario,2026-09-29,17:32,"La Paz, Potosí, Oruro y Tarija tendrán vientos de hasta 70 km/h",https://www.eldiario.net/portal/2026/09/29/la-paz-potosi-oruro-y-tarija-tendran-vientos-de-hasta-70-km-h-1730/
Unitel,2026-09-29,17:32,Rechazan cesación de la detención preventiva y Luis Arce seguirá en la cárcel; juez autoriza atención médica,https://unitel.bo/noticias/seguridad/rechazan-cesacion-de-la-detencion-preventiva-y-luis-arce-seguira-en-la-carcel-juez-autoriza-atencion-medica-MJ23800873
Opinion,2026-09-29,17:33,Declaran persona no grata a la ministra de Salud; no hay recursos para especialistas desde octubre,https://www.opinion.com.bo/cochabamba/declaran-persona-grata-ministra-salud-recursos-especialistas-octubre/20260929173318996865.html
Red Uno,2026-09-29,17:35,Beni y Pando tendrán dos unidades de élite para la lucha contra el narcotráfico,https://www.reduno.com.bo/noticias/beni-y-pando-tendran-dos-unidades-de-elite-para-la-lucha-contra-el-narcotrafico-2026929171018
Diez,2026-09-29,17:36,España golea a Croacia y extiende su invicto a 40 partidos,https://diez.bo/futbol/espana-golea-a-croacia-y-extiende-su-invicto-a-40-partidos_1790717819
El Deber,2026-09-29,17:39,Alcaldes ven necesario reformar presupuesto 2027 con acuerdos con el Gobierno,https://eldeber.com.bo/pais/alcaldes-ven-necesario-reformar-presupuesto-2027-acuerdos-gobierno_1790717398
Opinion,2026-09-29,17:39,El oficialismo propone apartar “momentáneamente” a Mariaca y designar un “fiscal especial”,https://www.opinion.com.bo/pais/oficialismo-propone-apartar-momentaneamente-mariaca-designar-fiscal-especial/20260929173927996866.html
Vision 360,2026-09-29,17:42,Cuatro aprehendidos por asesinato en Riberalta son vinculados por la Policía al Comando Vermelho,https://www.vision360.bo/noticias/2026/09/29/70090-cuatro-aprehendidos-por-asesinato-en-riberalta-son-vinculados-por-la-policia-al-comando-vermelho
La Razon,2026-09-29,17:44,Zeballos pide a EEUU explicar las razones de la sanción,https://larazon.bo/nacional/2026/09/29/zeballos-pide-a-eeuu-explicar-las-razones-de-la-sancion/
Unitel,2026-09-29,17:44,OpenAI lanza un modelo de IA más económico tras descartar otro considerado inseguro,https://unitel.bo/noticias/mundo/openai-lanza-un-modelo-de-ia-mas-economico-tras-descartar-otro-considerado-inseguro-DJ23801112
Diez,2026-09-29,17:45,Inglaterra vence a República Checa y consigue su primer triunfo en el torneo,https://diez.bo/futbol/inglaterra-vence-a-republica-checa-y-consigue-su-primer-triunfo-en-el-torneo_1790718323
Vision 360,2026-09-29,17:45,Inglaterra derrotó a domicilio a República Checa por la Liga de Naciones de Europa,https://www.vision360.bo/noticias/2026/09/29/70087-inglaterra-derroto-a-domicilio-a-republica-checa-por-la-liga-de-naciones-de-europa
Opinion,2026-09-29,17:46,Coro infantil de Samaipata busca apoyo para viajar a La Paz y presentarse con la Sinfónica Nacional,https://www.opinion.com.bo/cultura/coro-infantil-samaipata-busca-apoyo-viajar-paz-presentarse-sinfonica-nacional/20260929174632996868.html
La Razon,2026-09-29,17:49,"España sigue imparable tras el Mundial, Inglaterra remonta el vuelo",https://larazon.bo/marcas/2026/09/29/espana-sigue-imparable-tras-el-mundial-inglaterra-remonta-el-vuelo/
ANF,2026-09-29,17:55,Legisladores plantean desde una comisión especial hasta un juicio de responsabilidades para investigar a Mariaca,https://www.noticiasfides.com/nacional/politica/legisladores-plantean-desde-una-comision-especial-hasta-un-juicio-de-responsabilidades-para-investigar-a-mariaca
Opinion,2026-09-29,17:57,Intensifican búsqueda del nieto sindicado por el parricidio de una mujer en Sacaba,https://www.opinion.com.bo/policial/intensifican-busqueda-nieto-sindicado-parricidio-mujer-sacaba/20260929175743996870.html
La Razon,2026-09-29,17:58,Presidencia coordina con el BID nuevas acciones de cooperación para Bolivia,https://larazon.bo/economia-y-empresa/2026/09/29/presidencia-coordina-con-el-bid-nuevas-acciones-de-cooperacion-para-bolivia/
El Deber,2026-09-29,18:00,“Queremos que el Banco Unión sea la puerta de entrada de la inversión extranjera a Bolivia”,https://eldeber.com.bo/economia/queremos-banco-union-sea-puerta-entrada-inversion-extranjera-bolivia_1790717827
Red Uno,2026-09-29,18:02,Sorata se prepara para recibir el Jacha Avalancha Internacional 2026,https://www.reduno.com.bo/noticias/sorata-se-prepara-para-recibir-el-jacha-avalancha-internacional-2026-202692917454
Diez,2026-09-29,18:04,Guabirá vuelve a celebrar y conquista el tricampeonato en España,https://diez.bo/futbol/guabira-vuelve-a-celebrar-y-conquista-el-tricampeonato-en-espana_1790719478
El Deber,2026-09-29,18:04,Rige alerta naranja por descenso de temperaturas y nevadas en varios departamentos del país,https://eldeber.com.bo/pais/rige-alerta-naranja-descenso-temperaturas-nevadas-varios-departamentos-pais_1790717750
La Razon,2026-09-29,18:06,Emapa apunta a mantenerse en operaciones con 10 nuevos proyectos,https://larazon.bo/economia-y-empresa/2026/09/29/emapa-apunta-a-mantenerse-en-operaciones-con-10-nuevos-proyectos/
El Diario,2026-09-29,18:07,Crecimiento económico no mejora automáticamente la cohesión social,https://www.eldiario.net/portal/2026/09/29/crecimiento-economico-no-mejora-automaticamente-la-cohesion-social/
Unitel,2026-09-29,18:07,Caso Botrading: Fiscalía acusa a Dorgathen en grado de autoría y pide la confiscación de sus bienes,https://unitel.bo/noticias/seguridad/caso-botrading-fiscalia-acusa-a-dorgathen-en-grado-de-autoria-y-pide-la-confiscacion-de-sus-bienes-MJ23801629
La Razon,2026-09-29,18:08,Cochamanidis cuestiona que la Asamblea trate el caso Mariaca el lunes,https://larazon.bo/nacional/2026/09/29/cochamanidis-cuestiona-que-la-asamblea-trate-el-caso-mariaca-el-lunes/
El Diario,2026-09-29,18:09,Tribunal permite reanudar las deportaciones a terceros países,https://www.eldiario.net/portal/2026/09/29/tribunal-permite-reanudar-las-deportaciones-a-terceros-paises/
La Razon,2026-09-29,18:10,Carretera y vía aérea concentran 73% del valor de exportaciones bolivianas,https://larazon.bo/economia-y-empresa/2026/09/29/carretera-y-via-aerea-concentran-73-del-valor-de-exportaciones-bolivianas/
El Diario,2026-09-29,18:12,Reportan riesgo de caída de aulas de unidad educativa Niño Jesús,https://www.eldiario.net/portal/2026/09/29/reportan-riesgo-de-caida-de-aulas-de-unidad-educativa-nino-jesus/
Red Uno,2026-09-29,18:12,¿Busca diésel? Gobernación cruceña activa portal para acceder al combustible importado por privados,https://www.reduno.com.bo/noticias/busca-diesel-gobernacion-crucena-activa-portal-para-acceder-al-combustible-importado-por-privados-202692917590
El Deber,2026-09-29,18:13,"Cochamanidis reclama una ""solución cuanto antes"" al problema del transporte",https://eldeber.com.bo/santa-cruz/cochamanidis-reclama-solucion-cuanto-antes-problema-transporte_1790719328
El Diario,2026-09-29,18:14,Aprehenden a cuatro integrantes del Comando Vermelho en Riberalta,https://www.eldiario.net/portal/2026/09/29/aprehenden-a-cuatro-integrantes-del-comando-vermelho-en-riberalta/
El Deber,2026-09-29,18:16,Riberalta: Fiscalía pide detención en Chonchocoro para implicados en crimen,https://eldeber.com.bo/beni/riberalta-fiscalia-pide-detencion-chonchocoro-implicados-crimen_1790719723
El Diario,2026-09-29,18:16,Recuerdan que designación de Mariaca en la ALP fue irregular,https://www.eldiario.net/portal/2026/09/29/recuerdan-que-designacion-de-mariaca-en-la-alp-fue-irregular/
Diez,2026-09-29,18:17,Jusino y Estacio volverán en The Strongest para la visita a Oriente,https://diez.bo/futbol/jusino-y-estacio-volveran-en-the-strongest-para-la-vista-a-oriente_1790719872
La Razon,2026-09-29,18:20,Ya opera la plataforma para importación de diésel de la Gobernación cruceña,https://larazon.bo/economia-y-empresa/2026/09/29/ya-opera-la-plataforma-para-importacion-de-diesel-de-la-gobernacion-crucena/
La Razon,2026-09-29,18:20,Rechazan cesación y Luis Arce seguirá detenido en San Pedro,https://larazon.bo/nacional/2026/09/29/rechazan-cesacion-y-luis-arce-seguira-detenido-en-san-pedro/
El Diario,2026-09-29,18:21,Transporte de Santa Cruz anuncia paro de 48 horas,https://www.eldiario.net/portal/2026/09/29/transporte-de-santa-cruz-anuncia-paro-de-48-horas/
Red Uno,2026-09-29,18:22,El dólar paralelo cierra este martes 29 de septiembre con tendencia a la baja,https://www.reduno.com.bo/noticias/el-dolar-paralelo-cierra-este-martes-29-de-septiembre-con-tendencia-a-la-baja-202692918835
Unitel,2026-09-29,18:22,Un hombre fue encontrado sin vida a un lado de la ciclovía cerca del Cristo de la Concordia en Cochabamba,https://unitel.bo/noticias/seguridad/un-hombre-fue-encontrado-sin-vida-a-un-lado-de-la-ciclovia-cerca-del-cristo-de-la-concordia-en-cochabamba-EJ23802363
Vision 360,2026-09-29,18:23,Advierten deterioro en aulas de la unidad educativa Niño Jesús y piden acelerar su transferencia a la Alcaldía,https://www.vision360.bo/noticias/2026/09/29/70093-advierten-deterioro-en-aulas-de-la-unidad-educativa-nino-jesus-y-piden-acelerar-su-transferencia-a-la-alcaldia
La Razon,2026-09-29,18:25,Gobierno anticipa buenas noticias sobre valoración económica de Bolivia,https://larazon.bo/economia-y-empresa/2026/09/29/gobierno-anticipa-buenas-noticias-sobre-valoracion-economica-de-bolivia/
El Deber,2026-09-29,18:29,Intervienen la G77 para ejecutar el plan de bacheo,https://eldeber.com.bo/santa-cruz/intervienen-g77-ejecutar-plan-bacheo_1790719967
La Razon,2026-09-29,18:29,Cochabamba: multas por uso de motos con escapes modificados,https://larazon.bo/ciudades/2026/09/29/cochabamba-multas-por-uso-de-motos-con-escapes-modificados/
Red Uno,2026-09-29,18:29,La Paz: Investigan posible infanticidio de una bebé de 7 meses,https://www.reduno.com.bo/noticias/la-paz-investigan-posible-infanticidio-de-una-bebe-de-7-meses-202692918415
El Deber,2026-09-29,18:30,Sorprendente granizada afecta a Vallegrande y daña plantaciones de frutales,https://eldeber.com.bo/santa-cruz/sorprendente-granizada-afecta-vallegrande-dana-plantaciones-frutales_1790720786
La Razon,2026-09-29,18:31,Gobierno anuncia dos unidades contra el narcotráfico en zonas fronterizas,https://larazon.bo/nacional/2026/09/29/gobierno-anuncia-dos-unidades-contra-el-narcotrafico-en-zonas-fronterizas/
Unitel,2026-09-29,18:32,Hallan sin vida y enterrada debajo de unas gradas a una bebé de siete meses en La Paz; la madre fue aprehendida,https://unitel.bo/noticias/seguridad/hallan-sin-vida-y-enterrada-debajo-de-unas-gradas-a-una-bebe-de-siete-meses-en-la-paz-la-madre-fue-aprehendida-GJ23802206
Vision 360,2026-09-29,18:33,Ministerio Público presenta acusación formal contra Dorgathen y solicita la confiscación de sus bienes,https://www.vision360.bo/noticias/2026/09/29/70096-ministerio-publico-presenta-acusacion-formal-contra-dorgathen-y-solicita-la-confiscacion-de-sus-bienes
El Diario,2026-09-29,18:36,Lula y Flávio Bolsonaro van a elecciones; Bangkok totalmente inundada; España prohíbe desahucios,https://www.eldiario.net/portal/2026/09/29/lula-y-flavio-bolsonaro-van-a-elecciones-bangkok-totalmente-inundada-espana-prohibe-desahucios-1830/
La Razon,2026-09-29,18:36,El Alto descarta incremento de pasajes por subida del diésel,https://larazon.bo/ciudades/2026/09/29/el-alto-descarta-incremento-de-pasajes-por-subida-del-diesel/
ANF,2026-09-29,18:39,Fiscalía acusa al expresidente de YPFB Dorgathen y a otras 9 personas por contratos lesivos en el caso Botrading,https://www.noticiasfides.com/economia/fiscalia-acusa-al-expresidente-de-ypfb-dorgathen-y-a-otras-9-personas-por-contratos-lesivos-en-el-caso-botrading
ANF,2026-09-29,18:39,Fiscalía acusa al expresidente de YPFB Dorgathen y a otras 9 personas por contratos lesivos en el caso Botrading,https://www.noticiasfides.com/justicia/fiscalia-acusa-al-expresidente-de-ypfb-dorgathen-y-a-otras-9-personas-por-contratos-lesivos-en-el-caso-botrading
La Razon,2026-09-29,18:39,El Presidente anuncia alivios e instrumentos para reactivar municipios,https://larazon.bo/economia-y-empresa/2026/09/29/el-presidente-anuncia-alivios-e-instrumentos-para-reactivar-municipios/
El Deber,2026-09-29,18:42,Fuertes vientos derriban un tinglado en San Pedro,https://eldeber.com.bo/pais/fuertes-vientos-derriban-tinglado-san-juan-pirai-monteagudo_1790720879
La Razon,2026-09-29,18:42,Alarcón plantea juicio de responsabilidades contra Mariaca si no deja el cargo,https://larazon.bo/nacional/2026/09/29/alarcon-plantea-juicio-de-responsabilidades-contra-mariaca-si-no-deja-el-cargo/
La Razon,2026-09-29,18:43,Fiscalía entrega restos de seis desaparecidos en la explosión de Viacha,https://larazon.bo/ciudades/2026/09/29/fiscalia-entrega-restos-de-seis-desaparecidos-en-la-explosion-de-viacha/
La Razon,2026-09-29,18:44,"Gobierno fortalece diagnóstico temprano de VIH, ITS y tuberculosis",https://larazon.bo/sociedad/2026/09/29/gobierno-fortalece-diagnostico-temprano-de-vih-its-y-tuberculosis/
La Razon,2026-09-29,18:47,"Puerto de Antofagasta, una alternativa estratégica para la carga boliviana",https://larazon.bo/economia-y-empresa/2026/09/29/puerto-de-antofagasta-una-alternativa-estrategica-para-la-carga-boliviana/
La Razon,2026-09-29,18:48,Recuperan a animales silvestres en un condominio en Santa Cruz,https://larazon.bo/sociedad/2026/09/29/recuperan-a-animales-silvestres-en-un-condominio-en-santa-cruz/
Unitel,2026-09-29,18:49,Video: Intensa granizada causa daños materiales y afecta cultivos en Vallegrande,https://unitel.bo/noticias/sociedad/video-intensa-granizada-causa-danos-materiales-y-afecta-cultivos-en-vallegrande-IJ23802648
Unitel,2026-09-29,18:50,"Municipios de Bolivia tendrán un adicional al presupuesto 2026 tras reunión con Paz, según la Asociación de Municipalidades",https://unitel.bo/noticias/politica/municipios-de-bolivia-tendran-un-adicional-al-presupuesto-2026-tras-reunion-con-paz-segun-la-asociacion-de-municipalidades-DJ23803099
Unitel,2026-09-29,18:51,Ministro Justiniano señala que ya está en marcha el proceso para pedir información a EEUU por la acusación contra Mariaca,https://unitel.bo/noticias/politica/ministro-justiniano-senala-que-ya-esta-en-marcha-el-proceso-para-pedir-informacion-a-eeuu-por-la-acusacion-contra-mariaca-GJ23802488
Diez,2026-09-29,18:56,Leonardo Martínez arranca segundo y Suany sufre una avería en Marruecos,https://diez.bo/multideportivo/leonardo-martinez-arranca-segundo-y-suany-sufre-una-averia-en-marruecos_1790722617
Red Uno,2026-09-29,18:56,(Video) Tormenta de granizo de gran magnitud causa estragos materiales y productivos en Vallegrande,https://www.reduno.com.bo/noticias/video-tormenta-de-granizo-de-gran-magnitud-causa-estragos-materiales-y-productivos-en-vallegrande-2026929183940
El Deber,2026-09-29,18:57,Expulsan de Bolivia a brasileño vinculado al asesinato de un hombre en Riberalta,https://eldeber.com.bo/pais/expulsan-bolivia-brasileno-vinculado-asesinato-hombre-riberalta_1790721240
Red Uno,2026-09-29,18:59,¡Saquen los paraguas! Conozca hasta cuándo lloverá en Santa Cruz,https://www.reduno.com.bo/noticias/saquen-los-paraguas-conozca-hasta-cuando-llovera-en-santa-cruz-202692917400
El Diario,2026-09-29,19:04,Expertos de la ONU cuestionan deportaciones de migrantes desde EE.UU.,https://www.eldiario.net/portal/2026/09/29/expertos-de-la-onu-cuestionan-deportaciones-de-migrantes-desde-ee-uu-1905/
ANF,2026-09-29,19:05,EE.UU. apoya formación de unidades policiales de élite contra el narcotráfico en Beni y Santa Cruz,https://www.noticiasfides.com/nacional/seguridad/ee-uu-apoya-formacion-de-unidades-policiales-de-elite-contra-el-narcotrafico-en-beni-y-santa-cruz
El Diario,2026-09-29,19:09,Adolescentes se enfrentan con la Policía durante protestas escolares en Francia,https://www.eldiario.net/portal/2026/09/29/adolescentes-se-enfrentan-con-la-policia-durante-protestas-escolares-en-francia-1910/
La Razon,2026-09-29,19:09,IA gana espacio como herramienta de trabajo: 70% ya ahorra tiempo en Bolivia,https://larazon.bo/economia-y-empresa/2026/09/29/ia-gana-espacio-como-herramienta-de-trabajo-70-ya-ahorra-tiempo-en-bolivia/
Vision 360,2026-09-29,19:12,Adrián Estacio vuelve a la convocatoria del Tigre después de superar una molestia muscular,https://www.vision360.bo/noticias/2026/09/29/70099-adrian-estacio-vuelve-a-la-convocatoria-del-tigre-despues-de-superar-una-molestia-muscular
El Diario,2026-09-29,19:13,Colombia: Exalcalde de Yopal ‘Jhon Calzones’ es asesinado a tiros,https://www.eldiario.net/portal/2026/09/29/colombia-exalcalde-de-yopal-jhon-calzones-es-asesinado-a-tiros-1915/
Red Uno,2026-09-29,19:13,Vientos huracanados tumban tinglado en San Juan del Piraí; se reportan heridos,https://www.reduno.com.bo/noticias/vientos-huracanados-tumban-tinglado-en-san-juan-del-pirai-se-reportan-heridos-20269291950
La Razon,2026-09-29,19:19,Tres ejes marcan acuerdo del 50/50 entre Gobierno y los municipios,https://larazon.bo/economia-y-empresa/2026/09/29/tres-ejes-marcan-acuerdo-del-50-50-entre-gobierno-y-los-municipios/
El Deber,2026-09-29,19:21,Adulta mayor muere atropellada por un camión cuando iba a cobrar su Renta Dignidad,https://eldeber.com.bo/santa-cruz/adulta-mayor-muere-atropellada-camion-cuando-iba-cobrar-renta-dignidad_1790723300
Red Uno,2026-09-29,19:25,Viacha: Fiscalía espera esta semana informe pericial sobre explosión,https://www.reduno.com.bo/noticias/viacha-fiscalia-espera-esta-semana-informe-pericial-sobre-explosion-202692918279
Red Uno,2026-09-29,19:27,Gobierno y municipios firman acuerdo para avanzar en la Agenda 50/50,https://www.reduno.com.bo/noticias/gobierno-y-municipios-firman-acuerdo-para-avanzar-en-la-agenda-50-50-2026929192456
ANF,2026-09-29,19:32,Senadora pide informe al Gobierno sobre el viaje de Rodrigo Paz a EE.UU.,https://www.noticiasfides.com/nacional/politica/senadora-pide-informe-al-gobierno-sobre-el-viaje-de-rodrigo-paz-a-ee-uu
Unitel,2026-09-29,19:32,Vuelven las filas por gasolina en el eje troncal de Bolivia y provocan embotellamientos en varias zonas,https://unitel.bo/noticias/economia/vuelven-las-filas-por-gasolina-en-el-eje-troncal-de-bolivia-y-provocan-embotellamientos-en-varias-zonas-DJ23803176
El Deber,2026-09-29,19:33,Alcaldes lograron compromiso de que el ahorro del diésel se distribuya a municipios,https://eldeber.com.bo/pais/alcaldes-lograron-compromiso-ahorro-diesel-distribuya-municipios_1790724347
Red Uno,2026-09-29,19:35,Bono Juancito Pinto: el paso clave que debes dar si planeas cobrar a través de Yasta,https://www.reduno.com.bo/noticias/bono-juancito-pinto-el-paso-clave-que-debes-dar-si-planeas-cobrar-a-traves-de-yasta-2026929184032
Vision 360,2026-09-29,19:36,Justicia rechaza cesación de detención preventiva y Arce seguirá en San Pedro,https://www.vision360.bo/noticias/2026/09/29/70102-justicia-rechaza-cesacion-de-detencion-preventiva-y-arce-seguira-en-san-pedro
El Deber,2026-09-29,19:38,"""Tom Cruise asume el mayor riesgo de su carrera"": la crítica de la BBC de Digger, la nueva película de González Iñárritu",https://eldeber.com.bo/bbc/-tom-cruise-asume-el-mayor-riesgo-de-su-carrera-la-critica-de-la-bbc-de-digger-la-nueva-pelicula-de-gonzalez-inarritu-202692920243
Opinion,2026-09-29,19:50,Gobierno y alcaldes acuerdan presupuesto adicional para el cierre del 2026,https://www.opinion.com.bo/pais/gobierno-alcaldes-acuerdan-presupuesto-adicional-cierre-2026/20260929195016996872.html
Vision 360,2026-09-29,19:52,Gobernación de Santa Cruz publica 10 ofertas de diésel desde Bs 22 por litro,https://www.vision360.bo/noticias/2026/09/29/70105-gobernacion-de-santa-cruz-publica-10-ofertas-de-diesel-desde-bs-22-por-litro
Unitel,2026-09-29,19:54,"Alcaldías acuerdan mesas técnicas con el Gobierno para analizar el 50-50, según la Asociación de Municipalidades",https://unitel.bo/noticias/politica/alcaldias-acuerdan-mesas-tecnicas-con-el-gobierno-para-analizar-el-50-50-segun-la-asociacion-de-municipalidades-GJ23803252
Vision 360,2026-09-29,20:02,Gobierno compromete mayor asignación presupuestaria y consolidar a corto plazo el 50/50 con municipios capitales,https://www.vision360.bo/noticias/2026/09/29/70108-gobierno-compromete-mayor-asignacion-presupuestaria-y-consolidar-a-corto-plazo-el-5050-con-municipios-capitales
La Razon,2026-09-29,20:05,Bolivia y Brasil coordinarán inteligencia contra el crimen organizado,https://larazon.bo/nacional/2026/09/29/bolivia-y-brasil-coordinaran-inteligencia-contra-el-crimen-organizado/
Red Uno,2026-09-29,20:06,Intensifican búsqueda del nieto como presunto autor de parricidio en Sacaba tras macabro hallazgo,https://www.reduno.com.bo/noticias/intensifican-busqueda-del-nieto-como-presunto-autor-de-parricidio-en-sacaba-tras-macabro-hallazgo-2026929192226
El Deber,2026-09-29,20:11,"""La responsabilidad del Gobierno nacional es no transferirles quiebra"", dice el presidente Paz a los alcaldes",https://eldeber.com.bo/pais/responsabilidad-gobierno-nacional-no-transferirles-quiebra-dice-presidente-paz-alcaldes_1790726666
Red Uno,2026-09-29,20:11,Transportistas rechazan conversión de vehículos a GNV y la consideran inviable,https://www.reduno.com.bo/noticias/transportistas-rechazan-conversion-de-vehiculos-a-gnv-y-la-consideran-inviable-202692920553
El Deber,2026-09-29,20:15,Caso Botrading: Fiscalía acusa a Dorgathen y pide confiscar sus bienes,https://eldeber.com.bo/pais/caso-botrading-fiscalia-acusa-dorgathen-pide-confiscar-bienes_1790727323
Red Uno,2026-09-29,20:16,Juez dicta que expresidente Arce siga en prisión preventiva pese a su enfermedad,https://www.reduno.com.bo/noticias/juez-dicta-que-expresidente-arce-siga-en-prision-preventiva-pese-a-su-enfermedad-2026929184224
Vision 360,2026-09-29,20:16,Gobernación de La Paz amplía a tres años las licencias para prestadores de servicios turísticos,https://www.vision360.bo/noticias/2026/09/29/70114-gobernacion-de-la-paz-amplia-a-tres-anos-las-licencias-para-prestadores-de-servicios-turisticos
La Razon,2026-09-29,20:17,Góngora: retiro de visa a Mariaca no implica una sanción ni su destitución en Bolivia,https://larazon.bo/nacional/2026/09/29/gongora-retiro-de-visa-a-mariaca-no-implica-una-sancion-ni-su-destitucion-en-bolivia/
Unitel,2026-09-29,20:19,Paz dice que firmó el ‘Acuerdo 50-50’ con alcaldías para avanzar en un pacto nacional,https://unitel.bo/noticias/politica/paz-dice-que-firmo-el-acuerdo-50-50-con-alcaldias-para-avanzar-en-un-pacto-nacional-GJ23803511
Diez,2026-09-29,20:21,Real Potosí vence a ABB y se acerca a los cuartos de final de la Copa Bolivia,https://diez.bo/futbol/real-potosi-vence-a-abb-y-se-acerca-a-los-cuartos-de-final-de-la-copa-bolivia_1790727680
ERBOL,2026-09-29,20:23,"COB anuncia su respaldo a Mariaca, el fiscal acusado por EEUU de vínculos narco",https://erbol.com.bo/nacional/cob-anuncia-su-respaldo-mariaca-el-fiscal-acusado-por-eeuu-de-v%C3%ADnculos-narco
El Deber,2026-09-29,20:24,Fuertes vientos y lluvia dejan barrios sin energía eléctrica y afectan a familias en Yapacaní,https://eldeber.com.bo/santa-cruz/fuertes-vientos-lluvia-dejan-barrios-energia-electrica-afectan-familias-yapacani_1790727857
ANF,2026-09-29,20:25,Vocero dice que Paz estuvo “todo el tiempo” en Miami y no en Boca Ratón,https://www.noticiasfides.com/nacional/politica/vocero-dice-que-paz-estuvo-todo-el-tiempo-en-miami-y-no-en-boca-raton
Red Uno,2026-09-29,20:26,Se prevé nevadas en La Paz y Potosí y descenso de temperaturas en Santa Cruz,https://www.reduno.com.bo/noticias/se-preve-nevadas-en-la-paz-y-potosi-y-descenso-de-temperaturas-en-santa-cruz-2026929194411
Vision 360,2026-09-29,20:29,Dirigente evista invita a la COB a la FSTMB a articular movilizaciones contra el Gobierno,https://www.vision360.bo/noticias/2026/09/29/70111-dirigente-evista-invita-a-la-cob-a-la-fstmb-a-articular-movilizaciones-contra-el-gobierno
Unitel,2026-09-29,20:30,Lula y Bolsonaro bajan nivel de sus campaña con noticias falsas a cinco días de comicios,https://unitel.bo/noticias/mundo/lula-y-bolsonaro-bajan-nivel-de-sus-campana-con-noticias-falsas-a-cinco-dias-de-comicios-KJ23803810
Red Uno,2026-09-29,20:32,Transportistas anuncian ampliado en Sucre y mantienen rechazo al GNV,https://www.reduno.com.bo/noticias/transportistas-anuncian-ampliado-en-sucre-y-mantienen-rechazo-al-gnv-2026929202138
Red Uno,2026-09-29,20:34,Reportan caída de granizo en la ciudad de Santa Cruz,https://www.reduno.com.bo/noticias/reportan-caida-de-granizo-en-la-ciudad-de-santa-cruz-2026929201552
La Razon,2026-09-29,20:40,Libre pedirá informe por financiamiento de separata en EEUU,https://larazon.bo/nacional/2026/09/29/libre-pedira-informe-por-financiamiento-de-separata-en-eeuu/
Red Uno,2026-09-29,20:40,Susto en Camiri: Explota tanque de combustible en una estación de servicio,https://www.reduno.com.bo/noticias/susto-en-camiri-explota-tanque-de-combustible-en-una-estacion-de-servicio-2026929201957
Red Uno,2026-09-29,20:43,Alcaldes piden mayor presupuesto y que la Agenda 50/50 se concrete con medidas inmediatas,https://www.reduno.com.bo/noticias/alcaldes-piden-mayor-presupuesto-y-que-la-agenda-50-50-se-concrete-con-medidas-inmediatas-202692919133
La Razon,2026-09-29,20:45,"Largas filas por gasolina se reportan en Santa Cruz, Potosí y Oruro",https://larazon.bo/economia-y-empresa/2026/09/29/largas-filas-por-gasolina-se-reportan-en-santa-cruz-potosi-y-oruro/
Vision 360,2026-09-29,20:49,"Muere el actor Otto Sirgo, uno de los iconos de la telenovela mexicana",https://www.vision360.bo/noticias/2026/09/29/70117-muere-el-actor-otto-sirgo-uno-de-los-iconos-de-la-telenovela-mexicana
Red Uno,2026-09-29,20:51,Cochabamba: Víctimas denuncian estafa múltiple y exigen mayor celeridad a la justicia,https://www.reduno.com.bo/noticias/cochabamba-victimas-denuncian-estafa-multiple-y-exigen-mayor-celeridad-a-la-justicia-202692920445
ANF,2026-09-29,20:52,Alcaldes logran que el Gobierno se comprometa a distribuir el ahorro del diésel a los municipios,https://www.noticiasfides.com/economia/alcaldes-logran-que-el-gobierno-se-comprometa-a-distribuir-el-ahorro-del-diesel-a-los-municipios
Red Uno,2026-09-29,20:53,Pareja vacía una tienda en menos de cinco minutos en Santa Cruz,https://www.reduno.com.bo/noticias/pareja-vacia-una-tienda-en-menos-de-cinco-minutos-en-santa-cruz-202692919165
Unitel,2026-09-29,21:02,"Vetados por EEUU: “Cada uno tendrá que defenderse como corresponde”, señala presidente cívico cruceño",https://unitel.bo/noticias/seguridad/vetados-por-eeuu-cada-uno-tendra-que-defenderse-como-corresponde-senala-presidente-civico-cruceno-BJ23804005
Red Uno,2026-09-29,21:04,Dos personas resultan heridas tras caer de su motocicleta por lluvias en Santa Cruz,https://www.reduno.com.bo/noticias/dos-personas-resultan-heridas-tras-caer-de-su-motocicleta-por-lluvias-en-santa-cruz-2026929203724
Red Uno,2026-09-29,21:07,Paz destaca firma del Acuerdo 50/50 con alcaldes de capitales y El Alto,https://www.reduno.com.bo/noticias/paz-destaca-firma-del-acuerdo-50-50-con-alcaldes-de-capitales-y-el-alto-2026929203114
La Razon,2026-09-29,21:12,Consejo de la Magistratura pide acelerar leyes para fortalecer la Justicia,https://larazon.bo/nacional/2026/09/29/consejo-de-la-magistratura-pide-acelerar-leyes-para-fortalecer-la-justicia/
Unitel,2026-09-29,21:12,Senadores de Libre anuncian petición de informe sobre financiamiento de separata sobre Bolivia en USA Today,https://unitel.bo/noticias/politica/senadores-de-libre-anuncian-peticion-de-informe-sobre-financiamiento-de-separata-sobre-bolivia-en-usa-today-NJ23804238
ERBOL,2026-09-29,21:13,Paz y alcaldes acuerdan una agenda del 50/50 con enfoque diferenciado por las asimetrías,https://erbol.com.bo/nacional/paz-y-alcaldes-acuerdan-una-agenda-del-5050-con-enfoque-diferenciado-por-las-asimetr%C3%ADas
Unitel,2026-09-29,21:13,EEUU anunció que “impondrá restricciones de visa a otros 20 funcionarios bolivianos corruptos”,https://unitel.bo/noticias/seguridad/eeuu-anuncio-que-impondra-restricciones-de-visa-a-otros-20-funcionarios-bolivianos-corruptos-DJ23804153
Unitel,2026-09-29,21:14,Más de 10 barrios de la capital cruceña denuncian que llevan días sin agua,https://unitel.bo/noticias/sociedad/mas-de-10-barrios-de-la-capital-crucena-denuncian-que-llevan-dias-sin-agua-GJ23804255
Vision 360,2026-09-29,21:16,Lula y Bolsonaro bajan el nivel de la campaña con noticias falsas a cinco días de los comicios,https://www.vision360.bo/noticias/2026/09/29/70123-lula-y-bolsonaro-bajan-el-nivel-de-la-campana-con-noticias-falsas-a-cinco-dias-de-los-comicios
Los Tiempos,2026-09-29,21:20,Gobierno y 10 alcaldes avanzan en la Agenda 50-50,https://www.lostiempos.com/actualidad/pais/20260929/gobierno-10-alcaldes-avanzan-agenda-50-50
El Deber,2026-09-29,21:22,Hallan enterrada a una bebé en La Paz y su madre es aprehendida,https://eldeber.com.bo/santa-cruz/hallan-enterrada-bebe-paz-madre-aprehendida_1790731111
La Razon,2026-09-29,21:24,Paz y alcaldes acuerdan avanzar hacia un modelo 50/50 de distribución de recursos,https://larazon.bo/nacional/2026/09/29/paz-y-alcaldes-acuerdan-avanzar-hacia-un-modelo-50-50-de-distribucion-de-recursos/
El Deber,2026-09-29,21:25,"Fatima Zahra El Mansouri, la primera mujer elegida primera ministra de Marruecos",https://eldeber.com.bo/bbc/fatima-zahra-el-mansouri-la-primera-mujer-elegida-primera-ministra-de-marruecos-202692921412
Vision 360,2026-09-29,21:25,Consejo de la Magistratura inicia levantamiento técnico sobre jueces a los que EEUU retiró la visa; dos enfrentan procesos,https://www.vision360.bo/noticias/2026/09/29/70120-consejo-de-la-magistratura-inicia-levantamiento-tecnico-sobre-jueces-a-los-que-eeuu-retiro-la-visa-dos-enfrentan-procesos
El Deber,2026-09-29,21:27,El parque de atracciones Six Flags en California clausura la montaña rusa X2 tras cientos de denuncias de lesiones cerebrales,https://eldeber.com.bo/bbc/el-parque-de-atracciones-six-flags-en-california-clausura-la-montana-rusa-x2-tras-cientos-de-denuncias-de-lesiones-cerebrales-2026929213113
Red Uno,2026-09-29,21:31,Adolescente es investigado por intento de feminicidio a su pareja,https://www.reduno.com.bo/noticias/adolescente-es-investigado-por-intento-de-feminicidio-a-su-pareja-2026929211531
Red Uno,2026-09-29,21:32,Quillacollo habilita puntos temporales de recojo de basura tras tres días de cierre del botadero de Cotapachi,https://www.reduno.com.bo/noticias/quillacollo-habilita-puntos-temporales-de-recojo-de-basura-tras-tres-dias-de-cierre-del-botadero-de-cotapachi-2026929201235
El Deber,2026-09-29,21:33,Lula y Bolsonaro bajan el nivel de la campaña con noticias falsas a cinco días de comicios,https://eldeber.com.bo/mundo/lula-bolsonaro-bajan-nivel-campana-noticias-falsas-cinco-dias-comicios_1790731995
Los Tiempos,2026-09-29,21:35,Canciller de Alemania: “Rusia no ganará” la guerra contra Ucrania,https://www.lostiempos.com/actualidad/mundo/20260929/canciller-alemania-rusia-no-ganara-guerra-contra-ucrania
El Deber,2026-09-29,21:36,"Lula tilda a Flávio Bolsonaro de ""mequetrefe"" y lo acusa de relacionarse con paramilitares",https://eldeber.com.bo/mundo/lula-tilda-flavio-bolsonaro-mequetrefe-acusa-relacionarse-paramilitares_1790732219
Unitel,2026-09-29,21:38,Choferes del norte paceño dicen que las condiciones topográficas de la región no son aptas para vehículos con GNV,https://unitel.bo/noticias/economia/choferes-del-norte-paceno-dicen-que-las-condiciones-topograficas-de-la-region-no-son-aptas-para-vehiculos-con-gnv-KJ23804349
El Deber,2026-09-29,21:42,Gery Vargas volverá a dirigir en la División Profesional después de dos meses,https://eldeber.com.bo/futbol/gery-vargas-volvera-dirigir-division-profesional-despues-dos-meses_1790731213
Opinion,2026-09-29,21:44,Conozca las principales conclusiones del acuerdo entre el Gobierno y municipios en la Agenda 50/50,https://www.opinion.com.bo/pais/conozca-principales-conclusiones-acuerdo-entre-gobierno-municipios-agenda-50-50/20260929214443996874.html
Unitel,2026-09-29,21:47,Video: Una estructura cae sobre estudiantes a causa de los fuertes vientos,https://unitel.bo/noticias/sociedad/video-una-estructura-cae-sobre-estudiantes-a-causa-de-los-fuertes-vientos-OJ23804486
Los Tiempos,2026-09-29,21:48,Emiten acusación contra Dorgathen y piden confiscar sus bienes,https://www.lostiempos.com/actualidad/seguridad/20260929/emiten-acusacion-contra-dorgathen-piden-confiscar-sus-bienes
Red Uno,2026-09-29,21:52,¡Todo quedó grabado! Delincuentes golpean brutalmente a un mensajero y le roban su moto,https://www.reduno.com.bo/noticias/todo-quedo-grabado-delincuentes-golpean-brutalmente-a-un-mensajero-y-le-roban-su-moto-2026929214341
Red Uno,2026-09-29,21:55,Exjuez apunta a la gestión de Evo Morales por la crisis del Poder Judicial,https://www.reduno.com.bo/noticias/exjuez-apunta-a-la-gestion-de-evo-morales-por-la-crisis-del-poder-judicial-2026929203123
Red Uno,2026-09-29,22:01,EEUU anuncia restricciones de visa para otros 20 funcionarios bolivianos,https://www.reduno.com.bo/noticias/eeuu-anuncia-restricciones-de-visa-para-otros-20-funcionarios-bolivianos-2026929215759
Unitel,2026-09-29,22:01,"Filas por combustible: “Todos los ministros se meten y ninguno resuelve nada”, cuestiona cívico",https://unitel.bo/noticias/economia/filas-por-combustible-todos-los-ministros-se-meten-y-ninguno-resuelve-nada-cuestiona-civico-FJ23804540
El Deber,2026-09-29,22:02,"A balazos y con dinamita, jukus roban en mina de Potosí y hieren a dos trabajadores",https://eldeber.com.bo/pais/balazos-dinamita-jukus-roban-mina-potosi-hieren-dos-trabajadores_1790733202
Los Tiempos,2026-09-29,22:04,Consejo de la Magistratura investigará a jueces vetados de ingreso a EEUU,https://www.lostiempos.com/actualidad/seguridad/20260929/consejo-magistratura-investigara-jueces-vetados-ingreso-eeuu
Diez,2026-09-29,22:20,Copa Bolivia: Aurora y San Antonio empatan y ponen el Grupo A al rojo vivo,https://diez.bo/futbol/copa-bolivia-aurora-y-san-antonio-empatan-y-ponen-el-grupo-a-al-rojo-vivo_1790734133
El Deber,2026-09-29,22:27,Guerrero admite que el incremento al pasaje que sugieren no está basado en un estudio de costos,https://eldeber.com.bo/santa-cruz/guerrero-admite-incremento-pasaje-sugieren-no-esta-basado-estudio-costos_1790734646
Red Uno,2026-09-29,22:27,Avanzan las investigaciones tras el hallazgo de un cuerpo en el Cerro San Pedro,https://www.reduno.com.bo/noticias/avanzan-las-investigaciones-tras-el-hallazgo-de-un-cuerpo-en-el-cerro-san-pedro-2026929221626
Red Uno,2026-09-29,22:29,Transporte pesado ve viable el uso de GNL en sus unidades,https://www.reduno.com.bo/noticias/transporte-pesado-ve-viable-el-uso-de-gnl-en-sus-unidades-202692922163
La Razon,2026-09-29,22:30,FC Universitario vence 3-1 a Guabirá y aún da pelea,https://larazon.bo/marcas/2026/09/29/fc-universitario-vence-3-1-a-guabira-y-aun-da-pelea/
Red Uno,2026-09-29,22:32,Jóvenes se salvan de milagro tras grabar los vientos huracanados en San Juan del Piraí,https://www.reduno.com.bo/noticias/jovenes-se-salvan-de-milagro-tras-grabar-los-vientos-huracanados-en-san-juan-del-pirai-202692922280
Red Uno,2026-09-29,22:33,Quince barrios de la Pampa de la Isla llevan 10 días sin agua potable,https://www.reduno.com.bo/noticias/quince-barrios-de-la-pampa-de-la-isla-llevan-10-dias-sin-agua-potable-2026929205816
La Razon,2026-09-29,22:34,EEUU anuncia nuevas restricciones de visa para otros 20 bolivianos,https://larazon.bo/nacional/2026/09/29/eeuu-anuncia-nuevas-restricciones-de-visa-para-otros-20-bolivianos/
La Razon,2026-09-29,22:39,"Con 10 en cancha, Real Potosí triunfa y apunta a los cuartos",https://larazon.bo/marcas/2026/09/29/con-10-en-cancha-real-potosi-triunfa-y-apunta-a-los-cuartos/
La Razon,2026-09-29,22:40,El festival El Buen Café reúne a 12 productores en La Paz,https://larazon.bo/economia-y-empresa/2026/09/29/el-festival-el-buen-cafe-reune-a-productores-de-seis-regiones-en-la-paz/
Red Uno,2026-09-29,22:42,Nayar afirma que EEUU retiró visas con pruebas de vínculos con el narcotráfico,https://www.reduno.com.bo/noticias/nayar-afirma-que-eeuu-retiro-visas-con-pruebas-de-vinculos-con-el-narcotrafico-20269292116
El Deber,2026-09-29,22:44,Gobierno boliviano envió solicitud de información a EEUU sobre el caso de las visas,https://eldeber.com.bo/pais/gobierno-boliviano-envio-solicitud-informacion-eeuu-caso-visas_1790735720
La Razon,2026-09-29,22:46,Tabla de posiciones y próxima fecha Copa Bolivia,https://larazon.bo/marcas/2026/09/29/tabla-de-posiciones-y-proxima-fecha-copa-bolivia/
Red Uno,2026-09-29,22:54,Cae en Santa Cruz presunto integrante del Cártel Jalisco Nueva Generación,https://www.reduno.com.bo/noticias/cae-en-santa-cruz-presunto-integrante-del-cartel-jalisco-nueva-generacion-2026929224629
Red Uno,2026-09-29,22:56,Comunarios de Cotapachi no asisten al diálogo y persiste el bloqueo al botadero de Quillacollo,https://www.reduno.com.bo/noticias/comunarios-de-cotapachi-no-asisten-al-dialogo-y-persiste-el-bloqueo-al-botadero-de-quillacollo-2026929223150
Red Uno,2026-09-29,23:01,Vive solo con 14 gatos y asegura que no puede cobrar su Renta Dignidad,https://www.reduno.com.bo/noticias/vive-solo-con-14-gatos-y-asegura-que-no-puede-cobrar-su-renta-dignidad-202692922352
La Razon,2026-09-29,23:04,Aurora salva un punto ante San Antonio y sigue en la cima del A,https://larazon.bo/marcas/futbol-profesional-boliviano/2026/09/29/aurora-salva-un-punto-ante-san-antonio-y-sigue-en-la-cima-del-a/
Red Uno,2026-09-29,23:05,Santa Cruz registra 1.084 focos de calor y 12 incendios activos,https://www.reduno.com.bo/noticias/santa-cruz-registra-1-084-focos-de-calor-y-12-incendios-activos-2026929211939
Red Uno,2026-09-29,23:09,Vecinos plantean licitar líneas de transporte en Santa Cruz,https://www.reduno.com.bo/noticias/vecinos-plantean-licitar-lineas-de-transporte-en-santa-cruz-2026929214013
Red Uno,2026-09-29,23:12,Investigan la existencia de más víctimas tras la detención de un sujeto por agresiones a menores,https://www.reduno.com.bo/noticias/investigan-la-existencia-de-mas-victimas-tras-la-detencion-de-un-sujeto-por-agresiones-a-menores-2026929215322
Red Uno,2026-09-29,23:13,Aprehenden a chofer que transportaba 281 paquetes de droga en Puerto Pailas,https://www.reduno.com.bo/noticias/aprehenden-a-chofer-que-transportaba-281-paquetes-de-droga-en-puerto-pailas-2026929215811
Red Uno,2026-09-29,23:22,Saavedra propone una nueva forma de redistribución de la coparticipación tributaria,https://www.reduno.com.bo/noticias/saavedra-propone-una-nueva-forma-de-redistribucion-de-la-coparticipacion-tributaria-202692923132
Los Tiempos,2026-09-29,23:27,"Con una solemne misa de exequias, Sucre despide a monseñor Ricardo Centellas",https://www.lostiempos.com/actualidad/pais/20260929/solemne-misa-exequias-sucre-despide-monsenor-ricardo-centellas
Los Tiempos,2026-09-29,23:32,EEUU anuncia nuevas sanciones contra otros 20 funcionarios de Bolivia por hechos de corrupción,https://www.lostiempos.com/actualidad/seguridad/20260929/eeuu-anuncia-nuevas-sanciones-contra-otros-20-funcionarios-bolivia
Vision 360,2026-09-30,00:00,Del “Homo Sapiens” al “Homo Pendejus”,https://www.vision360.bo/noticias/2026/09/30/70132-del-homo-sapiens-al-homo-pendejus
Vision 360,2026-09-30,00:00,"Cuando el mundo se fragmenta, Bolivia también está en riesgo",https://www.vision360.bo/noticias/2026/09/30/70135-cuando-el-mundo-se-fragmenta-bolivia-tambien-esta-en-riesgo
El Diario,2026-09-30,00:01,Ecuador revoluciona la historia del chocolate,https://www.eldiario.net/portal/2026/09/30/ecuador-revoluciona-la-historia-del-chocolate/
Vision 360,2026-09-30,00:03,"El ""escudo"" de Washington contra la justicia boliviana: ¿cooperación internacional o golpe a la soberanía?",https://www.vision360.bo/noticias/2026/09/30/70138-el-escudo-de-washington-contra-la-justicia-boliviana-cooperacion-internacional-o-golpe-a-la-soberania
La Razon,2026-09-30,00:25,Defensa de Arce acusa a juez de someterse al Ejecutivo y anuncia queja,https://larazon.bo/nacional/2026/09/30/defensa-de-arce-acusa-a-juez-de-someterse-al-ejecutivo-y-anuncia-queja/
ERBOL,2026-09-30,00:27,Periodistas de ERBOL son galardonados en el Premio Nacional de Periodismo con Perspectiva de Género,https://erbol.com.bo/gente/periodistas-de-erbol-son-galardonados-en-el-premio-nacional-de-periodismo-con-perspectiva-de
El Diario,2026-09-30,00:27,Libera tu mente delegando tus tareas rutinarias a la tecnología,https://www.eldiario.net/portal/2026/09/30/libera-tu-mente-delegando-tus-tareas-rutinarias-a-la-tecnologia/
El Diario,2026-09-30,00:29,Rediseña tu cerebro con siete hábitos de neuroplasticidad,https://www.eldiario.net/portal/2026/09/30/redisena-tu-cerebro-con-siete-habitos-de-neuroplasticidad/
El Diario,2026-09-30,00:31,Carolina Chevallier: «Buscamos el bienestar respaldado por la ciencia”,https://www.eldiario.net/portal/2026/09/30/carolina-chevallier-buscamos-el-bienestar-respaldado-por-la-ciencia/
La Razon,2026-09-30,00:38,Diésel: el efecto dominó en los precios,https://larazon.bo/opinion/columnistas/2026/09/30/diesel-el-efecto-domino-en-los-precios/
El Diario,2026-09-30,00:39,José Luis Montaño llega hasta la ronda de 64 en el U.S. Mid-Amateur Championship 2026,https://www.eldiario.net/portal/2026/09/30/jose-luis-montano-llega-hasta-la-ronda-de-64-en-el-u-s-mid-amateur-championship-2026/
La Razon,2026-09-30,00:42,El periodo constitucional concluye el 8 de noviembre del año 2030,https://larazon.bo/opinion/columnistas/2026/09/30/el-periodo-constitucional-concluye-el-8-de-noviembre-del-ano-2030/
La Razon,2026-09-30,00:45,"Maderas, pruebas y verdad",https://larazon.bo/voces/2026/09/30/maderas-pruebas-y-verdad/
La Razon,2026-09-30,00:48,Atención al cliente,https://larazon.bo/opinion/columnistas/2026/09/30/atencion-al-cliente/
La Razon,2026-09-30,00:51,Joint venture,https://larazon.bo/opinion/columnistas/2026/09/30/joint-venture/
El Diario,2026-09-30,00:54,Exinspector general es dado de baja de la Policía,https://www.eldiario.net/portal/2026/09/30/exinspector-general-es-dado-de-baja-de-la-policia-2/
El Diario,2026-09-30,00:55,Aprehenden a cuatro integrantes del Comando Vermelho en Riberalta,https://www.eldiario.net/portal/2026/09/30/aprehenden-a-cuatro-integrantes-del-comando-vermelho-en-riberalta-2/
El Diario,2026-09-30,00:56,Identifican y entregan restos de desaparecidos a sus familias,https://www.eldiario.net/portal/2026/09/30/identifican-y-entregan-restos-de-desaparecidos-a-sus-familias/
El Diario,2026-09-30,00:56,Magistratura advierte con procesos por irregularidades,https://www.eldiario.net/portal/2026/09/30/magistratura-advierte-con-procesos-por-irregularidades/
El Diario,2026-09-30,00:57,Ponciano Santos obtiene detención domiciliaria,https://www.eldiario.net/portal/2026/09/30/ponciano-santos-obtiene-detencion-domiciliaria-3/
El Diario,2026-09-30,00:58,Levantan arraigo contra exministro Medinaceli,https://www.eldiario.net/portal/2026/09/30/levantan-arraigo-contra-exministro-medinaceli/
El Diario,2026-09-30,00:59,Caso Mariaca puede derivar en investigación y extradición,https://www.eldiario.net/portal/2026/09/30/caso-mariaca-puede-derivar-en-investigacion-y-extradicion/
El Diario,2026-09-30,01:20,Horóscopo semanal,https://www.eldiario.net/portal/2026/09/30/horoscopo-semanal-211/
El Diario,2026-09-30,01:23,Finesse y Los Tremendazos unidos en el Carnaval Cruceño 2027,https://www.eldiario.net/portal/2026/09/30/finesse-y-los-tremendazos-unidos-en-el-carnaval-cruceno-2027/
El Diario,2026-09-30,01:25,URUCÚ RICE,https://www.eldiario.net/portal/2026/09/30/urucu-rice/
El Diario,2026-09-30,01:41,Kaiyi desembarca en La Paz de la mano de Nibol,https://www.eldiario.net/portal/2026/09/30/kaiyi-desembarca-en-la-paz-de-la-mano-de-nibol/
El Diario,2026-09-30,01:44,Noche Dominicana de Tabaco y Singani,https://www.eldiario.net/portal/2026/09/30/noche-dominicana-de-tabaco-y-singani/
El Deber,2026-09-30,05:00,Diésel: el efecto dominó en los precios,https://eldeber.com.bo/opinion/diesel-efecto-domino-precios_1790734236
El Deber,2026-09-30,05:00,La otra agenda del embajador Camacho,https://eldeber.com.bo/opinion/otra-agenda-embajador-camacho_1790734470
El Deber,2026-09-30,05:00,Nos estamos acostumbrando a vivir mal,https://eldeber.com.bo/opinion/nos-estamos-acostumbrando-vivir-mal_1790734785
El Deber,2026-09-30,05:00,Modelo de Desarrollo Cruceño: 1.300.000 descargas y una gran verdad,https://eldeber.com.bo/opinion/modelo-desarrollo-cruceno-1-300-000-descargas-gran-verdad_1790735034
El Deber,2026-09-30,05:00,"Cuando el mundo se fragmenta, Bolivia también está en riesgo",https://eldeber.com.bo/opinion/cuando-mundo-fragmenta-bolivia-esta-riesgo_1790735235
El Deber,2026-09-30,05:00,Cara a cara,https://eldeber.com.bo/opinion/cara-cara_1790735541
El Deber,2026-09-30,05:00,Santa Cruz no puede acostumbrarse al miedo,https://eldeber.com.bo/opinion/santa-cruz-no-puede-acostumbrarse-miedo_1790735700
La Razon,2026-09-30,05:15,Riesgoso amistoso de Bolivia ante la temible Argentina,https://larazon.bo/marcas/2026/09/30/riesgoso-amistoso-de-bolivia-ante-la-temible-argentina/
Unitel,2026-09-30,05:49,Carlos Romero sugiere que un ministro de Paz puede estar entre los funcionarios a los que EEUU impondrá restricciones de visa,https://unitel.bo/noticias/politica/carlos-romero-sugiere-que-un-ministro-de-paz-puede-estar-entre-los-funcionarios-a-los-que-eeuu-impondra-restricciones-de-visa-DJ23808830
El Diario,2026-09-30,05:52,Sequía pone en riesgo a ganadería en Chuquisaca,https://www.eldiario.net/portal/2026/09/30/sequia-pone-en-riesgo-a-ganaderia-en-chuquisaca/
El Diario,2026-09-30,05:53,Minería ilegal de oro es el negocio ilícito más lucrativo,https://www.eldiario.net/portal/2026/09/30/mineria-ilegal-de-oro-es-el-negocio-ilicito-mas-lucrativo/
El Diario,2026-09-30,05:54,Diálogo Gobierno-choferes entra en cuarto intermedio,https://www.eldiario.net/portal/2026/09/30/dialogo-gobierno-choferes-entra-en-cuarto-intermedio/
El Diario,2026-09-30,05:55,Paz y alcaldes acuerdan agenda del 50/50 diferenciada,https://www.eldiario.net/portal/2026/09/30/paz-y-alcaldes-acuerdan-agenda-del-50-50-diferenciada/
El Diario,2026-09-30,05:58,Caen cuatro miembros del Comando Vermelho,https://www.eldiario.net/portal/2026/09/30/caen-cuatro-miembros-del-comando-vermelho/
El Diario,2026-09-30,05:59,El caso del fiscal Mariaca puede derivar en extradición,https://www.eldiario.net/portal/2026/09/30/el-caso-del-fiscal-mariaca-puede-derivar-en-extradicion/
El Diario,2026-09-30,06:06,Sancionan a motos con “roncadores”,https://www.eldiario.net/portal/2026/09/30/sancionan-a-motos-con-roncadores/
El Diario,2026-09-30,06:07,Vuelven las filas por gasolina en varios surtidores cruceños,https://www.eldiario.net/portal/2026/09/30/vuelven-las-filas-por-gasolina-en-varios-surtidores-crucenos/
El Diario,2026-09-30,06:07,Hospital Japonés recibe una torre laparoscópica,https://www.eldiario.net/portal/2026/09/30/hospital-japones-recibe-una-torre-laparoscopica/
El Diario,2026-09-30,06:10,Ocho personas expuestas reciben profilaxis antirrábica,https://www.eldiario.net/portal/2026/09/30/ocho-personas-expuestas-reciben-profilaxis-antirrabica-2/
El Diario,2026-09-30,06:10,El transporte de Santa Cruz anuncia nuevo paro de 48 horas para octubre,https://www.eldiario.net/portal/2026/09/30/el-transporte-de-santa-cruz-anuncia-nuevo-paro-de-48-horas-para-octubre/
El Diario,2026-09-30,06:12,Un borochi deja una nueva evidencia de su presencia,https://www.eldiario.net/portal/2026/09/30/un-borochi-deja-una-nueva-evidencia-de-su-presencia-2/
Unitel,2026-09-30,06:12,"Saavedra advierte al transporte ante el anuncio de paro: “Si vuelven a hacerlo, probablemente el tono cambie”",https://unitel.bo/noticias/sociedad/saavedra-advierte-al-transporte-ante-el-anuncio-de-paro-si-vuelven-a-hacerlo-probablemente-el-tono-cambie-NJ23809172
El Diario,2026-09-30,06:13,Sequía afecta a 24 municipios y al ganado en Chuquisaca,https://www.eldiario.net/portal/2026/09/30/sequia-afecta-a-24-municipios-y-al-ganado-en-chuquisaca/
El Diario,2026-09-30,06:17,Estonia culpa a Rusia por un ataque a empresa de defensa,https://www.eldiario.net/portal/2026/09/30/estonia-culpa-a-rusia-por-un-ataque-a-empresa-de-defensa-2/
El Diario,2026-09-30,06:19,Comunidades rechazan proyecto de embalse previsto en Río Indio,https://www.eldiario.net/portal/2026/09/30/comunidades-rechazan-proyecto-de-embalse-previsto-en-rio-indio/
El Diario,2026-09-30,06:20,Oro supera a la cocaína como industria criminal más rentable,https://www.eldiario.net/portal/2026/09/30/oro-supera-a-la-cocaina-como-industria-criminal-mas-rentable/
Red Uno,2026-09-30,06:20,Bolivia reforzará la frontera con Brasil con dos unidades de élite contra el narcotráfico,https://www.reduno.com.bo/noticias/bolivia-reforzara-la-frontera-con-brasil-con-dos-unidades-de-elite-contra-el-narcotrafico-20269306202
El Diario,2026-09-30,06:21,Preparan feria intermunicipal de productos frescos,https://www.eldiario.net/portal/2026/09/30/preparan-feria-intermunicipal-de-productos-frescos/
El Deber,2026-09-30,06:22,Gobierno y transportistas van a mesas sectoriales tras un diálogo sin acuerdos,https://eldeber.com.bo/economia/gobierno-transportistas-van-mesas-sectoriales-dialogo-acuerdos_1790763720
El Diario,2026-09-30,06:22,Proponen crear Código Postal,https://www.eldiario.net/portal/2026/09/30/proponen-crear-codigo-postal/
El Diario,2026-09-30,06:22,Cierran avenida Mario Mercado por dos semanas,https://www.eldiario.net/portal/2026/09/30/cierran-avenida-mario-mercado-por-dos-semanas/
El Diario,2026-09-30,06:23,Reportan riesgo de caída de aulas de unidad educativa Niño Jesús,https://www.eldiario.net/portal/2026/09/30/reportan-riesgo-de-caida-de-aulas-de-unidad-educativa-nino-jesus-2/
El Deber,2026-09-30,06:28,"La gasolina vuelve a escasear en Santa Cruz, Cochabamba y La Paz",https://eldeber.com.bo/economia/gasolina-vuelve-escasear-santa-cruz-cochabamba-paz_1790764121
El Diario,2026-09-30,06:28,ONU prolonga por seis meses fuerza antipandillas en Haití,https://www.eldiario.net/portal/2026/09/30/onu-prolonga-por-seis-meses-fuerza-antipandillas-en-haiti/
Unitel,2026-09-30,06:30,Lara viajó a España para participar del XII Foro Parlamentario Iberoamericano,https://unitel.bo/noticias/politica/lara-viajo-a-espana-para-participar-del-xii-foro-parlamentario-iberoamericano-IJ23809155
El Diario,2026-09-30,06:34,Rodríguez anuncia reforma a polémica ley contra el odio,https://www.eldiario.net/portal/2026/09/30/rodriguez-anuncia-reforma-a-polemica-ley-contra-el-odio/
El Diario,2026-09-30,06:35,Tribunal permite reanudar las deportaciones a terceros países,https://www.eldiario.net/portal/2026/09/30/tribunal-permite-reanudar-las-deportaciones-a-terceros-paises-2/
El Diario,2026-09-30,06:35,Proponen más recursos para Órgano Judicial,https://www.eldiario.net/portal/2026/09/30/proponen-mas-recursos-para-organo-judicial/
El Deber,2026-09-30,06:36,“El inversionista extranjero necesita una puerta de entrada al país”,https://eldeber.com.bo/economia/inversionista-extranjero-necesita-puerta-entrada-pais_1790764616
El Diario,2026-09-30,06:36,Gobierno afirma que no se contrató servicios del medio norteamericano,https://www.eldiario.net/portal/2026/09/30/gobierno-afirma-que-no-se-contrato-servicios-del-medio-norteamericano/
El Diario,2026-09-30,06:36,Convocan a sesión de Asamblea para considerar caso de vetados,https://www.eldiario.net/portal/2026/09/30/convocan-a-sesion-de-asamblea-para-considerar-caso-de-vetados/
Red Uno,2026-09-30,06:36,Así cotiza el dólar este miércoles 30 de septiembre en Bolivia,https://www.reduno.com.bo/noticias/asi-cotiza-el-dolar-este-miercoles-30-de-septiembre-en-bolivia-20269306120
El Diario,2026-09-30,06:37,Libre plantea comisión de investigación en caso visas,https://www.eldiario.net/portal/2026/09/30/libre-plantea-comision-de-investigacion-en-caso-visas/
El Diario,2026-09-30,06:37,Recuerdan que designación de Mariaca en ALP fue irregular,https://www.eldiario.net/portal/2026/09/30/recuerdan-que-designacion-de-mariaca-en-alp-fue-irregular/
El Diario,2026-09-30,06:38,Horóscopo WM,https://www.eldiario.net/portal/2026/09/30/horoscopo-wm-843/
El Diario,2026-09-30,06:39,Sensacionalismo y muerte del criterio informativo,https://www.eldiario.net/portal/2026/09/30/sensacionalismo-y-muerte-del-criterio-informativo/
El Deber,2026-09-30,06:44,Magistratura revisará los fallos de tres jueces cruceños vetados por EEUU,https://eldeber.com.bo/pais/magistratura-revisara-fallos-tres-jueces-crucenos-vetados-eeuu_1790765085
El Diario,2026-09-30,06:44,"Octubre negro, la amenaza",https://www.eldiario.net/portal/2026/09/30/octubre-negro-la-amenaza/
El Diario,2026-09-30,06:44,La gran traición a la esperanza marítima,https://www.eldiario.net/portal/2026/09/30/la-gran-traicion-a-la-esperanza-maritima/
El Diario,2026-09-30,06:45,Lucha entre Fiscalía General y Gobierno Central,https://www.eldiario.net/portal/2026/09/30/lucha-entre-fiscalia-general-y-gobierno-central/
El Diario,2026-09-30,06:46,Gobierno y choferes federados entran en cuarto intermedio,https://www.eldiario.net/portal/2026/09/30/gobierno-y-choferes-federados-entran-en-cuarto-intermedio-2/
El Diario,2026-09-30,06:47,"Aduana comisa tres contenedores valuados en más de $us 1,1 millones",https://www.eldiario.net/portal/2026/09/30/aduana-comisa-tres-contenedores-valuados-en-mas-de-us-11-millones/
El Diario,2026-09-30,06:47,Crecimiento económico no mejora automáticamente la cohesión social,https://www.eldiario.net/portal/2026/09/30/crecimiento-economico-no-mejora-automaticamente-la-cohesion-social-2/
El Diario,2026-09-30,06:49,"Trabajadores bolivianos, los más preocupados por la IA",https://www.eldiario.net/portal/2026/09/30/trabajadores-bolivianos-los-mas-preocupados-por-la-ia-2/
El Diario,2026-09-30,06:50,La justicia en la actualidad,https://www.eldiario.net/portal/2026/09/30/la-justicia-en-la-actualidad/
El Diario,2026-09-30,06:51,"Cuando el mundo se fragmenta, Bolivia también está en riesgo",https://www.eldiario.net/portal/2026/09/30/cuando-el-mundo-se-fragmenta-bolivia-tambien-esta-en-riesgo/
El Deber,2026-09-30,06:52,Constructoras exigen a la Alcaldía Bs 400 millones por contratos pactados en dólares,https://eldeber.com.bo/santa-cruz/constructoras-exigen-alcaldia-bs-400-millones-contratos-pactados-dolares_1790765567
El Diario,2026-09-30,06:52,"Mientras el mundo innova, nosotros discutimos sobre chisme",https://www.eldiario.net/portal/2026/09/30/mientras-el-mundo-innova-nosotros-discutimos-sobre-chisme/
El Diario,2026-09-30,06:53,FC Universitario remonta a Guabirá en el Capriles,https://www.eldiario.net/portal/2026/09/30/fc-universitario-remonta-a-guabira-en-el-capriles/
El Diario,2026-09-30,06:54,La Verde llega a Córdoba luego de diez años,https://www.eldiario.net/portal/2026/09/30/la-verde-llega-a-cordoba-luego-de-diez-anos/
El Diario,2026-09-30,06:55,The Strongest y Always Ready van por otro gran paso en la Copa Bolivia,https://www.eldiario.net/portal/2026/09/30/the-strongest-y-always-ready-van-por-otro-gran-paso-en-la-copa-bolivia/
El Diario,2026-09-30,06:58,BOLIVIA VA POR EL HONOR EN CÓRDOBA,https://www.eldiario.net/portal/2026/09/30/bolivia-va-por-el-honor-en-cordoba/
Red Uno,2026-09-30,07:02,¡Aliste el paraguas! Senamhi pronostica lluvias y tormentas para este miércoles,https://www.reduno.com.bo/noticias/aliste-el-paraguas-senamhi-pronostica-lluvias-y-tormentas-para-este-miercoles-202693063433
Unitel,2026-09-30,07:02,"Restituyen servicio de agua en más de 10 barrios cruceños, pero vecinos advierten que la solución es temporal",https://unitel.bo/noticias/sociedad/restituyen-servicio-de-agua-en-mas-de-10-barrios-crucenos-pero-vecinos-advierten-que-la-solucion-es-temporal-NJ23809859
Unitel,2026-09-30,07:10,"Viacha: Después de 25 días de la tragedia, despiden con rituales y sepelios a los últimos soldados identificados en las explosiones",https://unitel.bo/noticias/sociedad/viacha-despues-de-25-dias-de-la-tragedia-despiden-con-rituales-y-sepelios-a-los-ultimos-soldados-identificados-en-las-explosiones-BJ23809877
El Deber,2026-09-30,07:13,Uno de los acribillados tenía que asistir a un juicio por narcotráfico,https://eldeber.com.bo/pais/uno-acribillados-tenia-asistir-juicio-narcotrafico_1790766788
Red Uno,2026-09-30,07:13,Alcalde de El Alto descarta subir los pasajes y anuncia controles contra el trameaje,https://www.reduno.com.bo/noticias/alcalde-de-el-alto-descarta-subir-los-pasajes-y-anuncia-controles-contra-el-trameaje-20269307020
Red Uno,2026-09-30,07:23,Caso Botrading: Armin Dorgathen enfrenta acusación y pedido de confiscación de bienes,https://www.reduno.com.bo/noticias/caso-botrading-armin-dorgathen-enfrenta-acusacion-y-pedido-de-confiscacion-de-bienes-202693064858
Vision 360,2026-09-30,07:23,Modelo de Desarrollo Cruceño: 1.300.000 descargas y una gran verdad,https://www.vision360.bo/noticias/2026/09/30/70146-modelo-de-desarrollo-cruceno-1300000-descargas-y-una-gran-verdad
Vision 360,2026-09-30,07:32,El hallazgo de habitaciones de lujo dentro de una cárcel desata polémica en Indonesia,https://www.vision360.bo/noticias/2026/09/30/70149-el-hallazgo-de-habitaciones-de-lujo-dentro-de-una-carcel-desata-polemica-en-indonesia
Unitel,2026-09-30,07:34,"Filas por gasolina en Cochabamba, surtidores sin el carburante en Santa Cruz mientras que la carga es regular en La Paz",https://unitel.bo/noticias/economia/filas-por-gasolina-en-cochabamba-surtidores-sin-el-carburante-en-santa-cruz-mientras-que-la-carga-es-regular-en-la-paz-DI23810298
La Razon,2026-09-30,07:37,Reaparecen las filas por gasolina en varias regiones del país,https://larazon.bo/economia-y-empresa/2026/09/30/reaparecen-las-filas-por-gasolina-en-varias-regiones-del-pais/
Red Uno,2026-09-30,07:42,“Tenemos que madrugar”: largas filas por gasolina vuelven a los surtidores de Santa Cruz,https://www.reduno.com.bo/noticias/tenemos-que-madrugar-largas-filas-por-gasolina-vuelven-a-los-surtidores-de-santa-cruz-202693072154
Unitel,2026-09-30,07:43,"Beller difunde ‘fotos’ de Cerimedo con el hijo de Donald Trump y su exjefe de campaña y pregunta si veto a Mariaca, ¿es una protección a la red Maga?",https://unitel.bo/noticias/politica/beller-difunde-fotos-de-cerimedo-con-el-hijo-de-donald-trump-y-su-exjefe-de-campana-y-pregunta-si-veto-a-mariaca-es-una-proteccion-a-la-red-maga-LJ23809013
Red Uno,2026-09-30,07:48,¡Oportunidad laboral! INE abre vacancias para la Encuesta de Hogares 2026,https://www.reduno.com.bo/noticias/oportunidad-laboral-ine-abre-vacancias-para-la-encuesta-de-hogares-2026-202693073153
Unitel,2026-09-30,07:50,La Paz activa mecanismos para “dar de baja” vehículos con problemas de transferencia y deudas de impuestos,https://unitel.bo/noticias/economia/la-paz-activa-mecanismos-para-dar-de-baja-vehiculos-con-problemas-de-transferencia-y-deudas-de-impuestos-CI23810460
Unitel,2026-09-30,07:51,"“Nos damos el lujo de no usar la capacidad ociosa de las refinerías”, cuestiona experto sobre política de combustibles",https://unitel.bo/noticias/economia/nos-damos-el-lujo-de-no-usar-la-capacidad-ociosa-de-las-refinerias-cuestiona-experto-sobre-politica-de-combustibles-DI23810614
Unitel,2026-09-30,07:56,¿Hasta cuándo lloverá en Santa Cruz? Conozca el reporte del Senamhi,https://unitel.bo/noticias/sociedad/hasta-cuando-llovera-en-santa-cruz-conozca-el-reporte-del-senamhi-JI23810494
Unitel,2026-09-30,07:59,Lluvias en Santa Cruz: Searpi activa alerta naranja y advierte sobre riesgos en cuencas del río Piraí,https://unitel.bo/noticias/sociedad/lluvias-en-santa-cruz-searpi-activa-alerta-naranja-y-advierte-sobre-riesgos-en-cuencas-del-rio-pirai-EI23810631
Vision 360,2026-09-30,08:00,Always Ready buscará reivindicarse y recuperar terreno en el torneo por series,https://www.vision360.bo/noticias/2026/09/30/70141-always-ready-buscara-reivindicarse-y-recuperar-terreno-en-el-torneo-por-series
Red Uno,2026-09-30,08:02,Gobernador Luis Revilla y su esposa se convierten en padrinos de trillizas nacidas en La Paz,https://www.reduno.com.bo/noticias/gobernador-luis-revilla-y-su-esposa-se-convierten-en-padrinos-de-trillizas-nacidas-en-la-paz-202693074815
Unitel,2026-09-30,08:02,"El Gobierno alista un “fondo de compensación” y bonos para que las alcaldías enfrenten la crisis, anuncia Manfred",https://unitel.bo/noticias/economia/el-gobierno-alista-un-fondo-de-compensacion-y-bonos-para-que-las-alcaldias-enfrenten-la-crisis-anuncia-manfred-LI23810597
El Deber,2026-09-30,08:06,Frío y posibles desbordes de ríos: el Senamhi activa dos alertas naranjas en cinco departamentos,https://eldeber.com.bo/pais/frio-posibles-desbordes-rios-senamhi-activa-dos-alertas-naranjas-cinco-departamentos_1790769176
La Razon,2026-09-30,08:06,Gobierno aguarda informes de EEUU para encarar acciones por bolivianos vetados,https://larazon.bo/nacional/2026/09/30/gobierno-aguarda-informes-de-eeuu-para-encarar-acciones-por-bolivianos-vetados/
Vision 360,2026-09-30,08:08,Premio de Periodismo con Perspectiva de Género amplía su alcance a América Latina y reconoce 13 trabajos,https://www.vision360.bo/noticias/2026/09/30/70152-premio-de-periodismo-con-perspectiva-de-genero-amplia-su-alcance-a-america-latina-y-reconoce-13-trabajos
El Deber,2026-09-30,08:09,Por qué tener poca grasa corporal es perjudicial,https://eldeber.com.bo/bbc/por-que-tener-poca-grasa-corporal-es-perjudicial-20269307920
Opinion,2026-09-30,08:13,Consejo de la Magistratura pide modificar la Ley 025 por limitaciones para sancionar jueces,https://www.opinion.com.bo/pais/consejo-magistratura-pide-modificar-ley-025-limitaciones-sancionar-jueces/20260930081310996882.html
La Razon,2026-09-30,08:16,Lara viaja a Madrid para participar en foro parlamentario iberoamericano,https://larazon.bo/nacional/2026/09/30/lara-viaja-a-madrid-para-participar-en-foro-parlamentario-iberoamericano/
La Razon,2026-09-30,08:18,México rescata empate 1-1 en partido amistoso ante Perú,https://larazon.bo/marcas/2026/09/30/mexico-rescata-empate-1-1-en-partido-amistoso-ante-peru/
Los Tiempos,2026-09-30,08:18,"Vuelo de flydubai a Israel, desviado por pelea entre pilotos",https://www.lostiempos.com/actualidad/mundo/20260930/vuelo-flydubai-israel-desviado-pelea-pilotos
Opinion,2026-09-30,08:19,Nilton Condori plantea crear el “Movimiento Popular del Pueblo”,https://www.opinion.com.bo/pais/nilton-condori-plantea-crear-movimiento-popular-pueblo/20260930081911996883.html
Red Uno,2026-09-30,08:21,Pasajeros esperan bajo la lluvia y micros escasean en Santa Cruz: ¿hasta cuándo durará el mal tiempo?,https://www.reduno.com.bo/noticias/pasajeros-esperan-bajo-la-lluvia-y-micros-escasean-en-santa-cruz-hasta-cuando-durara-el-mal-tiempo-202693074040
La Razon,2026-09-30,08:24,"Los jovencitos de ‘Poch’, una promisoria EEUU vence a Chile",https://larazon.bo/marcas/2026/09/30/los-jovencitos-de-poch-una-promisoria-eeuu-vence-a-chile/
Vision 360,2026-09-30,08:24,Gobierno avanza en la política de ajuste: libera la importación de gasolina de aviación y deja su precio al mercado,https://www.vision360.bo/noticias/2026/09/30/70155-gobierno-avanza-en-la-politica-de-ajuste-libera-la-importacion-de-gasolina-de-aviacion-y-deja-su-precio-al-mercado
El Deber,2026-09-30,08:26,Tensiones entre Chile y Argentina por el control del Estrecho de Magallanes,https://eldeber.com.bo/rfi/tensiones-entre-chile-y-argentina-por-el-control-del-estrecho-de-magallanes-20269305595
Vision 360,2026-09-30,08:30,La selección de Bolivia tendrá su segunda prueba ante la subcampeona mundial este miércoles,https://www.vision360.bo/noticias/2026/09/30/70144-la-seleccion-de-bolivia-tendra-su-segunda-prueba-ante-la-subcampeona-mundial-este-miercoles
Red Uno,2026-09-30,08:31,“Es el único camino”: Alarcón plantea juicio de responsabilidades ante señalamientos contra Roger Mariaca,https://www.reduno.com.bo/noticias/es-el-unico-camino-alarcon-plantea-juicio-de-responsabilidades-ante-senalamientos-contra-roger-mariaca-2026930882
El Deber,2026-09-30,08:33,Tennessee se prepara para ejecutar a una mujer por primera vez en 200 años,https://eldeber.com.bo/rfi/tennessee-se-prepara-para-ejecutar-a-una-mujer-por-primera-vez-en-200-anos-202693082738
La Razon,2026-09-30,08:33,La antorcha de Los Ángeles 2028 recorrerá los 50 estados de EEUU,https://larazon.bo/marcas/2026/09/30/la-antorcha-de-los-angeles-2028-recorrera-los-50-estados-de-eeuu/
Diez,2026-09-30,08:36,Bolivia va por una prueba de alto nivel ante Argentina,https://diez.bo/futbol/bolivia-va-por-una-prueba-de-alto-nivel-ante-argentina_1790771790
La Razon,2026-09-30,08:36,Tránsito suspende salidas hacia Los Yungas por intensa nevada,https://larazon.bo/sociedad/2026/09/30/transito-suspende-salidas-hacia-los-yungas-por-intensa-nevada/
Diez,2026-09-30,08:40,Oriente quiere volver a la cima a costa del Tigre,https://diez.bo/futbol/oriente-quiere-volver-a-la-cima-a-costa-del-tigre_1790772043
La Razon,2026-09-30,08:40,Culpabilidad del City causa conmoción en calles de Mánchester,https://larazon.bo/marcas/2026/09/30/culpabilidad-del-city-causa-conmocion-en-calles-de-manchester/
Red Uno,2026-09-30,08:40,Así fue la caída del tinglado que dejó heridos en San Juan del Piraí | VIDEO,https://www.reduno.com.bo/noticias/asi-fue-la-caida-del-tinglado-que-dejo-heridos-en-san-juan-del-pirai-video-202693075552
El Deber,2026-09-30,08:41,"""Todos los pasajeros gritaban"": un avión rumbo a Israel es desviado tras una presunta pelea entre pilotos en la que uno fue apuñalado",https://eldeber.com.bo/bbc/-todos-los-pasajeros-gritaban-un-avion-rumbo-a-israel-es-desviado-tras-una-presunta-pelea-entre-pilotos-en-la-que-uno-fue-apunalado-202693085156
El Deber,2026-09-30,08:45,EE.UU. se retira completamente de Irak tras 20 años de presencia militar: cómo deja el país y qué ocurrirá ahora,https://eldeber.com.bo/bbc/ee-uu-se-retira-completamente-de-irak-tras-20-anos-de-presencia-militar-como-deja-el-pais-y-que-ocurrira-ahora-202693003232
La Razon,2026-09-30,08:51,¿Qué se juega el fútbol de Brasil ante el fin de apuestas en línea?,https://larazon.bo/marcas/2026/09/30/que-se-juega-el-futbol-de-brasil-ante-el-fin-de-apuestas-en-linea/
Vision 360,2026-09-30,08:51,Gobierno toma con “mucha seriedad” sanciones de EEUU a autoridades bolivianas y considera que “tienen sustento”,https://www.vision360.bo/noticias/2026/09/30/70161-gobierno-toma-con-mucha-seriedad-sanciones-de-eeuu-a-autoridades-bolivianas-y-considera-que-tienen-sustento
Diez,2026-09-30,08:55,Sin lesionados: Blooming prepara un duelo decisivo,https://diez.bo/blooming/sin-lesionados-blooming-prepara-un-duelo-decisivo_1790772950
Opinion,2026-09-30,08:55,Dictan 20 años de cárcel para hombre por violación de sus dos hijastras,https://www.opinion.com.bo/policial/dictan-20-anos-carcel-hombre-violacion-dos-hijastras/20260930085531996884.html
La Razon,2026-09-30,08:57,Paz se reúne con gobernadores para avanzar en el 50/50,https://larazon.bo/nacional/2026/09/30/paz-se-reune-con-gobernadores-para-avanzar-en-el-50-50/
Red Uno,2026-09-30,08:57,“Los sueldos ya no alcanzan”: maestros anuncian marcha y exigen abrogar el Decreto 5716,https://www.reduno.com.bo/noticias/los-sueldos-ya-no-alcanzan-maestros-anuncian-marcha-y-exigen-abrogar-el-decreto-5716-202693083534
El Deber,2026-09-30,08:58,"Las elecciones brasileñas, algo más que un juego de dos",https://eldeber.com.bo/mundo/elecciones-brasilenas-algo-juego-dos_1790773136
Vision 360,2026-09-30,08:58,"Trump ordena que su Gobierno use el término ""superinteligencia"" para referirse a la IA",https://www.vision360.bo/noticias/2026/09/30/70170-trump-ordena-que-su-gobierno-use-el-termino-superinteligencia-para-referirse-a-la-ia
Vision 360,2026-09-30,09:00,"Raphinha, liberado de la Canarinha por una lesión leve, regresa a Barcelona",https://www.vision360.bo/noticias/2026/09/30/70158-raphinha-liberado-de-la-canarinha-por-una-lesion-leve-regresa-a-barcelona
La Razon,2026-09-30,09:01,Brasil pierde a Raphinha para amistoso contra India,https://larazon.bo/marcas/2026/09/30/brasil-pierde-a-raphinha-para-amistoso-contra-india/
Unitel,2026-09-30,09:02,Aulas y pasillos de módulo educativo cruceño se inundan y maestro dice que teme colapso del techo,https://unitel.bo/noticias/sociedad/aulas-y-pasillos-de-modulo-educativo-cruceno-se-inundan-y-maestro-dice-que-teme-colapso-del-techo-HI23811574
Unitel,2026-09-30,09:02,Tensión y empujones en el Concejo Municipal entre dirigentes del transporte urbano y vecinos por tarifa del pasaje,https://unitel.bo/noticias/sociedad/tension-y-empujones-en-el-concejo-municipal-entre-dirigentes-del-transporte-urbano-y-vecinos-por-tarifa-del-pasaje-MI23811591
Unitel,2026-09-30,09:12,Las alcaldías de capitales y el Alto urgen a Paz que el modelo 50-50 se aplique en el presupuesto de 2027,https://unitel.bo/noticias/economia/las-alcaldias-de-capitales-y-el-alto-urgen-a-paz-que-el-modelo-50-50-se-aplique-en-el-presupuesto-de-2027-DI23812045
Diez,2026-09-30,09:13,Blooming aclara la situación con Erwin Sánchez tras su salida del club,https://diez.bo/futbol/blooming-aclara-la-situacion-con-erwin-sanchez-tras-su-salida-del-club_1790773841
Vision 360,2026-09-30,09:13,"Pekín promete ""responder con firmeza"" si la UE aplica nuevas medidas contra comercio chino",https://www.vision360.bo/noticias/2026/09/30/70173-pekin-promete-responder-con-firmeza-si-la-ue-aplica-nuevas-medidas-contra-comercio-chino
La Razon,2026-09-30,09:14,Scaloni: ‘hay predisposición de las partes» para seguir en Argentina,https://larazon.bo/marcas/2026/09/30/scaloni-hay-predisposicion-de-las-partes-para-seguir-en-argentina/
El Diario,2026-09-30,09:17,Se socializa la Ley del Litio del Salar de Uyuni,https://www.eldiario.net/portal/2026/09/30/se-socializa-la-ley-del-litio-del-salar-de-uyuni-0915/
El Diario,2026-09-30,09:20,Marcha de maestros recorrerá Santa Cruz este jueves,https://www.eldiario.net/portal/2026/09/30/marcha-de-maestros-recorrera-santa-cruz-este-jueves-0920/
Red Uno,2026-09-30,09:20,Transportistas se reúnen con autoridades del Concejo para debatir tarifa transitoria: “No queremos castigar al pueblo”,https://www.reduno.com.bo/noticias/transportistas-se-reunen-con-autoridades-del-concejo-por-tarifa-transitoria-no-queremos-castigar-al-pueblo-2026930988
ANF,2026-09-30,09:27,"Trump quita hierro al programa nuclear de Corea del Norte y destaca que Kim Jong Un es ""su amigo""",https://www.noticiasfides.com/mundo/trump-quita-hierro-al-programa-nuclear-de-corea-del-norte-y-destaca-que-kim-jong-un-es-su-amigo
Diez,2026-09-30,09:27,"Raphinha, liberado por Brasil por una lesión, regresa a Barcelona",https://diez.bo/futbol/raphinha-liberado-por-brasil-por-una-lesion-regresa-a-barcelona_1790774878
ANF,2026-09-30,09:29,EEUU completa la retirada de tropas de Irak y pone fin a la coalición que combatió 12 años a Estado Islámico,https://www.noticiasfides.com/mundo/eeuu-completa-la-retirada-de-tropas-de-irak-y-pone-fin-a-la-coalicion-que-combatio-12-anos-a-estado-islamico
ANF,2026-09-30,09:29,EEUU completa la retirada de tropas de Irak y pone fin a la coalición que combatió 12 años al Estado Islámico,https://www.noticiasfides.com/mundo/eeuu-completa-la-retirada-de-tropas-de-irak-y-pone-fin-a-la-coalicion-que-combatio-12-anos-al-estado-islamico
Vision 360,2026-09-30,09:30,"La autoridad de España, el impacto de Zidane y las dudas de Klopp",https://www.vision360.bo/noticias/2026/09/30/70164-la-autoridad-de-espana-el-impacto-de-zidane-y-las-dudas-de-klopp
ANF,2026-09-30,09:31,Estados Unidos anuncia que pronto lanzará otra lista con 20 funcionarios bolivianos corruptos,https://www.noticiasfides.com/nacional/seguridad/estados-unidos-anuncia-que-pronto-lanzara-otra-lista-con-20-funcionarios-bolivianos-corruptos
ANF,2026-09-30,09:33,"China pide a EEUU e Irán que retomen el memorando de entendimiento y reanuden el diálogo ""lo antes posible""",https://www.noticiasfides.com/mundo/china-pide-a-eeuu-e-iran-que-retomen-el-memorando-de-entendimiento-y-reanuden-el-dialogo-lo-antes-posible
Diez,2026-09-30,09:34,"Una década después, la Verde se reencuentra con el Kempes",https://diez.bo/futbol/una-decada-despues-la-verde-se-reencuentra-con-el-kempes_1790775279
La Razon,2026-09-30,09:36,Gobierno libera importación de gasolina de aviación y deja su precio al mercado,https://larazon.bo/economia-y-empresa/2026/09/30/gobierno-libera-importacion-de-gasolina-de-aviacion-y-deja-su-precio-al-mercado/
Unitel,2026-09-30,09:39,¿Desvío de gasolina en Potosí? Anuncian la destitución del responsable de YPFB en medio de la crisis de combustibles,https://unitel.bo/noticias/economia/desvio-de-gasolina-en-potosi-anuncian-la-destitucion-del-responsable-de-ypfb-en-medio-de-la-crisis-de-combustibles-II23813391
ERBOL,2026-09-30,09:43,Manfred Reyes Villa: “recursos UPRE tienen que pasar a las alcaldías”,https://erbol.com.bo/econom%C3%ADa/manfred-reyes-villa-%E2%80%9Crecursos-upre-tienen-que-pasar-las-alcald%C3%ADas%E2%80%9D
Los Tiempos,2026-09-30,09:47,Cochabamba con un día nublado; tendrá una temperatura máxima de 22 grados,https://www.lostiempos.com/actualidad/cochabamba/20260930/cochabamba-dia-nublado-tendra-temperatura-maxima-22-grados
El Diario,2026-09-30,09:54,Gobierno libera importación de gasolina de aviación y fija arancel cero hasta 2027,https://www.eldiario.net/portal/2026/09/30/gobierno-libera-importacion-de-gasolina-de-aviacion-y-fija-arancel-cero-hasta-2027-0955/
El Diario,2026-09-30,09:57,Nevadas afectan La Cumbre y Japo Kasa; suspenden salidas a Los Yungas,https://www.eldiario.net/portal/2026/09/30/nevadas-afectan-la-cumbre-y-japo-kasa-suspenden-salidas-a-los-yungas-0955/
Opinion,2026-09-30,09:58,YPFB Y Cámara de Transporte acuerdan garantizar el traslado de diésel y gasolina en el país,https://www.opinion.com.bo/pais/ypfb-camara-transporte-acuerdan-garantizar-traslado-diesel-gasolina-pais/20260930095850996886.html
Vision 360,2026-09-30,09:58,El primer ministro británico no descarta que el Reino Unido regrese a la Unión Europea,https://www.vision360.bo/noticias/2026/09/30/70176-el-primer-ministro-britanico-no-descarta-que-el-reino-unido-regrese-a-la-union-europea
El Deber,2026-09-30,09:59,Alcaldesa de Sucre pide redistribución diferenciada de recursos por “extrema pobreza” en algunos municipios,https://eldeber.com.bo/pais/alcaldesa-sucre-pide-redistribucion-diferenciada-recursos-extrema-pobreza-algunos-municipios_1790774745
Unitel,2026-09-30,09:59,"Por nevadas y riesgo en la vía, Tránsito frena temporalmente el viaje hacia Los Yungas",https://unitel.bo/noticias/sociedad/por-nevadas-y-riesgo-en-la-via-transito-frena-temporalmente-el-viaje-hacia-los-yungas-FI23812654
El Deber,2026-09-30,10:00,Artesanas chiquitanas mantienen viva su cultura a través de sus manos,https://eldeber.com.bo/para-ellas/artesanas-chiquitanas-mantienen-viva-cultura-traves-manos_1790719470
El Deber,2026-09-30,10:00,Una cruceña al frente del Banco Central de Bolivia,https://eldeber.com.bo/para-ellas/crucena-frente-banco-central-bolivia_1790720364
El Deber,2026-09-30,10:00,Moda: Patrimonio de Los Hijos de Ramón,https://eldeber.com.bo/para-ellas/patrimonio-hijos-ramon_1790721666
El Deber,2026-09-30,10:00,Cómo preparar sopas frías y deliciosas,https://eldeber.com.bo/para-ellas/sopas-frias-deliciosas_1790723130
El Deber,2026-09-30,10:00,"Primero mirar, después elegir y finalmente aprender a comer",https://eldeber.com.bo/para-ellas/primero-mirar-despues-elegir-finalmente-aprender-comer_1790724013
Red Uno,2026-09-30,10:00,Le habrían pagado Bs 30 por un servicio: aprehendido niega participación en crimen de librecambista,https://www.reduno.com.bo/noticias/le-habrian-pagado-bs-30-por-un-servicio-aprehendido-niega-participacion-en-crimen-de-librecambista-20269308210
Red Uno,2026-09-30,10:00,¿Hacer las compras cuesta más?: Estos son los precios de las verduras,https://www.reduno.com.bo/noticias/hacer-las-compras-cuesta-mas-estos-son-los-precios-de-las-verduras-202693084758
La Razon,2026-09-30,10:05,‘El 50/50 avanza poco’: Manfred dice que Gobierno alista fondo de compensación y bonos,https://larazon.bo/nacional/2026/09/30/manfred-el-50-50-avanza-poco-y-alcaldias-priorizan-su-crisis-financiera/
El Deber,2026-09-30,10:07,Chofer que trasladó a los asesinos de un librecambista tiene antecedentes por robo agravado y abuso sexual,https://eldeber.com.bo/santa-cruz/chofer-traslado-asesinos-librecambista-tiene-antecedentes-robo-agravado-abuso-sexual_1790775068
Vision 360,2026-09-30,10:08,"Once años después, Djokovic sigue sin perder en Pekín y avanza a octavos",https://www.vision360.bo/noticias/2026/09/30/70179-once-anos-despues-djokovic-sigue-sin-perder-en-pekin-y-avanza-a-octavos
La Razon,2026-09-30,10:09,YPFB logra acuerdo con Campetrol y garantiza traslado de combustibles,https://larazon.bo/economia-y-empresa/2026/09/30/ypfb-logra-acuerdo-con-campetrol-y-garantiza-traslado-de-combustibles/
Red Uno,2026-09-30,10:09,Capturan a dos presuntos abigeatistas infraganti y buscan a seis cómplices que lograron escapar,https://www.reduno.com.bo/noticias/capturan-a-dos-presuntos-abigeatistas-infraganti-y-buscan-a-seis-complices-que-lograron-escapar-202693094430
Diez,2026-09-30,10:11,Atención Bolivia: Gambia llega envalentonada al Tahuichi,https://diez.bo/futbol/atencion-bolivia-gambia-llega-envalentonada-al-tahuichi_1790777485
Unitel,2026-09-30,10:12,Gobernadores se reúnen con Rodrigo Paz para abordar de forma técnica el modelo 50-50,https://unitel.bo/noticias/politica/gobernadores-se-reunen-con-rodrigo-paz-para-abordar-de-forma-tecnica-el-modelo-50-50-JI23812946
El Diario,2026-09-30,10:13,Sujeto amenaza con arma blanca a pasajeros de un minibús en La Paz,https://www.eldiario.net/portal/2026/09/30/sujeto-amenaza-con-arma-blanca-a-pasajeros-de-un-minibus-en-la-paz-1013/
Red Uno,2026-09-30,10:13,Gasolina de aviación: qué cambia con el nuevo decreto y cómo funcionará la importación,https://www.reduno.com.bo/noticias/gasolina-de-aviacion-que-cambia-con-el-nuevo-decreto-y-como-funcionara-la-importacion-2026930950
Unitel,2026-09-30,10:14,Santa Cruz: aprehenden a dos abigeatistas en Cotoca y secuestran un vehículo con más de 100 kilos de carne,https://unitel.bo/noticias/seguridad/santa-cruz-aprehenden-a-dos-abigeatistas-en-cotoca-y-secuestran-un-vehiculo-con-mas-de-100-kilos-de-carne-DI23813011
Vision 360,2026-09-30,10:14,Luzmila Carpio recibirá el Premio a la Excelencia Profesional WOMEX 26,https://www.vision360.bo/noticias/2026/09/30/70167-luzmila-carpio-recibira-el-premio-a-la-excelencia-profesional-womex-26
ANF,2026-09-30,10:17,"A casi un mes, Lara asegura que la Fiscalía aún no respondió si aceptó o no la denuncia contra la primera dama",https://www.noticiasfides.com/nacional/politica/a-casi-un-mes-lara-asegura-que-la-fiscalia-aun-no-respondio-si-acepto-o-no-la-denuncia-contra-la-primera-dama
Diez,2026-09-30,10:19,Oriente Petrolero busca recuperarse ante The Strongest: “Las tres unidades se queden con nosotros”,https://diez.bo/futbol/oriente-petrolero-busca-recuperarse-ante-the-strongest-las-tres-unidades-se-queden-con-nosotros_1790777952
ANF,2026-09-30,10:22,IASA consolida su liderazgo agroindustrial inaugurando su Centro de Acopio y almacenes agrícolas en San Ignacio,https://www.noticiasfides.com/and/iasa-consolida-su-liderazgo-agroindustrial-inaugurando-su-centro-de-acopio-y-almacenes-agricolas-en-san-ignacio
ANF,2026-09-30,10:23,La academia fortalece su papel en el cumplimiento de los ODS en Bolivia,https://www.noticiasfides.com/innovacion-y-educacion/la-academia-fortalece-su-papel-en-el-cumplimiento-de-los-ods-en-bolivia
El Deber,2026-09-30,10:28,Santa Cruz de la Sierra propone el “30-13-7” y busca cambiar el reparto de recursos desde 2027,https://eldeber.com.bo/santa-cruz/santa-cruz-sierra-propone-30-13-7-busca-cambiar-reparto-recursos-2027_1790773830
Red Uno,2026-09-30,10:28,Alerta internacional destapó caso de abuso contra dos menores en Sacaba,https://www.reduno.com.bo/noticias/alerta-internacional-destapo-caso-de-abuso-contra-dos-menores-en-sacaba-202693082740
Unitel,2026-09-30,10:30,Flydubai confirma un 'altercado en la cabina' de vuelo hacia Israel y pide no especular,https://unitel.bo/noticias/mundo/flydubai-confirma-un-altercado-en-la-cabina-de-vuelo-hacia-israel-y-pide-no-especular-PI23812863
Vision 360,2026-09-30,10:31,Fondo de compensación y bonos del Tesoro: los alivios del Gobierno para dar liquidez a las alcaldías y permitirles cerrar 2026,https://www.vision360.bo/noticias/2026/09/30/70182-fondo-de-compensacion-y-bonos-del-tesoro-los-alivios-del-gobierno-para-dar-liquidez-a-las-alcaldias-y-permitirles-cerrar-2026
Red Uno,2026-09-30,10:32,Cochabamba: conductores esperan horas en surtidores para abastecerse de gasolina,https://www.reduno.com.bo/noticias/cochabamba-conductores-esperan-horas-en-surtidores-para-abastecerse-de-gasolina-202693084840
La Razon,2026-09-30,10:35,Ruta Oruro-Cochabamba sigue habilitada pese a nieve y neblina,https://larazon.bo/sociedad/2026/09/30/ruta-oruro-cochabamba-sigue-habilitada-pese-a-nieve-y-neblina/
La Razon,2026-09-30,10:37,"Tras acuerdo con transporte de combustibles, YPFB espera reducir filas en surtidores",https://larazon.bo/economia-y-empresa/2026/09/30/tras-acuerdo-con-transporte-de-combustibles-ypfb-espera-reducir-filas-en-surtidores/
Red Uno,2026-09-30,10:37,Paz recibe a los gobernadores para abordar el impacto del diésel y avanzar en el 50/50,https://www.reduno.com.bo/noticias/paz-recibe-a-los-gobernadores-para-abordar-el-impacto-del-diesel-y-avanzar-en-el-50-50-2026930102451
Unitel,2026-09-30,10:42,Velasco dice que gobernaciones no aceptarán coparticipación tributaria menor al 15%,https://unitel.bo/noticias/politica/velasco-dice-que-gobernaciones-no-aceptaran-coparticipacion-tributaria-menor-al-15-II23813795
El Deber,2026-09-30,10:45,Israel investiga como ataque terrorista el incidente del vuelo Dubái-Tel Aviv,https://eldeber.com.bo/rfi/israel-investiga-como-ataque-terrorista-el-incidente-del-vuelo-dubai-tel-aviv-20269308354
El Diario,2026-09-30,10:45,Vientos derriban planta semillera estatal en Santa Cruz y dejan al menos 7 heridos,https://www.eldiario.net/portal/2026/09/30/vientos-derriban-planta-semillera-estatal-en-santa-cruz-y-dejan-al-menos-7-heridos-1046/
Unitel,2026-09-30,10:48,Delincuentes roban en una tienda del centro paceño y se llevan Bs 40.000,https://unitel.bo/noticias/seguridad/delincuentes-roban-en-una-tienda-del-centro-paceno-y-se-llevan-bs-40000-NI23813961
El Deber,2026-09-30,10:50,Juez dicta que expresidente Arce siga en prisión preventiva,https://eldeber.com.bo/pais/juez-dicta-expresidente-arce-siga-prision-preventiva_1790779836
Los Tiempos,2026-09-30,10:52,Restricción de visas: El Gobierno oficializó la solicitud de información a EEUU y deja el futuro de Mariaca a la ALP,https://www.lostiempos.com/actualidad/pais/20260930/restriccion-visas-gobierno-oficializo-solicitud-informacion-eeuu-deja
El Deber,2026-09-30,10:55,Ministro de Trabajo insta a no hacer caso al ultimátum de Evo y lo tilda de “tirano sindical”,https://eldeber.com.bo/pais/ministro-trabajo-insta-no-hacer-caso-ultimatum-evo-tilda-tirano-sindical_1790779962
La Razon,2026-09-30,10:55,Bomberos activa alerta por lluvias y granizada en Santa Cruz,https://larazon.bo/sociedad/2026/09/30/bomberos-activa-alerta-por-lluvias-y-granizada-en-santa-cruz/
Los Tiempos,2026-09-30,10:57,Manfred anunció que el Gobierno alista un “fondo de compensación” y bonos para que las alcaldías enfrenten la crisis,https://www.lostiempos.com/actualidad/pais/20260930/manfred-anuncio-que-gobierno-alista-fondo-compensacion-bonos-que-alcaldias
Unitel,2026-09-30,10:57,"En presencia de gobernadores, Paz promulga la ley que devuelve el pago de prediarios y el bono de vacunación al Gobierno",https://unitel.bo/noticias/politica/en-presencia-de-gobernadores-paz-promulga-la-ley-que-devuelve-el-pago-de-prediarios-y-el-bono-de-vacunacion-al-gobierno-BI23814261
Los Tiempos,2026-09-30,11:00,Paz y los gobernadores se reúnen este miércoles para avanzar en el 50/50,https://www.lostiempos.com/actualidad/pais/20260930/paz-gobernadores-se-reunen-este-miercoles-avanzar-5050
Vision 360,2026-09-30,11:00,"Putin llama a la cámara de diputados rusa a ""hacer todo por la victoria"" en Ucrania",https://www.vision360.bo/noticias/2026/09/30/70185-putin-llama-a-la-camara-de-diputados-rusa-a-hacer-todo-por-la-victoria-en-ucrania
La Razon,2026-09-30,11:01,Paz promulga ley que libera a gobernaciones del pago de prediarios,https://larazon.bo/nacional/2026/09/30/paz-promulga-ley-que-libera-a-gobernaciones-del-pago-de-prediarios/
Unitel,2026-09-30,11:01,Video muestra los momentos de pánico en medio del altercado entre pilotos en vuelo de Flydubai,https://unitel.bo/noticias/mundo/video-muestra-los-momentos-de-panico-en-medio-del-altercado-entre-pilotos-en-vuelo-de-flydubai-LI23814483
El Deber,2026-09-30,11:03,Estados Unidos refuerza sus sanciones contra Cuba apuntando a una máxima cautela,https://eldeber.com.bo/rfi/estados-unidos-refuerza-sus-sanciones-contra-cuba-apuntando-a-una-maxima-cautela-202693065040
El Deber,2026-09-30,11:06,Paz promulga la ley que libera a las gobernaciones del pago de prediarios y bono de vacunación,https://eldeber.com.bo/pais/paz-promulga-ley-libera-gobernaciones-pago-prediarios-bono-vacunacion_1790780741
El Diario,2026-09-30,11:12,Filas y bloqueos por falta de gasolina; YPFB atribuye el problema al transporte,https://www.eldiario.net/portal/2026/09/30/filas-y-bloqueos-por-falta-de-gasolina-ypfb-atribuye-el-problema-al-transporte-1112/
Unitel,2026-09-30,11:14,“No soy del Gobierno de EEUU”: Oviedo dice que desconoce los nombres de la nueva lista de vetados por la Casa Blanca,https://unitel.bo/noticias/politica/no-soy-del-gobierno-de-eeuu-oviedo-dice-que-desconoce-los-nombres-de-la-nueva-lista-de-vetados-por-la-casa-blanca-LI23814690
Vision 360,2026-09-30,11:14,China anuncia subsidios a intereses hipotecarios por primera vez y avanza medidas de apoyo,https://www.vision360.bo/noticias/2026/09/30/70191-china-anuncia-subsidios-a-intereses-hipotecarios-por-primera-vez-y-avanza-medidas-de-apoyo
Vision 360,2026-09-30,11:14,El deporte ecuestre boliviano festeja una medalla que tardó casi 50 años en conquistar,https://www.vision360.bo/noticias/2026/09/30/70188-el-deporte-ecuestre-boliviano-festeja-una-medalla-que-tardo-casi-50-anos-en-conquistar
Diez,2026-09-30,11:19,El deporte ecuestre boliviano festeja una medalla que tardó casi 50 años en conquistar,https://diez.bo/multideportivo/el-deporte-ecuestre-boliviano-festeja-una-medalla-que-tardo-casi-50-anos-en-conquistar_1790781549
ANF,2026-09-30,11:21,"JP asegura que sigue existiendo un subsidio al diésel, porque el precio internacional está sobre los Bs 22",https://www.noticiasfides.com/economia/jp-asegura-que-sigue-existiendo-un-subsidio-al-diesel-porque-el-precio-internacional-esta-sobre-los-bs-22
Red Uno,2026-09-30,11:22,ABC advierte a conductores por nevada y neblina en la ruta Oruro-Cochabamba,https://www.reduno.com.bo/noticias/abc-advierte-a-conductores-por-nevada-y-neblina-en-la-ruta-oruro-cochabamba-202693091735
Unitel,2026-09-30,11:22,"Exdiputado dice que tiene documentos de que esposa, cuñada y suegro de Rodrigo Paz tienen actividades en Boca Ratón",https://unitel.bo/noticias/politica/exdiputado-dice-que-tiene-documentos-de-que-esposa-cunada-y-suegro-de-rodrigo-paz-tienen-actividades-en-boca-raton-PI23814957
Vision 360,2026-09-30,11:24,Irán dice haber recibido una propuesta de EEUU tras rechazo de Trump a su plan,https://www.vision360.bo/noticias/2026/09/30/70197-iran-dice-haber-recibido-una-propuesta-de-eeuu-tras-rechazo-de-trump-a-su-plan
La Razon,2026-09-30,11:25,Magistratura no puede destituir jueces por límites de la Ley 025 y pide reformarla,https://larazon.bo/nacional/2026/09/30/magistratura-no-puede-destituir-jueces-por-limites-de-la-ley-025-y-pide-reformarla/
Red Uno,2026-09-30,11:26,¿Hasta cuándo se quedará el ‘surcito’ en Santa Cruz? Esto dice el pronóstico,https://www.reduno.com.bo/noticias/hasta-cuando-se-quedara-el-surcito-en-santa-cruz-esto-dice-el-pronostico-202693011724
El Deber,2026-09-30,11:29,“No tienen cara para exigir”: fuerte cruce entre concejales y transportistas por el pasaje urbano,https://eldeber.com.bo/santa-cruz/no-tienen-cara-exigir-fuerte-cruce-concejales-transportistas-pasaje-urbano_1790781790
ANF,2026-09-30,11:30,"""Julio Vargas, miembro del directorio de la UPB, resalta legado educativo de Julio León Prado""",https://www.noticiasfides.com/and/julio-vargas-miembro-del-directorio-de-la-upb-resalta-legado-educativo-de-julio-leon-prado
La Razon,2026-09-30,11:33,Paz envía Ley de Electricidad al Parlamento y alista normativas para Hidrocarburos,https://larazon.bo/economia-y-empresa/2026/09/30/paz-envia-ley-de-electricidad-al-parlamento-y-alista-normativas-para-hidrocarburos/
Opinion,2026-09-30,11:33,Paz promulga ley que libera a las gobernaciones del pago de prediarios,https://www.opinion.com.bo/pais/paz-promulga-ley-que-libera-gobernaciones-pago-prediarios/20260930113321996888.html
El Diario,2026-09-30,11:35,Comisión de Diputados fortalece agenda de cooperación con Chile,https://www.eldiario.net/portal/2026/09/30/comision-de-diputados-fortalece-agenda-de-cooperacion-con-chile/
Vision 360,2026-09-30,11:35,Rusia rechaza liberar a presos políticos a cambio de levantamiento de sanciones de EEUU,https://www.vision360.bo/noticias/2026/09/30/70200-rusia-rechaza-liberar-a-presos-politicos-a-cambio-de-levantamiento-de-sanciones-de-eeuu
El Deber,2026-09-30,11:36,Delincuentes amenazan con cuchillo y arma de fuego a un joven y le roban su motocicleta,https://eldeber.com.bo/santa-cruz/delincuentes-amenazan-cuchillo-arma-fuego-joven-le-roban-motocicleta_1790781632
El Diario,2026-09-30,11:38,Israel investiga como ataque terrorista incidente en vuelo,https://www.eldiario.net/portal/2026/09/30/israel-investiga-como-ataque-terrorista-incidente-en-vuelo/
Diez,2026-09-30,11:39,"Guardiola muestra todo su apoyo al Manchester City: ""Superaremos esto juntos""",https://diez.bo/futbol/guardiola-muestra-todo-su-apoyo-al-manchester-city-superaremos-esto-juntos_1790782761
Red Uno,2026-09-30,11:39,Municipio cruceño plantea cambios en la distribución de recursos,https://www.reduno.com.bo/noticias/municipio-cruceno-plantea-cambios-en-la-distribucion-de-recursos-202693093641
Los Tiempos,2026-09-30,11:42,Cochabamba exige recursos y 570 ítems ante riesgo de afectar servicios de salud,https://www.lostiempos.com/actualidad/cochabamba/20260930/cochabamba-exige-recursos-570-items-riesgo-afectar-servicios-salud
El Diario,2026-09-30,11:44,Fiscalía acusa a Armin Dorgathen y otras nueve personas,https://www.eldiario.net/portal/2026/09/30/fiscalia-acusa-a-armin-dorgathen-y-otras-nueve-personas/
Opinion,2026-09-30,11:45,"¡Alerta para ´La Verde´! CONMEBOL podría tener solo 3,5 cupos para el Mundial 2030",https://www.opinion.com.bo/deportes/alerta-verde-conmebol-podria-tener-solo-35-cupos-mundial-2030/20260930114511996890.html
El Deber,2026-09-30,11:46,JP Velasco: “El diésel ya está” en Santa Cruz y ahora la Gobernación busca resolver la falta de gasolina,https://eldeber.com.bo/economia/jp-velasco-diesel-esta-santa-cruz-ahora-gobernacion-busca-resolver-falta-gasolina_1790782215
El Diario,2026-09-30,11:46,Feria mostrará talentos de centros de acogida,https://www.eldiario.net/portal/2026/09/30/feria-mostrara-talentos-de-centros-de-acogida/
Red Uno,2026-09-30,11:46,Fuerzas de élite y mayor control: buscan reforzar seguridad en Santa Cruz y Beni,https://www.reduno.com.bo/noticias/fuerzas-de-elite-y-mayor-control-buscan-reforzar-seguridad-en-santa-cruz-y-beni-202693010155
El Diario,2026-09-30,11:48,Suspenden temporalmente salidas hacia Los Yungas,https://www.eldiario.net/portal/2026/09/30/suspenden-temporalmente-salidas-hacia-los-yungas/
La Razon,2026-09-30,11:49,Netanyahu: Uno de los pilotos de flydubai ‘intentó estrellar el avión’,https://larazon.bo/mundo/2026/09/30/netanyahu-uno-de-los-pilotos-de-flydubai-intento-estrellar-el-avion/
Vision 360,2026-09-30,11:52,Nilton Condori dice que le dio un “abrazo de solidaridad étnica” a Evo y cree que es imposible aprehenderlo,https://www.vision360.bo/noticias/2026/09/30/70194-nilton-condori-dice-que-le-dio-un-abrazo-de-solidaridad-etnica-a-evo-y-cree-que-es-imposible-aprehenderlo
Los Tiempos,2026-09-30,11:54,Grynspan se afianza como la candidata con más votos para ser la secretaria General de la ONU,https://www.lostiempos.com/actualidad/mundo/20260930/grynspan-se-afianza-como-candidata-mas-votos-ser-secretaria-general-onu
ERBOL,2026-09-30,11:57,Minería y proyecto de electrificación generan conflicto en Coripata por afectación ambiental,https://erbol.com.bo/medio-ambiente/miner%C3%ADa-y-proyecto-de-electrificaci%C3%B3n-generan-conflicto-en-coripata-por-afectaci%C3%B3n
La Razon,2026-09-30,11:58,Pasajeros describen el vuelo de Flydubai como una ‘montaña rusa’,https://larazon.bo/mundo/2026/09/30/pasajeros-describen-el-vuelo-de-flydubai-como-una-montana-rusa/
Los Tiempos,2026-09-30,12:01,La ALP debatirá el lunes retiro de visa a Mariaca; Gobierno habla de extradición,https://www.lostiempos.com/actualidad/pais/20260930/alp-debatira-lunes-retiro-visa-mariaca-gobierno-habla-extradicion
La Razon,2026-09-30,12:02,Entel inicia nueva etapa de atención del cliente con moderno Call Center en Santa Cruz,https://larazon.bo/espacio-empresarial/2026/09/30/entel-inicia-nueva-etapa-de-atencion-del-cliente-con-moderno-call-center-en-santa-cruz/
Los Tiempos,2026-09-30,12:04,Los choferes declaran pausa en diálogo y analizan con sus bases,https://www.lostiempos.com/actualidad/pais/20260930/choferes-declaran-pausa-dialogo-analizan-sus-bases
Opinion,2026-09-30,12:04,Caso Mariaca: Gobierno efectivizó solicitud de información a EEUU y espera celeridad,https://www.opinion.com.bo/pais/caso-mariaca-gobierno-efectivizo-solicitud-informacion-eeuu-espera-celeridad/20260930120449996891.html
Vision 360,2026-09-30,12:04,"Leonardo Padura: ""Castigan al gobierno cubano, pero es la gente de Cuba la que sufre""",https://www.vision360.bo/noticias/2026/09/30/70206-leonardo-padura-castigan-al-gobierno-cubano-pero-es-la-gente-de-cuba-la-que-sufre
ANF,2026-09-30,12:06,La trata de menores cambia de rostro: redes digitales y víctimas cada vez más jóvenes,https://www.noticiasfides.com/mujeres-infancia-y-adultos-mayores/la-trata-de-menores-cambia-de-rostro-redes-digitales-y-victimas-cada-vez-mas-jovenes
Los Tiempos,2026-09-30,12:07,Bolivia se enfrenta hoy a Argentina en un partido amistoso en Córdoba,https://www.lostiempos.com/deportes/futbol/20260930/bolivia-se-enfrenta-hoy-argentina-partido-amistoso-cordoba
Vision 360,2026-09-30,12:08,Paz promulga ley y libera a las gobernaciones de pagos por más de Bs 209 millones,https://www.vision360.bo/noticias/2026/09/30/70203-paz-promulga-ley-y-libera-a-las-gobernaciones-de-pagos-por-mas-de-bs-209-millones
Los Tiempos,2026-09-30,12:10,"Adiós a Willy Soria, un referente de la avicultura y empresario cochabambino",https://www.lostiempos.com/actualidad/cochabamba/20260930/adios-willy-soria-referente-avicultura-empresario-cochabambino
La Razon,2026-09-30,12:13,Oviedo: Bolivia pidió a EEUU datos sobre 20 personas de nueva lista de visas,https://larazon.bo/nacional/2026/09/30/oviedo-bolivia-pidio-a-eeuu-datos-sobre-20-personas-de-nueva-lista-de-visas/
ANF,2026-09-30,12:14,Paz promulga ley para que el gobierno central se haga cargo del pago de prediarios,https://www.noticiasfides.com/economia/paz-promulga-ley-para-que-el-gobierno-central-se-haga-cargo-del-pago-de-prediarios
Red Uno,2026-09-30,12:14,Potosí: tres mineros pierden la vida tras hundimiento en una bocamina,https://www.reduno.com.bo/noticias/potosi-tres-mineros-pierden-la-vida-tras-hundimiento-en-una-bocamina-202693011360
La Razon,2026-09-30,12:15,"Paz estuvo ‘todo el tiempo’ en Miami y no en Boca Ratón, según el vocero",https://larazon.bo/nacional/2026/09/30/paz-estuvo-todo-el-tiempo-en-miami-y-no-en-boca-raton-segun-el-vocero/
Unitel,2026-09-30,12:17,Concejo y micreros acuerdan comisión “abierta a la ciudadanía” para tratar el tema del pasaje en Santa Cruz,https://unitel.bo/noticias/economia/concejo-y-micreros-acuerdan-comision-abierta-a-la-ciudadania-para-tratar-el-tema-del-pasaje-en-santa-cruz-HI23816023
Vision 360,2026-09-30,12:17,"Tras ganar los tres oros en Argentina, Moscoso inicia su participación en el Tour Profesional",https://www.vision360.bo/noticias/2026/09/30/70209-tras-ganar-los-tres-oros-en-argentina-moscoso-inicia-su-participacion-en-el-tour-profesional
ERBOL,2026-09-30,12:19,Paz promulga ley que libera a las gobernaciones de pagar prediarios y bono de vacunación,https://erbol.com.bo/nacional/paz-promulga-ley-que-libera-las-gobernaciones-de-pagar-prediarios-y-bono-de-vacunaci%C3%B3n
El Deber,2026-09-30,12:20,¿Por qué faltó gasolina? YPFB atribuye la escasez a la falta de cisternas,https://eldeber.com.bo/economia/falto-gasolina-ypfb-atribuye-escasez-falta-cisternas_1790783878
La Razon,2026-09-30,12:20,"Trump-Lula, una relación de grandes altibajos",https://larazon.bo/mundo/2026/09/30/trump-lula-una-relacion-de-grandes-altibajos/
ERBOL,2026-09-30,12:22,Policía apuesta por “operaciones de largo aliento” ante la advertencia de bloqueos,https://erbol.com.bo/seguridad/polic%C3%ADa-apuesta-por-%E2%80%9Coperaciones-de-largo-aliento%E2%80%9D-ante-la-advertencia-de-bloqueos
El Deber,2026-09-30,12:22,"Una corte de apelaciones paraliza en el último momento la ejecución de Christa Pike, la mujer condenada a muerte en Tennessee por un brutal asesinato",https://eldeber.com.bo/bbc/una-corte-de-apelaciones-paraliza-en-el-ultimo-momento-la-ejecucion-de-christa-pike-la-mujer-condenada-a-muerte-en-tennessee-por-un-brutal-asesinato-2026930124730
Unitel,2026-09-30,12:22,Paz confirma visita de presidente de Chile y destaca el Puerto Seco de Oruro como eje de la inversión,https://unitel.bo/noticias/economia/paz-confirma-visita-de-presidente-de-chile-y-destaca-el-puerto-seco-de-oruro-como-eje-de-la-inversion-CI23816510
El Diario,2026-09-30,12:24,"Granizada golpea Vallegrande: cultivos, viviendas y vehículos resultaron dañados",https://www.eldiario.net/portal/2026/09/30/granizada-golpea-vallegrande-cultivos-viviendas-y-vehiculos-resultaron-danados1224/
Red Uno,2026-09-30,12:25,"Velasco: recursos liberados por prediarios irán a salud, caminos y otras necesidades de la población",https://www.reduno.com.bo/noticias/velasco-recursos-liberados-por-prediarios-iran-a-salud-caminos-y-otras-necesidades-de-la-poblacion-202693012125
El Deber,2026-09-30,12:29,Continúan las labores de emergencia por los daños causados por fuertes vientos en Yapacaní,https://eldeber.com.bo/santa-cruz/continuan-labores-emergencia-danos-causados-fuertes-vientos-yapacani_1790785740
Unitel,2026-09-30,12:29,El Senado de México aprueba la reforma que prohíbe la doble nacionalidad a gobernantes,https://unitel.bo/noticias/mundo/el-senado-de-mexico-aprueba-la-reforma-que-prohibe-la-doble-nacionalidad-a-gobernantes-GI23816707
Red Uno,2026-09-30,12:30,¡Perdonazo tributario! Corren las últimas horas y contribuyentes hacen filas para pagar sus deudas,https://www.reduno.com.bo/noticias/perdonazo-tributario-corren-las-ultimas-horas-y-contribuyentes-hacen-filas-para-pagar-sus-deudas-2026930113122
Opinion,2026-09-30,12:33,Bolivia vuelve a Argentina tras el doloroso 6-0: ´La Verde´ busca otra historia en Córdoba,https://www.opinion.com.bo/deportes/bolivia-vuelve-argentina-doloroso-6-verde-busca-otra-historia-cordoba/20260930123304996893.html
La Razon,2026-09-30,12:34,El Presidente apunta a aprovechar la Hidrovía como corredor energético,https://larazon.bo/economia-y-empresa/2026/09/30/el-presidente-apunta-a-aprovechar-la-hidrovia-como-corredor-energetico/
ANF,2026-09-30,12:38,"Instituto de Salud Pública de Chile no acredita que madera boliviana estuviera impregnada de cocaína, según abogado",https://www.noticiasfides.com/economia/instituto-de-salud-publica-de-chile-no-acredita-que-madera-boliviana-estuviera-impregnada-de-cocaina-segun-abogado
Red Uno,2026-09-30,12:38,¿Qué contiene cada kit? Estos son los componentes para convertir micros a GNV,https://www.reduno.com.bo/noticias/que-contiene-cada-kit-estos-son-los-componentes-para-convertir-micros-a-gnv-20269301220
El Deber,2026-09-30,12:41,"JP Velasco a Rodrigo Paz: ""Va a tener a las gobernaciones de su lado, en medida que solucionemos los problemas""",https://eldeber.com.bo/santa-cruz/jp-velasco-rodrigo-paz-va-tener-gobernaciones-lado-medida-solucionemos-problemas_1790784597
El Deber,2026-09-30,12:43,Concejo Municipal aprueba comisión mixta para analizar la tarifa del transporte urbano (micros),https://eldeber.com.bo/santa-cruz/concejo-municipal-aprueba-comision-mixta-analizar-tarifa-transporte-urbano-micros_1790786238
El Deber,2026-09-30,12:44,Rodrigo Paz envía a la Asamblea Legislativa un proyecto de nueva ley de electricidad,https://eldeber.com.bo/pais/rodrigo-paz-envia-asamblea-legislativa-proyecto-nueva-ley-electricidad_1790786516
El Deber,2026-09-30,12:46,Exigen estudio técnico antes de aumentar el pasaje y cuestionan las condiciones de los micros,https://eldeber.com.bo/economia/exigen-estudio-tecnico-antes-aumentar-pasaje-cuestionan-condiciones-micros_1790785174
La Razon,2026-09-30,12:46,ATT inicia gestiones para la participación de Bolivia en proyecto CONDOSAT,https://larazon.bo/economia-y-empresa/2026/09/30/att-inicia-gestiones-para-la-participacion-de-bolivia-en-proyecto-condosat/
Red Uno,2026-09-30,12:47,Pozo dañado provoca baja presión y deja a vecinos sin agua en la Pampa de la Isla,https://www.reduno.com.bo/noticias/pozo-danado-provoca-baja-presion-y-deja-a-vecinos-sin-agua-en-la-pampa-de-la-isla-2026930102349
La Razon,2026-09-30,12:48,Hundimiento en el Cerro Rico de Potosí deja tres fallecidos y dos heridos,https://larazon.bo/ciudades/2026/09/30/hundimiento-en-el-cerro-rico-de-potosi-deja-tres-fallecidos-y-dos-heridos/
Unitel,2026-09-30,12:50,"A nivel nacional, distribuidores de gas de garrafa no entregarán el producto a los barrios debido a la subida del diésel",https://unitel.bo/noticias/economia/a-nivel-nacional-distribuidores-de-gas-de-garrafa-no-entregaran-el-producto-a-los-barrios-debido-a-la-subida-del-diesel-DI23817477
La Razon,2026-09-30,12:51,Ministros de Comercio del G20 se reúnen a la sombra de los aranceles,https://larazon.bo/mundo/2026/09/30/ministros-de-comercio-del-g20-se-reunen-a-la-sombra-de-los-aranceles/
Red Uno,2026-09-30,12:51,“Hemos hablado de estabilizar las alcaldías”: Manfred tras reunión con Paz,https://www.reduno.com.bo/noticias/hemos-hablado-de-estabilizar-las-alcaldias-manfred-tras-reunion-con-paz-2026930104939
Red Uno,2026-09-30,12:51,50/50 y combustible: Velasco llega con propuestas a reunión con Paz,https://www.reduno.com.bo/noticias/50-50-y-combustible-velasco-llega-con-propuestas-a-reunion-con-paz-2026930103013
Opinion,2026-09-30,12:52,Estos son seis puntos tratados en la reunión de alcaldes con el Gobierno nacional,https://www.opinion.com.bo/cochabamba/son-seis-puntos-tratados-reunion-alcaldes-gobierno-nacional/20260930125227996895.html
Red Uno,2026-09-30,12:53,Transportistas y Concejo acuerdan conformar comisión para analizar el precio del pasaje,https://www.reduno.com.bo/noticias/transportistas-y-concejo-acuerdan-conformar-comision-para-analizar-el-precio-del-pasaje-202693012410
El Deber,2026-09-30,12:54,X2: cómo es la montaña rusa cerrada en el parque Six Flags de California y qué se sabe de las denuncias que enfrenta por lesiones cerebrales,https://eldeber.com.bo/bbc/x2-como-es-la-montana-rusa-cerrada-en-el-parque-six-flags-de-california-y-que-se-sabe-de-las-denuncias-que-enfrenta-por-lesiones-cerebrales-2026930113837
Vision 360,2026-09-30,12:54,Paz se fija hasta 4 años para acabar con el centralismo: “Debe ser ordenado para que perdure”,https://www.vision360.bo/noticias/2026/09/30/70215-paz-se-fija-hasta-4-anos-para-acabar-con-el-centralismo-debe-ser-ordenado-para-que-perdure
El Deber,2026-09-30,12:57,Cisternas esperan descargar en Palmasola mientras falta gasolina en Santa Cruz,https://eldeber.com.bo/economia/cisternas-esperan-descargar-palmasola-mientras-falta-gasolina-santa-cruz_1790786908
ANF,2026-09-30,13:05,Colapso de plataforma en el Cerro Rico deja tres mineros muertos y dos heridos,https://www.noticiasfides.com/nacional/sociedad/colapso-de-plataforma-en-el-cerro-rico-deja-tres-mineros-muertos-y-dos-heridos
El Deber,2026-09-30,13:06,Roban más de Bs 40 mil en un negocio en el centro de La Paz,https://eldeber.com.bo/pais/roban-bs-40-mil-negocio-centro-paz_1790787202
Red Uno,2026-09-30,13:09,Así está la cotización actual del dólar en el mercado paralelo de Bolivia,https://www.reduno.com.bo/noticias/asi-esta-la-cotizacion-actual-del-dolar-en-el-mercado-paralelo-de-bolivia-2026930122224
Los Tiempos,2026-09-30,13:11,Aumenta la basura en Quillacollo y fracasa el diálogo con Cotapachi,https://www.lostiempos.com/actualidad/cochabamba/20260930/aumenta-basura-quillacollo-fracasa-dialogo-cotapachi
El Deber,2026-09-30,13:15,¿Hasta cuándo lloverá en Santa Cruz? El fin de semana las temperaturas ascenderán de nuevo,https://eldeber.com.bo/santa-cruz/cuando-llovera-santa-cruz-fin-semana-temperaturas-ascenderan-nuevo_1790788098
Red Uno,2026-09-30,13:16,“Cada que llueve se nos inundan las aulas”: así pasan clases estudiantes de un colegio de Santa Cruz,https://www.reduno.com.bo/noticias/cada-que-llueve-se-nos-inundan-las-aulas-asi-pasan-clases-estudiantes-de-un-colegio-de-santa-cruz-2026930103831
Red Uno,2026-09-30,13:19,Programa Patria: ¿quiénes podrán acceder y qué vehículos se financiarán?,https://www.reduno.com.bo/noticias/programa-patria-quienes-podran-acceder-y-que-vehiculos-se-financiaran-2026930112340
Los Tiempos,2026-09-30,13:20,Identifican restos de 6 soldados muertos en Viacha y los entregan a sus familiares,https://www.lostiempos.com/actualidad/seguridad/20260930/identifican-restos-6-soldados-muertos-viacha-entregan-sus-familiares
Red Uno,2026-09-30,13:21,Son 35.000 familias afectadas y 67.000 cabezas de ganado en riesgo por sequías en Chuquisaca,https://www.reduno.com.bo/noticias/son-35-000-familias-afectadas-y-67-000-cabezas-de-ganado-en-riesgo-por-sequias-en-chuquisaca-202693012417
La Razon,2026-09-30,13:22,Los nueve gobernadores acuerdan reunirse el 12 de octubre en Pando por el 50/50,https://larazon.bo/nacional/2026/09/30/los-nueve-gobernadores-acuerdan-reunirse-el-12-de-octubre-en-pando-por-el-50-50/
ERBOL,2026-09-30,13:23,Gobernaciones acuerdan mesas técnicas desde el 5 de octubre para avanzar en tres puntos del 50/50,https://erbol.com.bo/nacional/gobernaciones-acuerdan-mesas-t%C3%A9cnicas-desde-el-5-de-octubre-para-avanzar-en-tres-puntos-del
Red Uno,2026-09-30,13:23,Alcaldía de Sucre presenta nuevo tarifario para micros: pasaje general será de Bs 4,https://www.reduno.com.bo/noticias/alcaldia-de-sucre-presenta-nuevo-tarifario-para-micros-pasaje-general-sera-de-bs-4-2026930124932
Red Uno,2026-09-30,13:25,ABC corta el tramo Urujara-La Rinconada por intensa nevada en La Paz,https://www.reduno.com.bo/noticias/abc-corta-el-tramo-urujara-la-rinconada-por-intensa-nevada-en-la-paz-2026930112836
La Razon,2026-09-30,13:27,Ejecutivo plantea economía circular para reducir costos y generar valor agregado,https://larazon.bo/economia-y-empresa/2026/09/30/ejecutivo-plantea-economia-circular-para-reducir-costos-y-generar-valor-agregado/
Unitel,2026-09-30,13:27,Fiscalía niega supuesta reunión entre el fiscal general Roger Mariaca y Sebastián Marset,https://unitel.bo/noticias/seguridad/fiscalia-niega-supuesta-reunion-entre-el-fiscal-general-roger-mariaca-y-sebastian-marset-HI23818483
Los Tiempos,2026-09-30,13:30,Paz se reúne con los alcaldes de capitales por el 50/50 y les dará presupuesto adicional en 2026,https://www.lostiempos.com/actualidad/economia/20260930/paz-se-reune-alcaldes-capitales-5050-les-dara-presupuesto-adicional
Vision 360,2026-09-30,13:30,"Guardiola muestra todo su apoyo al Manchester City: ""Superaremos esto juntos""",https://www.vision360.bo/noticias/2026/09/30/70212-guardiola-muestra-todo-su-apoyo-al-manchester-city-superaremos-esto-juntos
Los Tiempos,2026-09-30,13:33,Estudio identifica una alternativa más corta para tratar el Chagas,https://www.lostiempos.com/tendencias/salud/20260930/estudio-identifica-alternativa-mas-corta-tratar-chagas
La Razon,2026-09-30,13:34,"Visita de Kast facilitará el vínculo comercial regional de Bolivia, según Paz",https://larazon.bo/economia-y-empresa/2026/09/30/visita-de-kast-facilitara-el-vinculo-comercial-regional-de-bolivia-segun-paz/
Red Uno,2026-09-30,13:34,Carnaval de Oruro: ACFO rechaza reducir su participación en la venta de metros lineales,https://www.reduno.com.bo/noticias/carnaval-de-oruro-acfo-rechaza-reducir-su-participacion-en-la-venta-de-metros-lineales-202693012329
Los Tiempos,2026-09-30,13:35,Arte: llegan “Expresiones femeninas”,https://www.lostiempos.com/doble-click/cultura/20260930/arte-llegan-expresiones-femeninas
La Razon,2026-09-30,13:38,Defensoría advierte riesgo alimentario en centros de acogida por alza del diésel,https://larazon.bo/sociedad/2026/09/30/defensoria-advierte-riesgo-alimentario-en-centros-por-alza-del-diesel/
ANF,2026-09-30,13:39,Magisterio exige que una nueva ley educativa esté ligada a un proyecto de país,https://www.noticiasfides.com/educacion/magisterio-exige-que-una-nueva-ley-educativa-este-ligada-a-un-proyecto-de-pais
Unitel,2026-09-30,13:40,“Son especulaciones”: Viceministro Paredes responde a Romero sobre su versión de que habría un ministro entre los vetados por EEUU,https://unitel.bo/noticias/politica/son-especulaciones-viceministro-paredes-responde-a-romero-sobre-su-version-de-que-habria-un-ministro-entre-los-vetados-por-eeuu-II23817708
La Razon,2026-09-30,13:41,Petro acusa a EEUU de proteger a Cerimedo tras sanción a Mariaca,https://larazon.bo/nacional/2026/09/30/petro-acusa-a-eeuu-de-proteger-a-cerimedo-tras-sancion-a-mariaca/
La Razon,2026-09-30,13:43,GLP mantendrá subvención y Gobierno prevé eliminar la de gasolina hasta fin de año,https://larazon.bo/economia-y-empresa/2026/09/30/glp-mantendra-subvencion-y-gobierno-preve-eliminar-la-de-gasolina-hasta-fin-de-ano/
Red Uno,2026-09-30,13:44,¿Cómo funcionará la agenda 50/50? Gobierno plantea reformas progresivas,https://www.reduno.com.bo/noticias/como-funcionara-la-agenda-50-50-gobierno-plantea-reformas-progresivas-2026930122618
ERBOL,2026-09-30,13:45,Fiscalía niega que Mariaca se haya reunido con Marset antes de su extradición,https://erbol.com.bo/seguridad/fiscal%C3%ADa-niega-que-mariaca-se-haya-reunido-con-marset-antes-de-su-extradici%C3%B3n
Unitel,2026-09-30,13:48,Los pasajeros del vuelo flydubai aterrizaron en Israel,https://unitel.bo/noticias/mundo/los-pasajeros-del-vuelo-flydubai-aterrizaron-en-israel-CI23818921
Red Uno,2026-09-30,13:50,Cochabamba registra nevadas y lluvias en varias regiones; piden precaución en las rutas,https://www.reduno.com.bo/noticias/cochabamba-registra-nevadas-y-lluvias-en-varias-regiones-piden-precaucion-en-las-rutas-2026930132416
Red Uno,2026-09-30,13:52,Gobierno central asumirá los prediarios: ¿cuántos privados de libertad hay en Bolivia?,https://www.reduno.com.bo/noticias/gobierno-central-asumira-los-prediarios-cuantos-privados-de-libertad-hay-en-bolivia-20269301160
Vision 360,2026-09-30,13:52,Mariaca suma respaldos tras la decisión de EEUU de restringirle la visa,https://www.vision360.bo/noticias/2026/09/30/70218-mariaca-suma-respaldos-tras-la-decision-de-eeuu-de-restringirle-la-visa
Red Uno,2026-09-30,13:55,¿Qué aeronaves necesitan gasolina de aviación Grado 100?,https://www.reduno.com.bo/noticias/que-aeronaves-necesitan-gasolina-de-aviacion-grado-100-202693012015
La Razon,2026-09-30,13:56,Fiscalía niega reunión de Roger Mariaca con Marset y exige pruebas,https://larazon.bo/nacional/2026/09/30/fiscalia-niega-reunion-de-roger-mariaca-con-marset-y-exige-pruebas/
Red Uno,2026-09-30,13:56,Se cae poco a poco: Padres piden nuevas aulas para la Unidad Educativa Niño Jesús en La Paz,https://www.reduno.com.bo/noticias/se-cae-poco-a-poco-padres-piden-nuevas-aulas-para-la-unidad-educativa-nino-jesus-en-la-paz-2026930125359
Opinion,2026-09-30,13:58,Minería y proyecto de electrificación generan conflicto en Coripata por afectación ambiental,https://www.opinion.com.bo/pais/mineria-proyecto-electrificacion-generan-conflicto-coripata-afectacion-ambiental/20260930135842996897.html
La Razon,2026-09-30,14:00,Quillacollo acumula más de 500 toneladas de basura en las calles,https://larazon.bo/ciudades/2026/09/30/quillacollo-acumula-mas-de-500-toneladas-de-basura-en-las-calles/
La Razon,2026-09-30,14:02,Anapo alerta por elevado precio de agroinsumos y menor siembra de granos,https://larazon.bo/economia-y-empresa/2026/09/30/anapo-alerta-por-elevado-precio-de-agroinsumos-y-menor-siembra-de-granos/
El Deber,2026-09-30,14:03,Concluye la reunión de Paz y gobernadores; anuncian nuevo encuentro en Cobija,https://eldeber.com.bo/pais/concluye-reunion-paz-gobernadores-anuncian-nuevo-encuentro-cobija_1790789865
Red Uno,2026-09-30,14:03,Quillacollo acumula 680 toneladas de basura por bloqueo al botadero de Cotapachi,https://www.reduno.com.bo/noticias/quillacollo-acumula-680-toneladas-de-basura-por-bloqueo-al-botadero-de-cotapachi-2026930134939
La Razon,2026-09-30,14:04,Alcaldía de Santa Cruz refuerza controles en mercados para evitar el agio,https://larazon.bo/ciudades/2026/09/30/alcaldia-de-santa-cruz-refuerza-controles-en-mercados-para-evitar-el-agio/
Opinion,2026-09-30,14:04,Gobernaciones acuerdan mesas técnicas desde el 5 de octubre para avanzar en tres puntos del 50/50,https://www.opinion.com.bo/pais/gobernaciones-acuerdan-mesas-tecnicas-5-octubre-avanzar-tres-puntos-50-50/20260930140407996899.html
Vision 360,2026-09-30,14:04,Gobernadores logran abrir el debate para la transferencia del 15% de coparticipación tributaria,https://www.vision360.bo/noticias/2026/09/30/70221-gobernadores-logran-abrir-el-debate-para-la-transferencia-del-15por_ciento-de-coparticipacion-tributaria
Los Tiempos,2026-09-30,14:05,Fiscalía niega que Mariaca se haya reunido con Marset antes de su captura; exige presentar pruebas y retractación,https://www.lostiempos.com/actualidad/pais/20260930/fiscalia-niega-que-mariaca-se-haya-reunido-marset-antes-su-captura-exige
El Deber,2026-09-30,14:09,Fiscalía niega supuesta reunión de Róger Mariaca y Sebastián Marset,https://eldeber.com.bo/pais/fiscalia-niega-supuesta-reunion-roger-mariaca-sebastian-marset_1790791576
La Razon,2026-09-30,14:09,Una fuerte granizada provoca daños en cultivos en Vallegrande,https://larazon.bo/ciudades/2026/09/30/una-fuerte-granizada-provoca-danos-en-cultivos-en-vallegrande/
Opinion,2026-09-30,14:11,Decreto de Paz elimina la subvención a la gasolina de aviación y se venderá a precio de mercado,https://www.opinion.com.bo/pais/decreto-paz-pone-fin-subvencion-gasolina-aviacion-fija-precio-mercado/20260930141102996901.html
El Diario,2026-09-30,14:13,Presidente Rodrigo Paz y gobernadores acuerdan tres puntos sobre recursos y autonomías,https://www.eldiario.net/portal/2026/09/30/presidente-rodrigo-paz-y-gobernadores-acuerdan-tres-puntos-sobre-recursos-y-autonomias-1412/
Opinion,2026-09-30,14:19,Mi Teleférico y sus socios firman contrato para operar y mantener el TransMiCable de Bogotá,https://www.opinion.com.bo/pais/teleferico-socios-firman-contrato-operar-mantener-transmicable-bogota/20260930141909996903.html
Opinion,2026-09-30,14:20,"Experiencia de intercambio: Puebla fue el hogar de Roberto, un estudiante cochabambino",https://www.opinion.com.bo/innovacion-educativa/experiencia-intercambio-puebla-fue-hogar-roberto-estudiante-cochabambino/20260930142016996905.html
El Diario,2026-09-30,14:21,Lingote de estaño pesa17 kilos y revive en la Casa de Moneda,https://www.eldiario.net/portal/2026/09/30/lingote-de-estano-pesa17-kilos-y-revive-en-la-casa-de-moneda/
Los Tiempos,2026-09-30,14:21,Kast viene a Bolivia para fortalecer vínculos comerciales,https://www.lostiempos.com/actualidad/pais/20260930/kast-viene-bolivia-fortalecer-vinculos-comerciales
Diez,2026-09-30,14:24,Cristiano Ronaldo abandona la concentración de Portugal,https://diez.bo/futbol/cristiano-ronaldo-abandona-la-concentracion-de-portugal_1790792664
El Diario,2026-09-30,14:24,Pacto fiscal avanza y ahora toca definir ingresos y transferencias,https://www.eldiario.net/portal/2026/09/30/pacto-fiscal-avanza-y-ahora-toca-definir-ingresos-y-transferencias/
Opinion,2026-09-30,14:24,Paz confirma visita de Kast para fortalecer vínculos comerciales con Chile,https://www.opinion.com.bo/pais/paz-confirma-visita-kast-fortalecer-vinculos-comerciales-chile/20260930142413996907.html
El Diario,2026-09-30,14:26,Estados Unidos se retira de forma oficial de Irak,https://www.eldiario.net/portal/2026/09/30/estados-unidos-se-retira-de-forma-oficial-de-irak/
Diez,2026-09-30,14:27,Eliminatorias al Mundial 2030: Bolivia tendría tres cupos directos en juego,https://diez.bo/futbol/eliminatorias-al-mundial-2030-bolivia-tendria-tres-cupos-directos-en-juego_1790786183
El Diario,2026-09-30,14:27,Roban Bs 40.000 de una tienda en el centro de La Paz,https://www.eldiario.net/portal/2026/09/30/roban-bs-40-000-de-una-tienda-en-el-centro-de-la-paz/
ANF,2026-09-30,14:29,ABC corta el tránsito en el tramo Urujara-La Rinconada por intensa nevada,https://www.noticiasfides.com/nacional/sociedad/abc-corta-el-transito-en-el-tramo-urujara-la-rinconada-por-intensa-nevada
El Diario,2026-09-30,14:29,Gobierno promulga “Ley de Prediarios”,https://www.eldiario.net/portal/2026/09/30/gobierno-promulga-ley-de-prediarios/
Opinion,2026-09-30,14:29,Programa Patria prevé recibir los primeros 1.500 kits de conversión a GNV en 15 días y el resto hasta febrero de 2027,https://www.opinion.com.bo/pais/programa-patria-preve-recibir-primeros-1500-kits-conversion-gnv-15-dias-resto-febrero-2027/20260930142958996909.html
El Diario,2026-09-30,14:31,Bolivia es elegida miembro del Comité Ejecutivo de OPS/OMS,https://www.eldiario.net/portal/2026/09/30/bolivia-es-elegida-miembro-del-comite-ejecutivo-de-ops-oms/
La Razon,2026-09-30,14:32,El Tesoro apunta a un PGE con déficit menor al 6% y enviarlo a la Asamblea hasta octubre,https://larazon.bo/economia-y-empresa/2026/09/30/el-tesoro-apunta-a-un-pge-con-deficit-menor-al-6-y-enviarlo-a-la-asamblea-hasta-octubre/
Red Uno,2026-09-30,14:36,"“Iba a comprar un auto”: velan a Cristhian, acribillado en la Mutualista; Policía busca a los sicarios",https://www.reduno.com.bo/noticias/iba-a-comprar-un-auto-velan-a-cristhian-acribillado-en-la-mutualista-policia-busca-a-los-sicarios-2026930141248
Opinion,2026-09-30,14:40,QS Stars: qué hay detrás de las estrellas que obtuvo Unifranz,https://www.opinion.com.bo/innovacion-educativa/qs-stars-que-detras-estrellas-que-obtuvo-unifranz/20260930144025996911.html
La Razon,2026-09-30,14:42,Inician la campaña de forestación “Venas Verdes para El Alto”,https://larazon.bo/ciudades/2026/09/30/inician-la-campana-de-forestacion-venas-verdes-para-el-alto/
Red Uno,2026-09-30,14:42,La lluvia llegó a La Paz: revisa estos puntos de tu vehículo para evitar sustos en carretera,https://www.reduno.com.bo/noticias/la-lluvia-llego-a-la-paz-revisa-estos-puntos-de-tu-vehiculo-para-evitar-sustos-en-carretera-2026930132110
La Razon,2026-09-30,14:44,"Subvención al diésel se mantiene, pues costo internacional supera los Bs 21: Velasco",https://larazon.bo/economia-y-empresa/2026/09/30/subvencion-al-diesel-se-mantiene-pues-costo-internacional-supera-los-bs-21-velasco/
El Deber,2026-09-30,14:45,YPFB detecta anomalías en la distribución de casi un millón de litros de gasolina y aleja a su gerente en Potosí,https://eldeber.com.bo/economia/ypfb-detecta-anomalias-distribucion-casi-millon-litros-gasolina-aleja-gerente-potosi_1790789187
Opinion,2026-09-30,14:46,"Luzmila Carpio recibirá el Womex Artist Award 2026, uno de los máximos reconocimientos de la música global",https://www.opinion.com.bo/cultura/luzmila-carpio-recibira-womex-artist-award-2026-uno-maximos-reconocimientos-musica-global/20260930144605996913.html
La Razon,2026-09-30,14:47,Alcaldía plantea nuevo reglamento del Carnaval de Oruro y pide auditoria a la ACFO,https://larazon.bo/ciudades/2026/09/30/alcaldia-plantea-nuevo-reglamento-del-carnaval-de-oruro-y-pide-auditoria-a-la-acfo/
Red Uno,2026-09-30,14:48,"Tras 74 días de búsqueda, capturan a un presunto abusador serial que se escondía en San Matías",https://www.reduno.com.bo/noticias/tras-74-dias-de-busqueda-capturan-a-un-presunto-abusador-serial-que-se-escondia-en-san-matias-2026930143736
La Razon,2026-09-30,14:49,Alcaldía de Sucre establece el pasaje en Bs 4 tras estudio de hoja de costos,https://larazon.bo/ciudades/2026/09/30/alcaldia-de-sucre-establece-el-pasaje-en-bs-4-tras-estudio-de-hoja-de-costos/
La Razon,2026-09-30,14:50,Gobierno y gobernadores acuerdan tres puntos para avanzar en el 50/50,https://larazon.bo/nacional/2026/09/30/gobierno-y-gobernadores-acuerdan-tres-puntos-para-avanzar-en-el-50-50/
Opinion,2026-09-30,14:53,Bolivia reporta un infanticidio cada 13 días; suman 20 casos en lo que va del año,https://www.opinion.com.bo/policial/bolivia-reporta-infanticidio-cada-13-dias-suman-20-casos-que-va-ano/20260930145347996914.html
Unitel,2026-09-30,14:53,Gobierno elimina la subvención a la gasolina de aviación y ahora se venderá a precio de mercado,https://unitel.bo/noticias/economia/gobierno-elimina-la-subvencion-a-la-gasolina-de-aviacion-y-ahora-se-vendera-a-precio-de-mercado-JL23820678
Unitel,2026-09-30,14:56,Loza cuestiona restricciones de visas de EEUU y las considera una “acción política”,https://unitel.bo/noticias/politica/loza-cuestiona-restricciones-de-visas-de-eeuu-y-las-considera-una-accion-politica-DL23820762
Red Uno,2026-09-30,14:57,Fiscalía niega categóricamente una reunión entre Roger Mariaca y Sebastián Marset,https://www.reduno.com.bo/noticias/fiscalia-niega-categoricamente-una-reunion-entre-roger-mariaca-y-sebastian-marset-202693014493
El Deber,2026-09-30,14:59,"Fallece en Palmasola Juan Carlos Espinoza, uno de los detenidos por el 'caso maletas'",https://eldeber.com.bo/santa-cruz/fallece-palmasola-juan-carlos-espinoza-uno-detenidos-caso-maletas_1790794256
Opinion,2026-09-30,14:59,Presidente Paz asegura que URUPABOL triplicará su capacidad de carga fluvial,https://www.opinion.com.bo/pais/presidente-paz-asegura-que-urupabol-triplicara-capacidad-carga-fluvial/20260930145906996916.html
El Deber,2026-09-30,15:01,Continúan los controles en mercados cruceños para frenar especulación en precios de alimentos,https://eldeber.com.bo/santa-cruz/continuan-controles-mercados-crucenos-frenar-especulacion-precios-alimentos_1790794797
ANF,2026-09-30,15:02,QS Stars: qué hay detrás de las estrellas que obtuvo Unifranz,https://www.noticiasfides.com/innovacion-y-educacion/qs-stars-que-hay-detras-de-las-estrellas-que-obtuvo-unifranz
Red Uno,2026-09-30,15:02,Se perdieron en La Paz: familias buscan a sus mascotas y piden ayuda para que vuelvan a casa,https://www.reduno.com.bo/noticias/se-perdieron-en-la-paz-familias-buscan-a-sus-mascotas-y-piden-ayuda-para-que-vuelvan-a-casa-2026930133220
Unitel,2026-09-30,15:03,Lula descarta participar en el debate televisivo previo a las presidenciales en Brasil,https://unitel.bo/noticias/mundo/lula-descarta-participar-en-el-debate-televisivo-previo-a-las-presidenciales-en-brasil-OL23821483
La Razon,2026-09-30,15:04,Santa Cruz: fuertes ráfagas de viento provocan colapso de tinglado,https://larazon.bo/ciudades/2026/09/30/santa-cruz-fuertes-rafagas-de-viento-provocan-colapso-de-tinglado/
Vision 360,2026-09-30,15:08,"Expresidente del Concejo dice que ejes acordados entre el Gobierno y alcaldías deben convertirse en “obligaciones, instrumentos y resultados”",https://www.vision360.bo/noticias/2026/09/30/70227-expresidente-del-concejo-dice-que-ejes-acordados-entre-el-gobierno-y-alcaldias-deben-convertirse-en-obligaciones-instrumentos-y-resultados
La Razon,2026-09-30,15:09,COB respalda a Mariaca y rechaza intervención de EEUU en asuntos internos,https://larazon.bo/nacional/2026/09/30/cob-respalda-a-mariaca-y-rechaza-intervencion-de-eeuu-en-asuntos-internos/
Opinion,2026-09-30,15:09,Gobernador Loza asiste a reunión en La Paz; plantea avanzar en la propuesta 50/50,https://www.opinion.com.bo/cochabamba/gobernador-loza-asiste-reunion-paz-plantea-avanzar-propuesta-50-50/20260930150931996918.html
La Razon,2026-09-30,15:11,Cámara de Comercio plantea plan para evitar bloqueos y garantizar combustibles,https://larazon.bo/economia-y-empresa/2026/09/30/camara-de-comercio-plantea-plan-para-evitar-bloqueos-y-garantizar-combustibles/
El Deber,2026-09-30,15:12,Consejo de la Magistratura interviene despacho de jueza que supuestamente visitó a Marset horas antes de su captura,https://eldeber.com.bo/santa-cruz/consejo-magistratura-interviene-despacho-jueza-visito-marset-horas-antes-captura_1790794381
Red Uno,2026-09-30,15:15,Distribuidores de GLP anuncian que desde este jueves no repartirán garrafas en los barrios,https://www.reduno.com.bo/noticias/distribuidores-de-glp-anuncian-que-desde-este-jueves-no-repartiran-garrafas-en-los-barrios-20269301575
Red Uno,2026-09-30,15:18,¿Qué pasa si un menor comete un delito en Bolivia? Un abogado explica el proceso y las sanciones,https://www.reduno.com.bo/noticias/que-pasa-si-un-menor-comete-un-delito-en-bolivia-un-abogado-explica-el-proceso-y-las-sanciones-2026930133852
Vision 360,2026-09-30,15:20,"Gobierno mantendrá el GLP a Bs 22,50: “No se va a tocar, sí va a existir un subsidio”",https://www.vision360.bo/noticias/2026/09/30/70230-gobierno-mantendra-el-glp-a-bs-22_50-no-se-va-a-tocar-si-va-a-existir-un-subsidio
La Razon,2026-09-30,15:22,Ministro de Defensa acompaña a familia de conscripto fallecido,https://larazon.bo/ciudades/2026/09/30/ministro-de-defensa-acompana-a-familia-de-conscripto-fallecido/
Red Uno,2026-09-30,15:25,Programa Patria: ¿cuándo llegarán los kits de conversión a GNV para el transporte público?,https://www.reduno.com.bo/noticias/programa-patria-cuando-llegaran-los-kits-de-conversion-a-gnv-para-el-transporte-publico-202693013421
La Razon,2026-09-30,15:27,Gobierno califica de especulación versión sobre un ministro en nueva lista de EEUU,https://larazon.bo/nacional/2026/09/30/gobierno-califica-de-especulacion-version-sobre-un-ministro-en-nueva-lista-de-eeuu/
El Deber,2026-09-30,15:29,Qué se sabe sobre la presunta violación grupal a una estudiante en una fraternidad de la prestigiosa Universidad de Cornell,https://eldeber.com.bo/bbc/que-se-sabe-sobre-la-presunta-violacion-grupal-a-una-estudiante-en-una-fraternidad-de-la-prestigiosa-universidad-de-cornell-2026930144526
Unitel,2026-09-30,15:30,Ministro Oviedo dice que la Asamblea Legislativa tiene la facultad de fiscalizar a Mariaca,https://unitel.bo/noticias/politica/ministro-oviedo-dice-que-la-asamblea-legislativa-tiene-la-facultad-de-fiscalizar-a-mariaca-HL23821710
Red Uno,2026-09-30,15:31,Rodrigo Paz promulga Ley 436: estas son las obligaciones que pasan al nivel central,https://www.reduno.com.bo/noticias/rodrigo-paz-promulga-ley-436-estas-son-las-obligaciones-que-pasan-al-nivel-central-2026930134535
La Razon,2026-09-30,15:32,Universidades respaldan a Mariaca y rechazan ‘injerencia extranjera’ tras veto de EEUU,https://larazon.bo/nacional/2026/09/30/universidades-respaldan-a-mariaca-y-rechazan-injerencia-extranjera-tras-veto-de-eeuu/
Vision 360,2026-09-30,15:32,El mundo de Mafalda cobra vida en una experiencia inmersiva en Buenos Aires,https://www.vision360.bo/noticias/2026/09/30/70233-el-mundo-de-mafalda-cobra-vida-en-una-experiencia-inmersiva-en-buenos-aires
Red Uno,2026-09-30,15:33,Consejo de la Magistratura interviene juzgado de jueza por presuntos vínculos con Marset,https://www.reduno.com.bo/noticias/consejo-de-la-magistratura-interviene-juzgado-de-jueza-por-presuntos-vinculos-con-marset-202693015310
El Diario,2026-09-30,15:35,El deporte ecuestre boliviano consigue una medalla internacional tras 50 años,https://www.eldiario.net/portal/2026/09/30/el-deporte-ecuestre-boliviano-consigue-una-medalla-internacional-tras-50-anos/
Red Uno,2026-09-30,15:40,¿Hasta cuándo seguirá el frío en Bolivia? Senamhi anuncia cuándo regresarán los días cálidos,https://www.reduno.com.bo/noticias/hasta-cuando-seguira-el-frio-en-bolivia-senamhi-anuncia-cuando-regresaran-los-dias-calidos-2026930135143
Unitel,2026-09-30,15:41,Rodrigo Paz: Hay esperanza de nuevos reservorios gigantescos de hidrocarburos en Santa Cruz,https://unitel.bo/noticias/economia/rodrigo-paz-hay-esperanza-de-nuevos-reservorios-gigantescos-de-hidrocarburos-en-santa-cruz-CL23822167
La Razon,2026-09-30,15:42,Transporte cooperativizado apuesta por GNL para reducir costos tras la subvención,https://larazon.bo/economia-y-empresa/2026/09/30/transporte-cooperativizado-apuesta-por-gnl-para-reducir-costos-tras-la-subvencion/
La Razon,2026-09-30,15:42,Loza rechaza cambiar al Fiscal General por retiro de visa de EEUU,https://larazon.bo/nacional/2026/09/30/loza-rechaza-cambiar-al-fiscal-general-por-retiro-de-visa-de-eeuu/
El Deber,2026-09-30,15:43,Gobernación de Santa Cruz abre 1.000 becas internacionales para jóvenes en liderazgo e inteligencia artificial,https://eldeber.com.bo/santa-cruz/gobernacion-santa-cruz-abre-1-000-becas-internacionales-jovenes-liderazgo-inteligencia-artificial_1790793745
Unitel,2026-09-30,15:43,Gobernaciones acuerdan mesas técnicas para el 5 y 12 de octubre para profundizar cronograma del 50-50,https://unitel.bo/noticias/politica/gobernaciones-acuerdan-mesas-tecnicas-para-el-5-y-12-de-octubre-para-profundizar-cronograma-del-50-50-LL23822081
ANF,2026-09-30,15:47,"Ministro dice que no quiere “vender ilusiones” con el aumento salarial, pero asegura que considerarán todos los aspectos",https://www.noticiasfides.com/economia/ministro-dice-que-no-quiere-vender-ilusiones-con-el-aumento-salarial-pero-asegura-que-consideraran-todos-los-aspectos
Red Uno,2026-09-30,15:49,Bolivia busca acelerar intercambio de información para enfrentar al narcotráfico y crimen organizado,https://www.reduno.com.bo/noticias/bolivia-busca-acelerar-intercambio-de-informacion-para-enfrentar-al-narcotrafico-y-crimen-organizado-2026930135355
Vision 360,2026-09-30,15:51,Bolivia tiene definido su equipo para ser parte del Festival Sudamericano de la Juventud,https://www.vision360.bo/noticias/2026/09/30/70236-bolivia-tiene-definido-su-equipo-para-ser-parte-del-festival-sudamericano-de-la-juventud
Red Uno,2026-09-30,15:52,Familia pide ayuda para encontrar a adolescente de 17 años en El Alto,https://www.reduno.com.bo/noticias/familia-pide-ayuda-para-encontrar-a-adolescente-de-17-anos-en-el-alto-2026930135922
La Razon,2026-09-30,15:55,Bolivia activa mesa internacional para ejecutar su nueva política antidroga,https://larazon.bo/nacional/2026/09/30/bolivia-activa-mesa-internacional-para-ejecutar-su-nueva-politica-antidroga/
Red Uno,2026-09-30,15:56,Rescatan a un equino desnutrido que deambulaba por avenidas de Cochabamba,https://www.reduno.com.bo/noticias/rescatan-a-un-equino-desnutrido-que-deambulaba-por-avenidas-de-cochabamba-202693014954
La Razon,2026-09-30,15:58,Camiones no distribuirán GLP el jueves por incremento del diésel,https://larazon.bo/economia-y-empresa/2026/09/30/camiones-no-distribuiran-glp-el-jueves-por-incremento-del-diesel/
Diez,2026-09-30,16:01,Omán e Irak no pudieron desempatar y la clasificación se decidió por sorteo,https://diez.bo/futbol/oman-e-irak-no-pudieron-desempatar-y-la-clasificacion-se-decidio-por-sorteo_1790798502
Red Uno,2026-09-30,16:01,¿Apagar o dejar prendido el aire acondicionado? Experto revela qué consume más energía,https://www.reduno.com.bo/noticias/apagar-o-dejar-prendido-el-aire-acondicionado-experto-revela-que-consume-mas-energia-2026930144910
La Razon,2026-09-30,16:04,Reyes pide al Gobierno transparentar el viaje de Paz,https://larazon.bo/nacional/2026/09/30/reyes-pide-al-gobierno-transparentar-el-viaje-de-paz/
Red Uno,2026-09-30,16:04,Cae el precio del tomate en Cochabamba y la Intendencia refuerza controles contra la especulación,https://www.reduno.com.bo/noticias/cae-el-precio-del-tomate-en-cochabamba-y-la-intendencia-refuerza-controles-contra-la-especulacion-2026930151630
Unitel,2026-09-30,16:04,Magistratura interviene oficina de jueza que presuntamente se reunió con Marset antes de su captura,https://unitel.bo/noticias/seguridad/magistratura-interviene-oficina-de-jueza-que-presuntamente-se-reunio-con-marset-antes-de-su-captura-HL23822647
La Razon,2026-09-30,16:05,Santa Cruz: nueva tarifa del transporte será definida por una comisión mixta,https://larazon.bo/ciudades/2026/09/30/santa-cruz-nueva-tarifa-del-transporte-sera-definida-por-una-comision-mixta/
Unitel,2026-09-30,16:07,Comerciantes reportan incremento de hasta un 20% en algunos artículos de limpieza en La Paz por el dólar y el diésel,https://unitel.bo/noticias/economia/comerciantes-reportan-incremento-de-hasta-un-20-en-algunos-articulos-de-limpieza-en-la-paz-por-el-dolar-y-el-diesel-KL23822899
El Deber,2026-09-30,16:08,Productores de Mairana negocian tarifas directamente con el transporte,https://eldeber.com.bo/santa-cruz/productores-mairana-negocian-tarifas-directamente-transporte_1790798915
El Deber,2026-09-30,16:09,Aduana aplica arancel cero a la importación de gasolina de aviación hasta 2027,https://eldeber.com.bo/economia/aduana-aplica-arancel-cero-importacion-gasolina-aviacion-2027_1790798491
La Razon,2026-09-30,16:09,Gigantescos reservorios de hidrocarburos en Santa Cruz generan expectativa,https://larazon.bo/economia-y-empresa/2026/09/30/gigantescos-reservorios-de-hidrocarburos-en-santa-cruz-generan-expectativa/
El Deber,2026-09-30,16:10,La lluvia da un respiro al calor en Ascensión de Guarayos,https://eldeber.com.bo/santa-cruz/lluvia-da-respiro-calor-ascension-guarayos_1790797359
El Deber,2026-09-30,16:12,Derrumbe en una mina se cobra la vida de tres trabajadores,https://eldeber.com.bo/pais/derrumbe-mina-cobra-vida-tres-trabajadores_1790797824
Vision 360,2026-09-30,16:12,"Tres jóvenes mineros pierden la vida en hundimiento de mina en el Cerro Rico de Potosí; dos resultan heridos, uno sufrió un TEC",https://www.vision360.bo/noticias/2026/09/30/70242-tres-jovenes-mineros-pierden-la-vida-en-hundimiento-de-mina-en-el-cerro-rico-de-potosi-dos-resultan-heridos-uno-sufrio-un-tec
Unitel,2026-09-30,16:13,"Muere en un hospital uno de los detenidos preventivos del caso maletas, según Derechos Humanos",https://unitel.bo/noticias/seguridad/muere-en-un-hospital-uno-de-los-detenidos-preventivos-del-caso-maletas-segun-derechos-humanos-LL23823019
El Diario,2026-09-30,16:15,Distribuidores de GLP anuncian paro desde este jueves por el alza del diésel,https://www.eldiario.net/portal/2026/09/30/distribuidores-de-glp-anuncian-paro-desde-este-jueves-por-el-alza-del-diesel-1614/
Los Tiempos,2026-09-30,16:16,Paz promulga la Ley de Prediarios,https://www.lostiempos.com/actualidad/pais/20260930/paz-promulga-ley-prediarios
El Deber,2026-09-30,16:17,"Biarritz: Leonardo Padura, primer escritor cubano en recibir un ""Abrazo de honor""",https://eldeber.com.bo/rfi/biarritz-leonardo-padura-primer-escritor-cubano-en-recibir-un-abrazo-de-honor--2026930102332
Diez,2026-09-30,16:20,La Federación Portuguesa confirma la salida de Cristiano y mantiene el misterio,https://diez.bo/futbol/la-federacion-portuguesa-confirma-la-salida-de-cristiano-y-mantiene-el-misterio_1790799611
Vision 360,2026-09-30,16:25,Consejo de la Magistratura interviene juzgado de jueza señalada por presunta visita a Marset,https://www.vision360.bo/noticias/2026/09/30/70245-consejo-de-la-magistratura-interviene-juzgado-de-jueza-senalada-por-presunta-visita-a-marset
Opinion,2026-09-30,16:26,Intervienen despacho de jueza que presuntamente visitó a Marset horas antes de su captura,https://www.opinion.com.bo/pais/intervienen-despacho-jueza-que-presuntamente-visito-marset-horas-antes-captura/20260930162656996920.html
La Razon,2026-09-30,16:27,Justicia revoca domiciliaria y amplía por 60 días la detención preventiva de Marcelo Arce,https://larazon.bo/nacional/2026/09/30/justicia-revoca-domiciliaria-y-amplia-por-60-dias-la-detencion-preventiva-de-marcelo-arce/
El Deber,2026-09-30,16:30,La ABC restablece el tránsito vehicular en la carretera a los Yungas,https://eldeber.com.bo/la-paz/abc-restablece-transito-vehicular-carretera-yungas_1790800200
La Razon,2026-09-30,16:30,Rusia usará armas nucleares si la OTAN ataca su territorio,https://larazon.bo/mundo/2026/09/30/rusia-usara-armas-nucleares-si-la-otan-ataca-su-territorio/
Vision 360,2026-09-30,16:30,Cristiano Ronaldo deja la concentración de Portugal y promete explicar los motivos,https://www.vision360.bo/noticias/2026/09/30/70239-cristiano-ronaldo-deja-la-concentracion-de-portugal-y-promete-explicar-los-motivos
El Diario,2026-09-30,16:34,Nevada cubre las alturas de Cochabamba y deja vehículos varados,https://www.eldiario.net/portal/2026/09/30/nevada-cubre-las-alturas-de-cochabamba-y-deja-vehiculos-varados-1634/
Red Uno,2026-09-30,16:36,Sindicato Mixto de Sacaba reanuda el transporte directo a Cercado por el túnel de El Abra,https://www.reduno.com.bo/noticias/sindicato-mixto-de-sacaba-reanuda-el-transporte-directo-a-cercado-por-el-tunel-de-el-abra-202693015378
El Deber,2026-09-30,16:37,Alertan sobre riesgo inminente para la alimentación en 54 centros de acogida y hospitales en el país,https://eldeber.com.bo/pais/alertan-riesgo-inminente-alimentacion-54-centros-acogida-hospitales-pais_1790799146
Opinion,2026-09-30,16:37,Gobierno remite al Legislativo el nuevo proyecto de Ley de Electricidad,https://www.opinion.com.bo/pais/gobierno-remite-legislativo-nuevo-proyecto-ley-electricidad/20260930163718996922.html
El Deber,2026-09-30,16:40,Transportistas de Sucre suspenden el servicio tras aprobación de nueva tarifa por decreto edil,https://eldeber.com.bo/pais/transportistas-sucre-suspenden-servicio-aprobacion-nuevo-tarifa-concejo_1790800646
La Razon,2026-09-30,16:41,Magistratura interviene la oficina de jueza vinculada al caso Marset,https://larazon.bo/nacional/2026/09/30/magistratura-interviene-la-oficina-de-jueza-vinculada-al-caso-marset/
Unitel,2026-09-30,16:41,Maestros marchan por incremento salarial y contra la crisis económica en medio del Estado de excepción,https://unitel.bo/noticias/sociedad/maestros-marchan-por-incremento-salarial-y-contra-la-crisis-economica-en-medio-del-estado-de-excepcion-IL23823748
La Razon,2026-09-30,16:42,Gobernación de Santa Cruz abre 1.000 becas internacionales para jóvenes,https://larazon.bo/sociedad/2026/09/30/gobernacion-de-santa-cruz-abre-1-000-becas-internacionales-para-jovenes/
La Razon,2026-09-30,16:45,Ávila plantea revisar el modelo autonómico tras devolución de prediarios,https://larazon.bo/nacional/2026/09/30/avila-plantea-revisar-el-modelo-autonomico-tras-devolucion-de-prediarios/
Opinion,2026-09-30,16:45,Excavación de zanjas impiden hace cuatro días el paso de carros basureros a botadero en Quillacollo,https://www.opinion.com.bo/cochabamba/excavacion-zanjas-impiden-hace-cuatro-dias-paso-carros-basureros-botadero-quillacollo/20260930164509996924.html
Red Uno,2026-09-30,16:45,Investigan a policía que protagonizó accidente en Quillacollo: aguardan resultados de alcoholemia,https://www.reduno.com.bo/noticias/investigan-a-policia-que-protagonizo-accidente-en-quillacollo-aguardan-resultados-de-alcoholemia-202693016136
La Razon,2026-09-30,16:46,Invierno: Rusia ataca el suministro eléctrico de Ucrania,https://larazon.bo/mundo/2026/09/30/invierno-rusia-ataca-el-suministro-electrico-de-ucrania/
Los Tiempos,2026-09-30,16:47,Denuncian robos simultáneos de celulares en el transporte público de Cochabamba,https://www.lostiempos.com/actualidad/seguridad/20260930/denuncian-robos-simultaneos-celulares-transporte-publico-cochabamba
Vision 360,2026-09-30,16:48,De Van Gogh a Cézanne: el Museo de Brooklyn expone la colección de Henry Pearlman,https://www.vision360.bo/noticias/2026/09/30/70251-de-van-gogh-a-cezanne-el-museo-de-brooklyn-expone-la-coleccion-de-henry-pearlman
La Razon,2026-09-30,16:55,Mercado petrolero apuesta a la prudencia ante falta de avances,https://larazon.bo/mundo/2026/09/30/mercado-petrolero-apuesta-a-la-prudencia-ante-falta-de-avances/
Vision 360,2026-09-30,16:58,Del conflicto al diálogo: las tareas pendientes para reconstruir la cohesión social,https://www.vision360.bo/noticias/2026/09/30/70257-del-conflicto-al-dialogo-las-tareas-pendientes-para-reconstruir-la-cohesion-social
Diez,2026-09-30,16:59,Cristiano se suma a una lista de leyendas con finales inesperados,https://diez.bo/futbol/cristiano-se-suma-a-una-lista-de-leyendas-con-finales-inesperados_1790801952
El Diario,2026-09-30,17:00,Magisterio urbano protagoniza «Gran Marcha Nacional de Resistencia»,https://www.eldiario.net/portal/2026/09/30/magisterio-urbano-protagoniza-gran-marcha-nacional-de-resistencia-1700/
Los Tiempos,2026-09-30,17:00,La OPS elige a Bolivia para su Comité Ejecutivo,https://www.lostiempos.com/actualidad/pais/20260930/ops-elige-bolivia-su-comite-ejecutivo
Vision 360,2026-09-30,17:00,El Mundial de fútbol 2026 dejó 2.000 millones de dólares en Nueva York,https://www.vision360.bo/noticias/2026/09/30/70248-el-mundial-de-futbol-2026-dejo-2000-millones-de-dolares-en-nueva-york
La Razon,2026-09-30,17:02,La Paz: aulas del colegio Niño Jesús en riesgo de colapso ante llegada de lluvias,https://larazon.bo/sociedad/2026/09/30/la-paz-aulas-del-colegio-nino-jesus-en-riesgo-de-colapso-ante-llegada-de-lluvias/
ANF,2026-09-30,17:07,Consejo de la Magistratura intervino despacho de jueza que supuestamente visitó a Marset antes de su captura,https://www.noticiasfides.com/justicia/consejo-de-la-magistratura-intervino-despacho-de-jueza-que-supuestamente-visito-a-marset-antes-de-su-captura
Vision 360,2026-09-30,17:07,Reyes Villa plantea que recursos de la UPRE pasen a las alcaldías dentro del 50/50,https://www.vision360.bo/noticias/2026/09/30/70260-reyes-villa-plantea-que-recursos-de-la-upre-pasen-a-las-alcaldias-dentro-del-5050
La Razon,2026-09-30,17:10,"Dockweiler, entre los peores alcaldes capitalinos de Latinoamérica",https://larazon.bo/ciudades/2026/09/30/dockweiler-entre-los-peores-alcaldes-capitalinos-de-latinoamerica/
Unitel,2026-09-30,17:10,Asosur: “Se está restableciendo el normal abastecimiento” de gasolina en Santa Cruz tras días de filas,https://unitel.bo/noticias/economia/asosur-se-esta-restableciendo-el-normal-abastecimiento-de-gasolina-en-santa-cruz-tras-dias-de-filas-DL23824304
El Deber,2026-09-30,17:11,Chile quema madera boliviana del caso de supuestas ‘narcomaderas’,https://eldeber.com.bo/economia/chile-quema-madera-boliviana-caso-narcomaderas_1790802217
Red Uno,2026-09-30,17:15,Maestros urbanos marchan en contra de las medidas económicas del Gobierno,https://www.reduno.com.bo/noticias/maestros-urbanos-marchan-en-contra-de-las-medidas-economicas-del-gobierno-202693016350
Unitel,2026-09-30,17:15,Santa Cruz: Transporte urbano y concejo municipal acuerdan instalar mesas para el estudio técnico,https://unitel.bo/noticias/sociedad/santa-cruz-transporte-urbano-y-concejo-municipal-acuerdan-instalar-mesas-para-el-estudio-tecnico-EL23824404
La Razon,2026-09-30,17:16,El Apthapi Andino encabeza la elección del Plato Metrópoli Alteño,https://larazon.bo/sociedad/2026/09/30/el-apthapi-andino-encabeza-la-eleccion-del-plato-metropoli-alteno/
La Razon,2026-09-30,17:19,Oviedo dice que la Asamblea puede fiscalizar a Mariaca,https://larazon.bo/nacional/2026/09/30/oviedo-dice-que-la-asamblea-puede-fiscalizar-a-mariaca/
La Razon,2026-09-30,17:19,Brasil y EEUU mantienen reunión con crisis de aranceles de fondo,https://larazon.bo/mundo/2026/09/30/brasil-y-eeuu-mantienen-reunion-con-crisis-de-aranceles-de-fondo/
La Razon,2026-09-30,17:24,COMIBOL plantea ley para reforzar la lucha contra la minería ilegal y el jukeo,https://larazon.bo/economia-y-empresa/2026/09/30/comibol-plantea-ley-para-reforzar-la-lucha-contra-la-mineria-ilegal-y-el-jukeo/
La Razon,2026-09-30,17:26,Protección al consumidor de EEUU investiga a gigantes de la IA,https://larazon.bo/mundo/2026/09/30/proteccion-al-consumidor-de-eeuu-investiga-a-gigantes-de-la-ia/
Vision 360,2026-09-30,17:28,"Lula lamenta el ""complejo de inferioridad"" de los líderes de Latinoamérica con EE.UU.",https://www.vision360.bo/noticias/2026/09/30/70263-lula-lamenta-el-complejo-de-inferioridad-de-los-lideres-de-latinoamerica-con-eeuu
La Razon,2026-09-30,17:29,Ejecutivo se abre a revisar incremento salarial ante nuevo escenario económico,https://larazon.bo/economia-y-empresa/2026/09/30/ejecutivo-se-abre-a-revisar-incremento-salarial-ante-nuevo-escenario-economico/
Diez,2026-09-30,17:30,Always Ready rescata un empate sobre el final ante Real Oruro,https://diez.bo/futbol/always-ready-rescata-un-empate-sobre-el-final-ante-real-oruro_1790803831
El Diario,2026-09-30,17:31,"Copiloto hiere al piloto en vuelo, Tennessee frena ejecución, Ejecutivo trans fallece por disparos",https://www.eldiario.net/portal/2026/09/30/copiloto-hiere-al-piloto-en-vuelo-tennessee-frena-ejecucion-ejecutivo-trans-fallece-por-disparos-1730/
La Razon,2026-09-30,17:36,Urupabol apunta a triplicar barcazas para abaratar ingreso de crudo a Bolivia,https://larazon.bo/economia-y-empresa/2026/09/30/urupabol-apunta-a-triplicar-barcazas-para-abaratar-ingreso-de-crudo-a-bolivia/
ANF,2026-09-30,17:40,Viceministro de Presupuesto afirma que el PGE 2027 no contemplará la subvención al diésel y gasolina,https://www.noticiasfides.com/economia/viceministro-de-presupuesto-afirma-que-el-pge-2027-no-contemplara-la-subvencion-al-diesel-y-gasolina
Unitel,2026-09-30,17:41,“Esto no estaría pasando si hubieran cambiado sus micros a gas”: Concejales cuestionan a micreros por pasajes,https://unitel.bo/noticias/sociedad/esto-no-estaria-pasando-si-hubieran-cambiado-sus-micros-a-gas-concejales-cuestionan-a-micreros-por-pasajes-NL23824911
El Deber,2026-09-30,17:43,"Saucedo anuncia cambios en juzgados en materia penal, además de una auditoría en Santa Cruz",https://eldeber.com.bo/pais/saucedo-anuncia-cambios-juzgados-materia-penal-ademas-auditoria-santa-cruz_1790804472
La Razon,2026-09-30,17:43,Hidrocarburos dice que ya se normaliza el suministro de carburantes,https://larazon.bo/economia-y-empresa/2026/09/30/hidrocarburos-dice-que-ya-se-normaliza-el-suministro-de-carburantes/
La Razon,2026-09-30,17:49,EERB Patria asumirá renovación y transformación del parque automotor del transporte público,https://larazon.bo/economia-y-empresa/2026/09/30/eerb-patria-asumira-renovacion-y-transformacion-del-parque-automotor-del-transporte-publico/
Unitel,2026-09-30,17:51,Paz anuncia envío de Ley de Electricidad a la Asamblea y alista dos normativas para hidrocarburos,https://unitel.bo/noticias/politica/paz-anuncia-envio-de-ley-de-electricidad-a-la-asamblea-y-alista-dos-normativas-para-hidrocarburos-NL23825181
El Deber,2026-09-30,17:56,Cae en San Matías un hombre acusado de agredir sexualmente a varias menores de edad,https://eldeber.com.bo/santa-cruz/cae-san-matias-hombre-acusado-agredir-sexualmente-varias-menores-edad_1790804358
Unitel,2026-09-30,18:00,"Cooperativistas mineros exigen abrogación del decreto del diésel, renuncia de dos ministros y se declaran en movilización",https://unitel.bo/noticias/economia/cooperativistas-mineros-exigen-abrogacion-del-decreto-del-diesel-renuncia-de-dos-ministros-y-se-declaran-en-movilizacion-LL23825482
La Razon,2026-09-30,18:02,La Alcaldía de El Alto refuerza control contra el ‘trameaje’ en la Ceja,https://larazon.bo/ciudades/2026/09/30/la-alcaldia-de-el-alto-refuerza-control-contra-el-trameaje-en-la-ceja/
La Razon,2026-09-30,18:02,Tesoro e Hidrocarburos difieren sobre el futuro de la subvención de gasolina,https://larazon.bo/economia-y-empresa/2026/09/30/tesoro-e-hidrocarburos-difieren-sobre-el-futuro-de-la-subvencion-de-gasolina/
Red Uno,2026-09-30,18:04,El Alto: Dos bebés y un recién nacido mueren en las últimas 24 horas,https://www.reduno.com.bo/noticias/el-alto-dos-bebes-y-un-recien-nacido-mueren-en-las-ultimas-24-horas-2026930175856
El Deber,2026-09-30,18:05,Incineración de madera retenida en Chile deja pérdidas de hasta $us 15 millones a empresas bolivianas,https://eldeber.com.bo/economia/incineracion-madera-retenida-chile-deja-perdidas-us-15-millones-empresas-bolivianas_1790804809
El Deber,2026-09-30,18:06,La justicia de California permite concretar el acuerdo de fusión entre Paramount y Warner,https://eldeber.com.bo/mundo/justicia-california-permite-concretar-acuerdo-fusion-paramount-warner_1790803608
Red Uno,2026-09-30,18:06,Ministro asegura que se normalizará el abastecimiento tras acuerdo con cisterneros,https://www.reduno.com.bo/noticias/ministro-asegura-que-se-normalizara-el-abastecimiento-tras-acuerdo-con-cisterneros-20269301720
El Deber,2026-09-30,18:07,El escritor mexicano Juan Villoro gana el Premio Internacional Carlos Fuentes 2026,https://eldeber.com.bo/mundo/escritor-mexicano-juan-villoro-gana-premio-internacional-carlos-fuentes-2026_1790803941
El Deber,2026-09-30,18:08,"Verónica Zapata, una vida dedicada al diseño y la moda",https://eldeber.com.bo/para-ellas/veronica-zapata-vida-dedicada-diseno-moda_1790802240
La Razon,2026-09-30,18:08,Cámara Forestal denuncia quema de madera boliviana en Arica,https://larazon.bo/nacional/2026/09/30/camara-forestal-denuncia-quema-de-madera-boliviana-en-arica/
El Deber,2026-09-30,18:10,"Trump dice que habló ""extensamente"" con Netanyahu sobre el incidente de Flydubai",https://eldeber.com.bo/mundo/trump-dice-hablo-extensamente-netanyahu-incidente-flydubai_1790804363
Vision 360,2026-09-30,18:10,Detenido por el caso ‘maletas’ muere tras ser trasladado de Palmasola a un hospital,https://www.vision360.bo/noticias/2026/09/30/70269-detenido-por-el-caso-maletas-muere-tras-ser-trasladado-de-palmasola-a-un-hospital
Red Uno,2026-09-30,18:11,El dólar paralelo repunta al cierre de la jornada de este miércoles en el mercado informal,https://www.reduno.com.bo/noticias/el-dolar-paralelo-repunta-al-cierre-de-la-jornada-de-este-miercoles-en-el-mercado-informal-202693018821
El Deber,2026-09-30,18:13,Abren parcialmente carretera a Los Yungas que estaba congelada desde el martes,https://eldeber.com.bo/la-paz/abren-parcialmente-carretera-yungas-estaba-congelada-martes_1790804249
El Deber,2026-09-30,18:15,California promulga ley para apoyar al periodismo local a través de créditos fiscales,https://eldeber.com.bo/mundo/california-promulga-ley-apoyar-periodismo-local-traves-creditos-fiscales_1790804642
La Razon,2026-09-30,18:15,Mujeres de Bolivia y la región debaten el futuro de la minería,https://larazon.bo/economia-y-empresa/2026/09/30/mujeres-de-bolivia-y-la-region-debaten-el-futuro-de-la-mineria/
Unitel,2026-09-30,18:16,TSJ anuncia creación de juzgados especializados en anticorrupción y delitos del crimen organizado,https://unitel.bo/noticias/seguridad/tsj-anuncia-creacion-de-juzgados-especializados-en-anticorrupcion-y-delitos-del-crimen-organizado-HL23825882
El Diario,2026-09-30,18:17,ABC rehabilita paso vehicular a los Yungas,https://www.eldiario.net/portal/2026/09/30/abc-rehabilita-paso-vehicular-a-los-yungas/
El Deber,2026-09-30,18:18,Cilia Flores vuelve a pedir libertad bajo fianza por el deterioro de su salud en EEUU,https://eldeber.com.bo/mundo/cilia-flores-vuelve-pedir-libertad-fianza-deterioro-salud-eeuu_1790806123
El Diario,2026-09-30,18:20,Magistratura interviene juzgado de jueza vinculada a Marset,https://www.eldiario.net/portal/2026/09/30/magistratura-interviene-juzgado-de-jueza-vinculada-a-marset/
Opinion,2026-09-30,18:20,Blanco dice que abastecimiento de combustible sufrió “demoras logísticas” y prevé pronta normalización,https://www.opinion.com.bo/pais/blanco-dice-que-abastecimiento-combustible-sufrio-demoras-logisticas-preve-pronta-normalizacion/20260930182051996926.html
El Diario,2026-09-30,18:22,Amenazas y críticas de un prófugo no pueden tomarse con seriedad,https://www.eldiario.net/portal/2026/09/30/amenazas-y-criticas-de-un-profugo-no-pueden-tomarse-con-seriedad/
El Diario,2026-09-30,18:24,Sucre aplicará nuevas tarifas para microbuses,https://www.eldiario.net/portal/2026/09/30/sucre-aplicara-nuevas-tarifas-para-microbuses/
Opinion,2026-09-30,18:25,Fiscalía niega que Mariaca se haya reunido con Marset antes de su extradición,https://www.opinion.com.bo/pais/fiscalia-niega-que-mariaca-haya-reunido-marset-antes-extradicion/20260930182502996928.html
El Diario,2026-09-30,18:26,CDLP plantea 4 medidas para desarrollar economía de La Paz,https://www.eldiario.net/portal/2026/09/30/cdlp-plantea-4-medidas-para-desarrollar-economia-de-la-paz/
La Razon,2026-09-30,18:26,Restablecen circulación de vehículos en carretera a los Yungas,https://larazon.bo/ciudades/2026/09/30/restablecen-circulacion-de-vehiculos-en-carretera-a-los-yungas/
El Diario,2026-09-30,18:27,Impulsan corredor bioceánico amazónico y anuncian otro en sur del país,https://www.eldiario.net/portal/2026/09/30/impulsan-corredor-bioceanico-amazonico-y-anuncian-otro-en-sur-del-pais/
Opinion,2026-09-30,18:28,Aprehenden al administrador de un hostal de El Alto donde hallaron cámara oculta y pastillas abortivas,https://www.opinion.com.bo/policial/aprehenden-administrador-hostal-alto-donde-hallaron-camara-oculta-pastillas-abortivas/20260930182858996930.html
Red Uno,2026-09-30,18:28,"Confirman el fallecimiento de Juan Carlos Espinoza, privado de libertad en Palmasola",https://www.reduno.com.bo/noticias/confirman-el-fallecimiento-de-juan-carlos-espinoza-privado-de-libertad-en-palmasola-2026930175315
Diez,2026-09-30,18:29,"En Inglaterra se cuestionan el legado de Guardiola: ""Está manchado, ¿estaba ciego?""",https://diez.bo/futbol/en-inglaterra-se-cuestionan-el-legado-de-guardiola-esta-manchado-estaba-ciego_1790807345
Unitel,2026-09-30,18:32,Magistratura dice que jueza presuntamente vinculada a Marset estuvo destituida tras incurrir en “faltas gravísimas”,https://unitel.bo/noticias/seguridad/magistratura-dice-que-jueza-presuntamente-vinculada-a-marset-estuvo-destituida-tras-incurrir-en-faltas-gravisimas-DL23826036
El Diario,2026-09-30,18:36,Reactivación del transporte de combustibles permitirá reducir filas por gasolina,https://www.eldiario.net/portal/2026/09/30/reactivacion-del-transporte-de-combustibles-permitira-reducir-filas-por-gasolina/
La Razon,2026-09-30,18:37,Capturan a abusador serial y un juez lo envía a la cárcel,https://larazon.bo/ciudades/2026/09/30/capturan-a-abusador-serial-y-un-juez-lo-envia-a-la-carcel/
El Diario,2026-09-30,18:39,Escándalo por suspensión de visas no debe tapar el caso Cerimedo,https://www.eldiario.net/portal/2026/09/30/escandalo-por-suspension-de-visas-no-debe-tapar-el-caso-cerimedo/
La Razon,2026-09-30,18:39,Gobierno e Iniaf impulsan acciones contra el ingreso ilegal de semillas,https://larazon.bo/sociedad/2026/09/30/gobierno-e-iniaf-impulsan-acciones-contra-el-ingreso-ilegal-de-semillas/
Unitel,2026-09-30,18:39,Cámara de Comercio de La Paz plantea cuatro medidas al Gobierno ante amenazas de movilizaciones,https://unitel.bo/noticias/economia/camara-de-comercio-de-la-paz-plantea-cuatro-medidas-al-gobierno-ante-amenazas-de-movilizaciones-LL23826195
Vision 360,2026-09-30,18:39,Defensoría del Pueblo alerta sobre riesgos en la alimentación y salud de menores y adultos mayores en centros de acogida,https://www.vision360.bo/noticias/2026/09/30/70266-defensoria-del-pueblo-alerta-sobre-riesgos-en-la-alimentacion-y-salud-de-menores-y-adultos-mayores-en-centros-de-acogida
ANF,2026-09-30,18:40,Cámara Forestal denuncia que Chile incinerará toda la madera decomisada pese que hay controversia judicial,https://www.noticiasfides.com/nacional/politica/camara-forestal-denuncia-que-chile-incinerara-toda-la-madera-decomisada-pese-que-hay-controversia-judicial
El Diario,2026-09-30,18:41,Descartan alza de pasajes y sancionarán trameaje,https://www.eldiario.net/portal/2026/09/30/descartan-alza-de-pasajes-y-sancionaran-trameaje/
La Razon,2026-09-30,18:41,La Paz: campaña 37 del Programa Manitos inicia cirugías gratuitas,https://larazon.bo/sociedad/2026/09/30/la-paz-campana-37-del-programa-manitos-inicia-cirugias-gratuitas/
La Razon,2026-09-30,18:42,Blanco ratifica que ‘por ahora se mantiene’ la subvención a la gasolina,https://larazon.bo/economia-y-empresa/2026/09/30/blanco-ratifica-que-por-ahora-mantiene-la-subvencion-a-la-gasolina/
ANF,2026-09-30,18:43,Justicia revoca detención domiciliaria de Marcelo Arce Mosqueira y dispone que siga en prisión por 60 días más,https://www.noticiasfides.com/nacional/seguridad/justicia-revoca-detencion-domiciliaria-de-marcelo-arce-mosqueira-y-dispone-que-siga-en-prision-por-60-dias-mas
El Diario,2026-09-30,18:43,Vía Oruro – Cochabamba transitable con precaución por nieve y neblina,https://www.eldiario.net/portal/2026/09/30/via-oruro-cochabamba-transitable-con-precaucion-por-nieve-y-neblina/
El Diario,2026-09-30,18:45,Milei busca en París inversiones para relanzar economía argentina,https://www.eldiario.net/portal/2026/09/30/milei-busca-en-paris-inversiones-para-relanzar-economia-argentina/
La Razon,2026-09-30,18:46,El Alto: La Marcha de las Diversidades se realizará este sábado,https://larazon.bo/sociedad/2026/09/30/el-alto-la-marcha-de-las-diversidades-se-realizara-este-sabado/
El Diario,2026-09-30,18:47,Dos aprehendidos y más de 100 kilos de carne secuestrados,https://www.eldiario.net/portal/2026/09/30/dos-aprehendidos-y-mas-de-100-kilos-de-carne-secuestrados/
Unitel,2026-09-30,18:48,"“Por el momento, la subvención a la gasolina se mantiene”, dice ministro de Hidrocarburos",https://unitel.bo/noticias/economia/por-el-momento-la-subvencion-a-la-gasolina-se-mantiene-dice-ministro-de-hidrocarburos-CL23826253
El Diario,2026-09-30,18:53,"Por la crisis migratoria en Ceuta, Italia mantiene controles con España",https://www.eldiario.net/portal/2026/09/30/por-la-crisis-migratoria-en-ceuta-italia-mantiene-controles-con-espana-1853/
El Deber,2026-09-30,19:02,Carnaval cruceño y achachairú: Bolivia se lució en Washington,https://eldeber.com.bo/sociales/carnaval-cruceno-achachairu-bolivia-lucio-washington_1790808756
El Diario,2026-09-30,19:03,"Ministro británico, Andy Burnham, no descarta reincorporar al Reino Unido a la UE",https://www.eldiario.net/portal/2026/09/30/ministro-britanico-andy-burnham-no-descarta-reincorporar-al-reino-unido-a-la-ue-1903/
El Deber,2026-09-30,19:04,Una noche de coronación y de reconocimientos,https://eldeber.com.bo/sociales/noche-coronacion-reconocimientos_1790808691
Vision 360,2026-09-30,19:04,Cámara Forestal denuncia que Ministerio de Salud de Chile ordenó incinerar madera boliviana incautada,https://www.vision360.bo/noticias/2026/09/30/70272-camara-forestal-denuncia-que-ministerio-de-salud-de-chile-ordeno-incinerar-madera-boliviana-incautada
Red Uno,2026-09-30,19:06,Comisión de Diputados inicia tratamiento de la Ley antibloqueo,https://www.reduno.com.bo/noticias/comision-de-diputados-inicia-tratamiento-de-la-ley-antibloqueo-2026930181342
El Diario,2026-09-30,19:09,"Google, OpenAI, Meta y otras firman acuerdo de seguridad con la Casa Blanca",https://www.eldiario.net/portal/2026/09/30/google-openai-meta-y-otras-firman-acuerdo-de-seguridad-con-la-casa-blanca-1910/
Unitel,2026-09-30,19:09,YPFB firma acuerdo con un sector del transporte de GLP para subir la tarifa del flete,https://unitel.bo/noticias/sociedad/ypfb-firma-acuerdo-con-un-sector-del-transporte-de-glp-para-subir-la-tarifa-del-flete-KL23826826
El Deber,2026-09-30,19:10,"¿De qué falleció Juan Carlos Espinoza, uno de los detenidos por el 'caso maletas'?",https://eldeber.com.bo/santa-cruz/fallecio-juan-carlos-espinoza-uno-detenidos-caso-maletas_1790809292
Red Uno,2026-09-30,19:17,"Presidente del Consejo de la Magistratura afirma que Alarcón fue destituida, pero TCP frenó la ejecución",https://www.reduno.com.bo/noticias/magistratura-investigara-resoluciones-emitidas-por-jueza-senalada-en-el-caso-marset-2026930191332
Unitel,2026-09-30,19:20,Exmagistrado Israel Campero pide pruebas ante la acusación de EEUU y dice que el veto no lo conmueve,https://unitel.bo/noticias/seguridad/exmagistrado-israel-campero-pide-pruebas-ante-la-acusacion-de-eeuu-y-dice-que-el-veto-no-lo-conmueve-EL23826736
Vision 360,2026-09-30,19:24,TSJ reorganiza juzgados penales y crea instancias especializadas en corrupción y crimen organizado,https://www.vision360.bo/noticias/2026/09/30/70275-tsj-reorganiza-juzgados-penales-y-crea-instancias-especializadas-en-corrupcion-y-crimen-organizado
Unitel,2026-09-30,19:29,Comisión de Diputados posterga el tratamiento para unificar 10 proyectos de ley contra los bloqueos,https://unitel.bo/noticias/politica/comision-de-diputados-posterga-el-tratamiento-para-unificar-10-proyectos-de-ley-contra-los-bloqueos-OL23826945
La Razon,2026-09-30,19:32,TSJ reorganiza juzgados de Santa Cruz para casos de corrupción y crimen organizado,https://larazon.bo/nacional/2026/09/30/tsj-reorganiza-juzgados-de-santa-cruz-para-casos-de-corrupcion-y-crimen-organizado/
La Razon,2026-09-30,19:36,Magistratura anuncia acciones si se confirma visita de jueza a Marset,https://larazon.bo/nacional/2026/09/30/magistratura-anuncia-acciones-si-se-confirma-visita-de-jueza-a-marset/
Red Uno,2026-09-30,19:37,YPFB garantiza distribución de GLP tras acuerdo transitorio con transportistas,https://www.reduno.com.bo/noticias/ypfb-garantiza-distribucion-de-glp-tras-acuerdo-transitorio-con-transportistas-202693019320
Diez,2026-09-30,19:41,¡Cae el tercero! Cristian Romero marca y Argentina ya golea a Bolivia (3-0),https://diez.bo/futbol/ya-juegan-bolivia-se-mide-ante-argentina-en-cordoba-0-0_1790811255
La Razon,2026-09-30,19:41,El Alto: Alcaldía ejecutará un censo gremial para ordenar la ciudad,https://larazon.bo/ciudades/2026/09/30/el-alto-alcaldia-ejecutara-un-censo-gremial-para-ordenar-la-ciudad/
El Deber,2026-09-30,19:44,INIAF recupera relación con la OCDE para garantizar la calidad de las semillas bolivianas,https://eldeber.com.bo/economia/iniaf-recupera-relacion-ocde-garantizar-calidad-semillas-bolivianas_1790811887
El Deber,2026-09-30,19:49,'De Tu Taco' renueva su propuesta y salta a la pantalla de EL DEBER,https://eldeber.com.bo/sociales/taco-renueva-propuesta-salta-pantalla-deber_1790809213
El Deber,2026-09-30,19:55,"Magistratura dice que juez Alarcón está destituida, pero autoprorrogados la blindaron",https://eldeber.com.bo/pais/magistratura-dice-juez-alarcon-esta-destituida-autoprorrogados-blindaron_1790811139
Unitel,2026-09-30,19:56,Presidente Rodrigo Paz dará un anuncio al país desde el aeropuerto Viru Viru,https://unitel.bo/noticias/economia/presidente-rodrigo-paz-dara-un-anuncio-al-pais-desde-el-aeropuerto-viru-viru-AL23827689
El Deber,2026-09-30,20:01,YPFB y distribuidores de GLP acuerdan mantener el reparto de garrafas,https://eldeber.com.bo/economia/ypfb-distribuidores-glp-acuerdan-mantener-reparto-garrafas_1790812062
Vision 360,2026-09-30,20:05,Gobierno y transportistas de GLP acuerdan ajuste transitorio de tarifas,https://www.vision360.bo/noticias/2026/09/30/70278-gobierno-y-transportistas-de-glp-acuerdan-ajuste-transitorio-de-tarifas
Unitel,2026-09-30,20:14,Restablecen viajes hacia los Yungas tras intensa nevada en la Cumbre de La Paz,https://unitel.bo/noticias/sociedad/restablecen-viajes-hacia-los-yungas-tras-intensa-nevada-en-la-cumbre-de-la-paz-KL23828345
Unitel,2026-09-30,20:15,Ministerio de Economía: Moody’s elevó la calificación soberana de Bolivia de Caa3 a Caa2,https://unitel.bo/noticias/economia/ministerio-de-economia-moody-s-elevo-la-calificacion-soberana-de-bolivia-de-caa3-a-caa2-IL23828365
Vision 360,2026-09-30,20:18,"El Salvador convoca a las elecciones de 2027, en las que Bukele buscará un tercer mandato",https://www.vision360.bo/noticias/2026/09/30/70281-el-salvador-convoca-a-las-elecciones-de-2027-en-las-que-bukele-buscara-un-tercer-mandato
Red Uno,2026-09-30,20:26,Familia de conductor fallecido exige justicia tras agresión que terminó en su muerte,https://www.reduno.com.bo/noticias/familia-de-conductor-fallecido-exige-justicia-tras-agresion-que-termino-en-su-muerte-2026930164255
Vision 360,2026-09-30,20:33,Economía: Moody’s eleva la calificación de Bolivia a Caa2 y mantiene perspectiva positiva,https://www.vision360.bo/noticias/2026/09/30/70284-economia-moodys-eleva-la-calificacion-de-bolivia-a-caa2-y-mantiene-perspectiva-positiva
Los Tiempos,2026-09-30,20:36,Fiscalía ordena medidas de protección para la diputada Diana Romero por declaraciones de Barral,https://www.lostiempos.com/actualidad/seguridad/20260930/fiscalia-ordena-medidas-proteccion-diputada-diana-romero-declaraciones
ERBOL,2026-09-30,20:48,Tribunal Agroambiental ordena al Gobierno presentar un plan para intervenir zonas afectadas por la minería,https://erbol.com.bo/medio-ambiente/tribunal-agroambiental-ordena-al-gobierno-presentar-un-plan-para-intervenir-zonas
Unitel,2026-09-30,20:48,Gobernación de Chuquisaca prepara declaratoria de desastre por la sequía y pide ayuda al Gobierno,https://unitel.bo/noticias/sociedad/gobernacion-de-chuquisaca-prepara-declaratoria-de-desastre-por-la-sequia-y-pide-ayuda-al-gobierno-NL23829136
Diez,2026-09-30,20:51,"Tomayapo ganaba a Nacional, pero cede un empate a los 100 minutos",https://diez.bo/futbol/tomayapo-ganaba-a-nacional-pero-cede-un-empate-a-los-100-minutos_1790815652
Vision 360,2026-09-30,20:53,Fencomin exige destitución del ministro de Minería y lo acusa de fomentar el paralelismo sindical,https://www.vision360.bo/noticias/2026/09/30/70287-fencomin-exige-destitucion-del-ministro-de-mineria-y-lo-acusa-de-fomentar-el-paralelismo-sindical
Red Uno,2026-09-30,20:54,Dos mujeres protagonizaron pelea en una fila por gasolina en Santa Cruz,https://www.reduno.com.bo/noticias/dos-mujeres-protagonizaron-pelea-en-una-fila-por-gasolina-en-santa-cruz-2026930204218
ERBOL,2026-09-30,20:58,TSJ reordena la justicia penal y crea juzgados exclusivos para corrupción y crimen organizado,https://erbol.com.bo/seguridad/tsj-reordena-la-justicia-penal-y-crea-juzgados-exclusivos-para-corrupci%C3%B3n-y-crimen
Unitel,2026-09-30,20:59,Crecen las filas por gasolina y conductores expresan su molestia por la falta de solución al desabastecimiento,https://unitel.bo/noticias/economia/crecen-las-filas-por-gasolina-y-conductores-expresan-su-molestia-por-la-falta-de-solucion-al-desabastecimiento-CK23831298
El Deber,2026-09-30,21:04,"""Este hub va a crear inversiones, oportunidades, para conectarnos con el planeta"", afirma Mamén Saavedra",https://eldeber.com.bo/santa-cruz/este-hub-va-crear-inversiones-oportunidades-conectarnos-planeta-afirma-mamen-saavedra_1790816390
ANF,2026-09-30,21:05,"El Plan Antidroga 2026-2030 requerirá $us 492 millones y el Gobierno boliviano cubrirá el 49,6%",https://www.noticiasfides.com/nacional/seguridad/el-plan-antidroga-2026-2030-requerira-us-492-millones-y-el-gobierno-boliviano-cubrira-el-49-6
La Razon,2026-09-30,21:05,Magistratura dice que jueza que visitó a Marset fue destituida en 2025,https://larazon.bo/nacional/2026/09/30/magistratura-dice-que-jueza-que-visito-a-marset-fue-destituida-en-2025/
Red Uno,2026-09-30,21:18,Jueza vetada por EEUU: “Yo jamás me podría reunir con una persona narcotraficante”,https://www.reduno.com.bo/noticias/jueza-vetada-por-eeuu-yo-jamas-me-podria-reunir-con-una-persona-narcotraficante-202693021158
Vision 360,2026-09-30,21:18,"Tras intensa nevada en La Cumbre de La Paz, restablecen viajes hacia los Yungas",https://www.vision360.bo/noticias/2026/09/30/70293-tras-intensa-nevada-en-la-cumbre-de-la-paz-restablecen-viajes-hacia-los-yungas
Unitel,2026-09-30,21:24,Paz firma decreto y relanza el Viru Viru Hub con la convocatoria pública para su licitación,https://unitel.bo/noticias/economia/paz-firma-decreto-y-relanza-el-viru-viru-hub-con-la-convocatoria-publica-para-su-licitacion-EK23830400
La Razon,2026-09-30,21:25,Moody’s eleva la calificación de Bolivia a Caa2 y mantiene perspectiva positiva,https://larazon.bo/economia-y-empresa/2026/09/30/moodys-eleva-la-calificacion-de-bolivia-a-caa2-y-mantiene-perspectiva-positiva/
Los Tiempos,2026-09-30,21:26,Tribunal Agroambiental instruye intervención en áreas afectadas por la minería,https://www.lostiempos.com/actualidad/pais/20260930/tribunal-agroambiental-instruye-intervencion-areas-afectadas-mineria
Unitel,2026-09-30,21:26,"En medio de las filas por gasolina, las distribuidoras de gas ratifican que no saldrán a las calles desde este jueves",https://unitel.bo/noticias/economia/en-medio-de-las-filas-por-gasolina-las-distribuidoras-de-gas-ratifican-que-no-saldran-a-las-calles-desde-este-jueves-BK23830753
El Deber,2026-09-30,21:28,"JP Velasco: ""Viru Viru es la puerta principal de entrada a nuestro país""",https://eldeber.com.bo/santa-cruz/jp-velasco-viru-viru-puerta-principal-entrada-nuestro-pais_1790816434
Red Uno,2026-09-30,21:29,Paz firma decreto que permitirá la construcción de Hub de Viru Viru,https://www.reduno.com.bo/noticias/paz-firma-decreto-que-permitira-la-construccion-de-hub-de-viru-viru-2026930212659
Unitel,2026-09-30,21:29,Transporte pesado reporta que solo el 30% de su sector opera debido al diésel y el dólar,https://unitel.bo/noticias/economia/transporte-pesado-reporta-que-solo-el-30-de-su-sector-opera-debido-al-diesel-y-el-dolar-EK23830433
Red Uno,2026-09-30,21:36,El Alto: Investigan hostal con cámaras ocultas que grababa a parejas,https://www.reduno.com.bo/noticias/el-alto-investigan-hostal-con-camaras-ocultas-que-grababa-a-parejas-2026930173345
Los Tiempos,2026-09-30,21:39,Aduana libera de impuestos la importación de gasolina de aviación,https://www.lostiempos.com/actualidad/economia/20260930/aduana-libera-impuestos-importacion-gasolina-aviacion
El Deber,2026-09-30,21:41,"Para el presidente Paz, el Hub Viru Viru no permitirá que los bloqueadores ganen",https://eldeber.com.bo/santa-cruz/presidente-paz-hub-viru-viru-no-permitira-bloqueadores-ganen_1790818599
Diez,2026-09-30,21:44,Leonardo sostiene su segundo lugar en Marruecos y Suany sigue con problemas,https://diez.bo/futbol/leonardo-sostiene-su-segundo-lugar-en-marruecos-y-suany-sigue-con-problemas_1790819088
Red Uno,2026-09-30,21:51,Zamora sobre Hub Viru Viru: “Hoy hacemos realidad un proyecto esperado por décadas”,https://www.reduno.com.bo/noticias/zamora-sobre-hub-viru-viru-hoy-hacemos-realidad-un-proyecto-esperado-por-decadas-202693021438
Los Tiempos,2026-09-30,21:52,Cochabamba: Fiscalía rescató a dos niñas víctimas de violencia sexual digital,https://www.lostiempos.com/actualidad/seguridad/20260930/cochabamba-fiscalia-rescato-dos-ninas-victimas-violencia-sexual
Unitel,2026-09-30,21:56,Jueza dice desconocer motivos por los que fue vetada por EEUU y niega nexos con narcotráfico,https://unitel.bo/noticias/seguridad/jueza-dice-desconocer-motivos-por-los-que-fue-vetada-por-eeuu-y-niega-nexos-con-narcotrafico-PK23831248
Red Uno,2026-09-30,22:00,Audiencia de apelación de Cerimedo queda suspendida por falta de notificación,https://www.reduno.com.bo/noticias/audiencia-de-apelacion-de-cerimedo-queda-suspendida-por-falta-de-notificacion-2026930214929
Diez,2026-09-30,22:07,Bolivia sigue sin encontrarse y cae goleada ante Argentina,https://diez.bo/futbol/bolivia-sigue-sin-encontrarse-y-cae-goleada-ante-argentina_1790820479
La Razon,2026-09-30,22:07,Paz lanza el Hub de Viru Viru y firma decreto para su desarrollo,https://larazon.bo/economia-y-empresa/2026/09/30/paz-lanza-el-hub-de-viru-viru-y-firma-decreto-para-su-desarrollo/
La Razon,2026-09-30,22:12,Bolivia cae goleada por 4-0 ante Argentina en Córdoba,https://larazon.bo/marcas/2026/09/30/bolivia-cae-goleada-por-4-0-ante-argentina-en-cordoba/
El Deber,2026-09-30,22:13,"Ministro Zamora: ""El sueño de Santa Cruz de ser el corazón de integración aérea de Latinoamérica empieza a hacerse realidad""",https://eldeber.com.bo/santa-cruz/ministro-zamora-sueno-santa-cruz-ser-corazon-integracion-aerea-latinoamerica-empieza-hacerse-realidad_1790820802
Red Uno,2026-09-30,22:14,Vuelven las largas filas por gasolina en surtidores de La Paz,https://www.reduno.com.bo/noticias/vuelven-las-largas-filas-por-gasolina-en-surtidores-de-la-paz-2026930192945
La Razon,2026-09-30,22:18,Aprehenden a Roger Mariaca y Alberto Zeballos en Viru Viru,https://larazon.bo/nacional/2026/09/30/aprehenden-a-roger-mariaca-y-alberto-zeballos-en-viru-viru/
El Deber,2026-09-30,22:21,Jueza Alarcón niega haber visitado a Marset y anuncia pruebas sobre autoridades vinculadas al uruguayo,https://eldeber.com.bo/santa-cruz/jueza-alarcon-niega-haber-visitado-marset-anuncia-pruebas-autoridades-vinculadas-uruguayo_1790820968
El Deber,2026-09-30,22:27,Oposición afirma que campaña electoral por presidencia de Diputados ya se inició,https://eldeber.com.bo/pais/oposicion-afirma-campana-electoral-presidencia-diputados-inicio_1790820291
Red Uno,2026-09-30,22:27,Gobernación y pobladores acuerdan inspección técnica en el botadero de Cotapachi,https://www.reduno.com.bo/noticias/gobernacion-y-pobladores-acuerdan-inspeccion-tecnica-en-el-botadero-de-cotapachi-202693020155
Unitel,2026-09-30,22:38,"Aprehenden al fiscal general Roger Mariaca y al fiscal departamental de Santa Cruz, Alberto Zeballos",https://unitel.bo/noticias/seguridad/aprehenden-al-fiscal-general-roger-mariaca-y-al-fiscal-departamental-de-santa-cruz-alberto-zeballos-EK23832215
ERBOL,2026-09-30,22:44,Paz lanza convocatoria para el Hub de Viru Viru: “Ya los bloqueadores no van a ganar”,https://erbol.com.bo/nacional/paz-lanza-convocatoria-para-el-hub-de-viru-viru-%E2%80%9Cya-los-bloqueadores-no-van-ganar%E2%80%9D
Red Uno,2026-09-30,22:52,¿Qué cambiará para Santa Cruz con el nuevo Hub de Viru Viru?,https://www.reduno.com.bo/noticias/que-cambiara-para-santa-cruz-con-el-nuevo-hub-de-viru-viru-202693022338
El Deber,2026-09-30,22:54,Aprehenden a Róger Mariaca y Alberto Zeballos en Viru Viru,https://eldeber.com.bo/santa-cruz/aprehenden-roger-mariaca-alberto-zeballos-viru-viru_1790823088
Unitel,2026-09-30,23:00,¿Quién es el fiscal general del Estado Roger Mariaca?,https://unitel.bo/noticias/seguridad/quien-es-el-fiscal-general-del-estado-roger-mariaca-EK23832521
Red Uno,2026-09-30,23:03,Dictan 180 días de detención preventiva para chofer presuntamente involucrado en asalto a librecambista,https://www.reduno.com.bo/noticias/dictan-180-dias-de-detencion-preventiva-para-chofer-presuntamente-involucrado-en-asalto-a-librecambista-2026930223126
El Deber,2026-09-30,23:06,Gobernadores avanzan en la participación de los recursos de coparticipación,https://eldeber.com.bo/pais/gobernadores-avanzan-participacion-recursos-coparticipacion_1790822359
Diez,2026-09-30,23:09,Oriente y The Strongest no se sacan ventaja en el Tahuichi,https://diez.bo/futbol/oriente-y-the-strongest-no-se-sacan-ventaja-en-el-tahuichi_1790824182
El Deber,2026-09-30,23:14,"Desde el 2025 se ha suspendido a medio centenar de jueces, afirma el presidente del Consejo de la Magistratura",https://eldeber.com.bo/pais/2025-ha-suspendido-medio-centenar-jueces-afirma-presidente-consejo-magistratura_1790822713
ANF,2026-09-30,23:18,Aprehenden al fiscal general Mariaca y al de Santa Cruz Zeballos tras informe de Estados Unidos,https://www.noticiasfides.com/nacional/seguridad/aprehenden-al-fiscal-general-mariaca-y-al-de-santa-cruz-zeballos-tras-informe-de-estados-unidos
Red Uno,2026-09-30,23:20,Cochabamba adelanta la limpieza de torrenteras y bocatormentas para prevenir inundaciones,https://www.reduno.com.bo/noticias/cochabamba-adelanta-la-limpieza-de-torrenteras-y-bocatormentas-para-prevenir-inundaciones-2026930202935
Unitel,2026-09-30,23:24,“Es mi amigo”: Sale a la luz video en el que Marset habla del fiscal general Roger Mariaca,https://unitel.bo/noticias/seguridad/es-mi-amigo-sale-a-la-luz-video-en-el-que-marset-habla-del-fiscal-general-roger-mariaca-HK23832577
Unitel,2026-09-30,23:25,Fiscalía denuncia “secuestro” de Mariaca y que policías encapuchados ingresaron a instalaciones en Sucre,https://unitel.bo/noticias/seguridad/fiscalia-denuncia-secuestro-de-mariaca-y-que-policias-encapuchados-ingresaron-a-instalaciones-en-sucre-BK23832560
Red Uno,2026-09-30,23:29,Fiscalía denuncia en redes sociales aprehensión irregular de Mariaca,https://www.reduno.com.bo/noticias/fiscalia-denuncia-en-redes-sociales-aprehension-irregular-de-mariaca-2026930232824
ANF,2026-09-30,23:31,Policías toman las oficinas de la Fiscalía General del Estado y arrestan a todos los funcionarios,https://www.noticiasfides.com/nacional/seguridad/policias-toman-las-oficinas-de-la-fiscalia-general-del-estado-y-arrestan-a-todos-los-funcionarios
Unitel,2026-09-30,23:31,Marset dice en un audio que contactó a Del Castillo por intermedio de un policía,https://unitel.bo/noticias/seguridad/marset-dice-en-un-audio-que-contacto-a-del-castillo-por-intermedio-de-un-policia-HK23832995
ERBOL,2026-09-30,23:34,Reportan la aprehensión de los fiscales Roger Mariaca y Alberto Zeballos,https://erbol.com.bo/seguridad/reportan-la-aprehensi%C3%B3n-de-los-fiscales-roger-mariaca-y-alberto-zeballos
La Razon,2026-09-30,23:38,FGE denuncia allanamiento ilegal y aprehensiones injustificadas,https://larazon.bo/nacional/2026/09/30/fge-denuncia-allanamiento-ilegal-y-aprehensiones-injustificadas/
Vision 360,2026-10-01,00:00,Financiar el déficit es mejor negocio que apoyar la producción,https://www.vision360.bo/noticias/2026/10/01/70224-financiar-el-deficit-es-mejor-negocio-que-apoyar-la-produccion
ANF,2026-10-01,00:02,"Marset dice en un video que el fiscal Mariaca es su ""amigo"" y que le avisaba “lo que tiene que avisar”",https://www.noticiasfides.com/nacional/seguridad/marset-dice-en-un-video-que-el-fiscal-mariaca-es-su-amigo-y-que-le-avisaba-lo-que-tiene-que-avisar
ANF,2026-10-01,00:02,"Marset dice en un video que el fiscal Mariaca es su ""amigo"" y que le avisaba “lo que tiene que avisar”",https://www.noticiasfides.com/justicia/marset-dice-en-un-video-que-el-fiscal-mariaca-es-su-amigo-y-que-le-avisaba-lo-que-tiene-que-avisar
Los Tiempos,2026-10-01,00:02,Policías allanan la Fiscalía General del Estado,https://www.lostiempos.com/actualidad/seguridad/20261001/policias-allanan-fiscalia-general-del-estado
Los Tiempos,2026-10-01,00:04,"Aprehenden al fiscal general Roger Mariaca y al fiscal de Santa Cruz, Alberto Zeballos",https://www.lostiempos.com/actualidad/seguridad/20261001/aprehenden-al-fiscal-general-roger-mariaca-al-fiscal-santa-cruz
Unitel,2026-10-01,00:05,"Intervienen las fiscalías en La Paz, Santa Cruz y Chuquisaca tras la aprehensión de Mariaca",https://unitel.bo/noticias/seguridad/intervienen-las-fiscalias-en-la-paz-santa-cruz-y-chuquisaca-tras-la-aprehension-de-mariaca-KK23833018
ERBOL,2026-10-01,00:09,Fiscalía dice que Mariaca fue secuestrado y denuncia allanamiento policial,https://erbol.com.bo/seguridad/fiscal%C3%ADa-dice-que-mariaca-fue-secuestrado-y-denuncia-allanamiento-policial
Opinion,2026-10-01,00:09,"Cayó Mariaca, EEUU tiene datos obtenidos de ""Marset y otros"" y el caso ""es más grande""",https://www.opinion.com.bo/pais/cayo-mariaca-eeuu-tiene-datos-obtenidos-marset-otros-caso-es-mas-grande/20261001000940996943.html
Unitel,2026-10-01,00:09,"Reportan la aprehensión de Eduardo Del Castillo, exministro de Gobierno de Luis Arce",https://unitel.bo/noticias/seguridad/reportan-la-aprehension-de-eduardo-del-castillo-exministro-de-gobierno-de-luis-arce-CK23833098
El Deber,2026-10-01,00:11,Policía interviene la Fiscalía Departamental de Santa Cruz,https://eldeber.com.bo/santa-cruz/policia-interviene-fiscalia-departamental-santa-cruz_1790827537
Opinion,2026-10-01,00:23,Policía allana la Fiscalía General; arrestan a funcionarios que denunciaban “secuestro” del Fiscal General,https://www.opinion.com.bo/pais/policia-allana-fiscalia-general-arrestan-funcionarios-que-denunciaban-secuestro-fiscal-general/20261001002320996945.html
La Razon,2026-10-01,00:25,Reportan la aprehensión del exministro Eduardo del Castillo,https://larazon.bo/nacional/2026/10/01/reportan-la-aprehension-del-exministro-eduardo-del-castillo/
El Deber,2026-10-01,00:29,Policía interviene la Fiscalía en Sucre tras la aprehensión de Mariaca y Zeballos,https://eldeber.com.bo/pais/policia-interviene-fiscalia-sucre-aprehension-mariaca-zeballos_1790828246
Unitel,2026-10-01,00:32,Funcionarios de la Fiscalía de Chuquisaca son trasladados a dependencias policiales,https://unitel.bo/noticias/seguridad/funcionarios-de-la-fiscalia-de-chuquisaca-son-trasladados-a-dependencias-policiales-EK23833340
El Deber,2026-10-01,00:38,Aprehenden a Eduardo Del Castillo en La Paz tras difusión de video de Marset,https://eldeber.com.bo/pais/aprehenden-eduardo-castillo-paz-difusion-video-marset_1790829058
Los Tiempos,2026-10-01,00:41,Reportan aprehensión del exministro Eduardo del Castillo,https://www.lostiempos.com/actualidad/seguridad/20261001/reportan-aprehension-del-exministro-eduardo-del-castillo
Red Uno,2026-10-01,00:48,Marset afirma en un audio que pagó $us 500.000 a Del Castillo,https://www.reduno.com.bo/noticias/marset-afirma-en-un-audio-que-pago-us-500-000-a-del-castillo-202610104631
ERBOL,2026-10-01,00:52,Difunden supuesto video donde Marset se refiere a Mariaca como su “amigo”,https://erbol.com.bo/seguridad/difunden-supuesto-video-donde-marset-se-refiere-mariaca-como-su-%E2%80%9Camigo%E2%80%9D
Opinion,2026-10-01,00:53,Caso Marset: Reportan la aprehensión de Eduardo Del Castillo,https://www.opinion.com.bo/pais/caso-marset-reportan-aprehension-eduardo-castillo/20261001005318996946.html
Vision 360,2026-10-01,00:54,Reportan aprehensión de Eduardo Del Castillo en medio de operativos por el caso Marset,https://www.vision360.bo/noticias/2026/10/01/70326-reportan-aprehension-de-eduardo-del-castillo-en-medio-de-operativos-por-el-caso-marset
La Razon,2026-10-01,00:56,El Tigre empata; Oriente denuncia y bochorno en el Tahuichi,https://larazon.bo/marcas/2026/10/01/el-tigre-empata-oriente-denuncia-y-bochorno-en-el-tahuichi/
ANF,2026-10-01,00:59,"Reportan la aprehensión del exministro Eduardo Del Castillo, fue mencionado por Marset en un audio",https://www.noticiasfides.com/nacional/seguridad/reportan-la-aprehension-del-exministro-eduardo-del-castillo-fue-mencionado-por-marset-en-un-audio
Los Tiempos,2026-10-01,01:08,Fiscalía cita a declarar a Amílcar Barral por denuncia de acoso político de Romero,https://www.lostiempos.com/actualidad/seguridad/20261001/fiscalia-cita-declarar-amilcar-barral-denuncia-acoso-politico-romero
La Razon,2026-10-01,01:15,"La Policía interviene fiscalías en La Paz, Santa Cruz y Chuquisaca",https://larazon.bo/nacional/2026/10/01/la-policia-interviene-fiscalias-en-la-paz-santa-cruz-y-chuquisaca/
ANF,2026-10-01,01:29,"En un audio, Marset dice que pagó $us 500.000 a Del Castillo y Mariaca para que lo dejen vivir en Bolivia",https://www.noticiasfides.com/nacional/seguridad/en-un-audio-marset-dice-que-pago-us-500-000-a-del-castillo-y-mariaca-para-que-lo-dejen-vivir-en-bolivia
Los Tiempos,2026-10-01,01:31,"Aprehenden al fiscal general Mariaca, al fiscal de Santa Cruz y al Del Castillo",https://www.lostiempos.com/actualidad/seguridad/20261001/aprehenden-al-fiscal-general-mariaca-al-fiscal-santa-cruz-al-del
La Razon,2026-10-01,01:38,La otra agenda del embajador camacho,https://larazon.bo/voces/2026/10/01/la-otra-agenda-del-embajador-camacho/
La Razon,2026-10-01,01:40,Exigimos respeto,https://larazon.bo/opinion/columnistas/2026/10/01/exigimos-respeto/
El Deber,2026-10-01,01:43,"Aprehenden a Martín Irusta, fiscal superior y exabogado de Evo",https://eldeber.com.bo/santa-cruz/aprehenden-martin-irusta-fiscal-superior-exabogado-evo_1790831996
La Razon,2026-10-01,01:46,Electromovilidad en Bolivia: El desafío de formar técnicos para los vehículos eléctricos,https://larazon.bo/voces/2026/10/01/electromovilidad-en-bolivia-el-desafio-de-formar-tecnicos-para-los-vehiculos-electricos/
Vision 360,2026-10-01,01:53,Intervienen la Fiscalía General en Sucre y despliegan resguardo policial en predios del Ministerio Público de Santa Cruz y La Paz,https://www.vision360.bo/noticias/2026/10/01/70329-intervienen-la-fiscalia-general-en-sucre-y-despliegan-resguardo-policial-en-predios-del-ministerio-publico-de-santa-cruz-y-la-paz
La Razon,2026-10-01,01:58,Nuevo video de Marset causa una lluvia de aprehensiones,https://larazon.bo/nacional/2026/10/01/nuevo-video-de-marset-causa-una-lluvia-de-aprehensiones/
El Deber,2026-10-01,02:44,De Mariaca a Del Castillo: las claves del megaoperativo que sacude al país por el caso Marset,https://eldeber.com.bo/pais/mariaca-castillo-claves-megaoperativo-sacude-pais-caso-marset_1790836303
El Deber,2026-10-01,04:16,"Romel Ipamo, abogado de la familia Mariaca: ""Se va a colaborar con todo""",https://eldeber.com.bo/santa-cruz/romel-ipamo-abogado-mariaca-va-colaborar-todo_1790842562
El Deber,2026-10-01,05:00,Ser maestro no es un oficio de ocasión,https://eldeber.com.bo/opinion/ser-maestro-no-oficio-ocasion_1790804104
El Deber,2026-10-01,05:00,Izquierdas y derechas,https://eldeber.com.bo/opinion/izquierdas-derechas_1790804333
El Deber,2026-10-01,05:00,Cuando el padre es el depredador,https://eldeber.com.bo/opinion/cuando-padre-depredador_1790804606
El Deber,2026-10-01,05:00,"El café, una costumbre cruceña que se renueva",https://eldeber.com.bo/opinion/cafe-costumbre-crucena-renueva_1790804841
El Deber,2026-10-01,05:00,Empresas públicas: lo pasado… ¿pisado?,https://eldeber.com.bo/opinion/empresas-publicas-pasado-pisado_1790805096
El Deber,2026-10-01,05:00,Cara a cara,https://eldeber.com.bo/opinion/cara-cara_1790814631
El Deber,2026-10-01,05:00,"Octubre, mes de mal presagio en Bolivia",https://eldeber.com.bo/opinion/octubre-mes-mal-presagio-bolivia_1790814797
Unitel,2026-10-01,05:17,Hallan fajos de billetes en una ambulancia que salió del condominio en el que vive Mariaca,https://unitel.bo/noticias/seguridad/hallan-fajos-de-billetes-en-una-ambulancia-que-salio-del-condominio-en-el-que-vive-mariaca-GK23835715
Unitel,2026-10-01,05:32,Caso Mariaca: Lara dice que “nadie está por encima de la ley” y desliza la participación de la DEA en los operativos,https://unitel.bo/noticias/politica/caso-mariaca-lara-dice-que-nadie-esta-por-encima-de-la-ley-y-desliza-la-participacion-de-la-dea-en-los-operativos-HK23835929
El Diario,2026-10-01,05:50,Diplomacia cruceña ejemplo de desarrollo frente al centralismo tranca,https://www.eldiario.net/portal/2026/10/01/435233/
El Diario,2026-10-01,05:51,Habitar juntos en el mundo; bajo el soplo de la solidaridad,https://www.eldiario.net/portal/2026/10/01/habitar-juntos-en-el-mundo-bajo-el-soplo-de-la-solidaridad/
El Diario,2026-10-01,05:52,"¿Soplan vientos de nuevos cambios?, ¿matriz energética versus matriz política?",https://www.eldiario.net/portal/2026/10/01/soplan-vientos-de-nuevos-cambios-matriz-energetica-versus-matriz-politica/
El Diario,2026-10-01,05:53,El mito democrático de la Cuarta Transformación,https://www.eldiario.net/portal/2026/10/01/el-mito-democratico-de-la-cuarta-transformacion-2/
El Diario,2026-10-01,05:53,El día después del diésel,https://www.eldiario.net/portal/2026/10/01/el-dia-despues-del-diesel/
El Diario,2026-10-01,05:54,Destruyendo pruebas,https://www.eldiario.net/portal/2026/10/01/destruyendo-pruebas/
El Diario,2026-10-01,05:55,Modelo de Desarrollo Cruceño: 1.300.000 descargas y una gran verdad,https://www.eldiario.net/portal/2026/10/01/modelo-de-desarrollo-cruceno-1-300-000-descargas-y-una-gran-verdad/
El Diario,2026-10-01,05:55,"El diésel a Bs 17,95 y la estrategia del shock",https://www.eldiario.net/portal/2026/10/01/el-diesel-a-bs-1795-y-la-estrategia-del-shock/
El Diario,2026-10-01,05:56,Hacia una nueva ley de tierras desde la visión indígena de Bolivia,https://www.eldiario.net/portal/2026/10/01/hacia-una-nueva-ley-de-tierras-desde-la-vision-indigena-de-bolivia/
El Diario,2026-10-01,05:58,Soluciones empíricas para problemas reales,https://www.eldiario.net/portal/2026/10/01/soluciones-empiricas-para-problemas-reales/
El Diario,2026-10-01,05:59,Policía investiga robo de Bs 40.000 en una tienda,https://www.eldiario.net/portal/2026/10/01/policia-investiga-robo-de-bs-40-000-en-una-tienda/
El Deber,2026-10-01,06:00,"Caída de un tinglado deja 12 heridos en San Pedro, todos ya están fuera de peligro",https://eldeber.com.bo/santa-cruz/caida-tinglado-deja-12-heridos-san-pedro-todos-estan-fuera-peligro_1790848826
El Diario,2026-10-01,06:00,Magistratura interviene juzgado de jueza vinculada a Marset,https://www.eldiario.net/portal/2026/10/01/magistratura-interviene-juzgado-de-jueza-vinculada-a-marset-2/
El Diario,2026-10-01,06:01,Aprehenden a dos personas por robo de ganado en Cotoca,https://www.eldiario.net/portal/2026/10/01/aprehenden-a-dos-personas-por-robo-de-ganado-en-cotoca/
El Diario,2026-10-01,06:01,Fiscalía niega reunión entre Mariaca y Marset,https://www.eldiario.net/portal/2026/10/01/fiscalia-niega-reunion-entre-mariaca-y-marset/
El Diario,2026-10-01,06:02,Pando incorpora drones térmicos para reforzar control fronterizo,https://www.eldiario.net/portal/2026/10/01/pando-incorpora-drones-termicos-para-reforzar-control-fronterizo/
El Diario,2026-10-01,06:03,Piden confiscar bienes de Armin Dorgathen,https://www.eldiario.net/portal/2026/10/01/piden-confiscar-bienes-de-armin-dorgathen/
El Deber,2026-10-01,06:05,"Vuelve el agua a la Pampa, pero persiste la baja presión",https://eldeber.com.bo/santa-cruz/vuelve-agua-pampa-persiste-baja-presion_1790849126
El Diario,2026-10-01,06:05,Argentina golea 4-0 a Bolivia,https://www.eldiario.net/portal/2026/10/01/argentina-golea-4-0-a-bolivia/
El Diario,2026-10-01,06:06,Estados Unidos se retira de forma oficial de Irak,https://www.eldiario.net/portal/2026/10/01/estados-unidos-se-retira-de-forma-oficial-de-irak-2/
El Diario,2026-10-01,06:06,Escándalo por suspensión de visas no debe tapar el caso Cerimedo,https://www.eldiario.net/portal/2026/10/01/escandalo-por-suspension-de-visas-no-debe-tapar-el-caso-cerimedo-2/
El Diario,2026-10-01,06:07,Banco Mundial apoyará pacto fiscal y reordenamiento municipal,https://www.eldiario.net/portal/2026/10/01/banco-mundial-apoyara-pacto-fiscal-y-reordenamiento-municipal/
El Diario,2026-10-01,06:07,Gasolina de aviación importada será vendida sin subvención,https://www.eldiario.net/portal/2026/10/01/gasolina-de-aviacion-importada-sera-vendida-sin-subvencion/
El Diario,2026-10-01,06:08,Analizarán transferencia adicional tributaria del 15%,https://www.eldiario.net/portal/2026/10/01/analizaran-transferencia-adicional-tributaria-del-15/
Unitel,2026-10-01,06:08,Reportan la liberación de funcionarios de la Fiscalía que fueron arrestados cuando daban una conferencia,https://unitel.bo/noticias/seguridad/reportan-la-liberacion-de-funcionarios-de-la-fiscalia-que-fueron-arrestados-cuando-daban-una-conferencia-IK23836860
El Diario,2026-10-01,06:09,Aprehenden a Fiscal General y a exministro Eduardo Del Castillo,https://www.eldiario.net/portal/2026/10/01/aprehenden-a-fiscal-general-y-a-exministro-eduardo-del-castillo/
El Diario,2026-10-01,06:10,“Apthapi” encabeza elección del Plato Metrópoli Alteño,https://www.eldiario.net/portal/2026/10/01/apthapi-encabeza-eleccion-del-plato-metropoli-alteno/
El Diario,2026-10-01,06:10,Descartan alza de pasajes y sancionarán trameaje,https://www.eldiario.net/portal/2026/10/01/descartan-alza-de-pasajes-y-sancionaran-trameaje-2/
El Deber,2026-10-01,06:11,"Gasolina vuelve a los surtidores, pero persisten riesgos logísticos",https://eldeber.com.bo/economia/gasolina-vuelve-surtidores-persisten-riesgos-logisticos_1790849498
El Diario,2026-10-01,06:12,Vía Oruro – Cochabamba transitable con precaución por nieve y neblina,https://www.eldiario.net/portal/2026/10/01/via-oruro-cochabamba-transitable-con-precaucion-por-nieve-y-neblina-2/
El Diario,2026-10-01,06:12,Sucre aplicará nuevas tarifas para micros,https://www.eldiario.net/portal/2026/10/01/sucre-aplicara-nuevas-tarifas-para-micros/
Unitel,2026-10-01,06:12,"Tras la aprehensión de Mariaca, Lara dice que Paz no puede designar su reemplazo por decreto",https://unitel.bo/noticias/politica/tras-la-aprehension-de-mariaca-lara-dice-que-paz-no-puede-designar-su-reemplazo-por-decreto-JK23836843
El Diario,2026-10-01,06:13,Feria mostrará talentos de centros de acogida,https://www.eldiario.net/portal/2026/10/01/feria-mostrara-talentos-de-centros-de-acogida-2/
El Diario,2026-10-01,06:14,Lingote de estaño pesa 17 kilos y revive en la Casa de Moneda,https://www.eldiario.net/portal/2026/10/01/lingote-de-estano-pesa-17-kilos-y-revive-en-la-casa-de-moneda/
El Diario,2026-10-01,06:14,Ciudad de Quillacollo acumula 680 toneladas de basura por bloqueo,https://www.eldiario.net/portal/2026/10/01/ciudad-de-quillacollo-acumula-680-toneladas-de-basura-por-bloqueo/
El Diario,2026-10-01,06:15,Comunarios rechazan desvío eléctrico y defienden vertientes,https://www.eldiario.net/portal/2026/10/01/comunarios-rechazan-desvio-electrico-y-defienden-vertientes/
Unitel,2026-10-01,06:15,Luis Montaño Morales dice que asume como fiscal general del Estado interino tras aprehensión de Mariaca,https://unitel.bo/noticias/seguridad/luis-montano-morales-dice-que-asume-como-fiscal-general-del-estado-interino-tras-aprehension-de-mariaca-FK23836751
Unitel,2026-10-01,06:15,"“Desconozco el paradero de Mariaca”, dijo Luis Montaño tras presentarse como fiscal general del Estado interino",https://unitel.bo/noticias/seguridad/desconozco-el-paradero-de-mariaca-dijo-luis-montano-tras-presentarse-como-fiscal-general-del-estado-interino-MK23836974
El Diario,2026-10-01,06:16,Bolivia es elegida miembro del Comité Ejecutivo de OPS/OMS,https://www.eldiario.net/portal/2026/10/01/bolivia-es-elegida-miembro-del-comite-ejecutivo-de-ops-oms-2/
El Diario,2026-10-01,06:16,ABC rehabilita paso vehicular a los Yungas,https://www.eldiario.net/portal/2026/10/01/abc-rehabilita-paso-vehicular-a-los-yungas-2/
El Diario,2026-10-01,06:17,Campaña 37 del Programa Manitos realiza cirugías gratuitas en La Paz,https://www.eldiario.net/portal/2026/10/01/campana-37-del-programa-manitos-realiza-cirugias-gratuitas-en-la-paz/
El Deber,2026-10-01,06:18,Quema en Arica agrava daños al sector forestal boliviano,https://eldeber.com.bo/economia/quema-arica-agrava-danos-sector-forestal-boliviano_1790849882
El Diario,2026-10-01,06:19,Alertan de espionaje a universidades por empresa que roba investigaciones,https://www.eldiario.net/portal/2026/10/01/alertan-de-espionaje-a-universidades-por-empresa-que-roba-investigaciones/
El Diario,2026-10-01,06:19,Rusia amenaza con usar armas nucleares si aíslan Kaliningrado,https://www.eldiario.net/portal/2026/10/01/rusia-amenaza-con-usar-armas-nucleares-si-aislan-kaliningrado/
El Diario,2026-10-01,06:20,Primer escritor cubano en recibir un «Abrazo de honor»,https://www.eldiario.net/portal/2026/10/01/primer-escritor-cubano-en-recibir-un-abrazo-de-honor/
El Diario,2026-10-01,06:20,Condenas que amenazan a esposa e hija de alias “Fito”,https://www.eldiario.net/portal/2026/10/01/condenas-que-amenazan-a-esposa-e-hija-de-alias-fito/
El Diario,2026-10-01,06:21,Corte autoriza ejecución de Christa Pike en Tennessee,https://www.eldiario.net/portal/2026/10/01/corte-autoriza-ejecucion-de-christa-pike-en-tennessee/
El Diario,2026-10-01,06:21,Candidatos pretenden ganar votación femenina con medidas contra violencia,https://www.eldiario.net/portal/2026/10/01/candidatos-pretenden-ganar-votacion-femenina-con-medidas-contra-violencia/
El Diario,2026-10-01,06:24,YPFB garantiza distribución de GLP tras acuerdo,https://www.eldiario.net/portal/2026/10/01/ypfb-garantiza-distribucion-de-glp-tras-acuerdo/
El Diario,2026-10-01,06:25,Gobierno relanza proyecto del Hub Viru Viru,https://www.eldiario.net/portal/2026/10/01/gobierno-relanza-proyecto-del-hub-viru-viru/
El Diario,2026-10-01,06:25,Mood´ys mejora nuevamente calificación de Bolivia,https://www.eldiario.net/portal/2026/10/01/moodys-mejora-nuevamente-calificacion-de-bolivia/
El Deber,2026-10-01,06:26,Luis Montaño asume como nuevo Fiscal General del Estado interino,https://eldeber.com.bo/pais/luis-montano-asume-nuevo-fiscal-general-estado-interino_1790850415
El Diario,2026-10-01,06:26,Pacto fiscal avanza y ahora toca definir ingresos y transferencias,https://www.eldiario.net/portal/2026/10/01/pacto-fiscal-avanza-y-ahora-toca-definir-ingresos-y-transferencias-2/
El Diario,2026-10-01,06:26,"Ante rumores de eliminar subvención a la gasolina, Gobierno asegura su continuidad",https://www.eldiario.net/portal/2026/10/01/ante-rumores-de-eliminar-subvencion-a-la-gasolina-gobierno-asegura-su-continuidad/
El Diario,2026-10-01,06:27,Impulsan primer corredor bioceánico amazónico,https://www.eldiario.net/portal/2026/10/01/impulsan-primer-corredor-bioceanico-amazonico/
El Diario,2026-10-01,06:28,CDLP plantea 4 medidas para desarrollar economía de La Paz,https://www.eldiario.net/portal/2026/10/01/cdlp-plantea-4-medidas-para-desarrollar-economia-de-la-paz-2/
El Diario,2026-10-01,06:29,Reactivación del transporte de combustibles permitirá reducir filas por gasolina,https://www.eldiario.net/portal/2026/10/01/reactivacion-del-transporte-de-combustibles-permitira-reducir-filas-por-gasolina-2/
El Diario,2026-10-01,06:32,Sudamérica dispondrá de solo tres cupos y medio para el Mundial 2030,https://www.eldiario.net/portal/2026/10/01/sudamerica-dispondra-de-solo-tres-cupos-y-medio-para-el-mundial-2030/
El Diario,2026-10-01,06:32,Nacional Potosí empata con un penal en la adición,https://www.eldiario.net/portal/2026/10/01/nacional-potosi-empata-con-un-penal-en-la-adicion/
ERBOL,2026-10-01,06:33,Luis Montaño se proclama Fiscal General por su antigüedad tras la captura de Mariaca,https://erbol.com.bo/seguridad/luis-monta%C3%B1o-se-proclama-fiscal-general-por-su-antig%C3%BCedad-tras-la-captura-de-mariaca
El Diario,2026-10-01,06:33,Nacif le ahoga la fiesta al Tigre,https://www.eldiario.net/portal/2026/10/01/nacif-le-ahoga-la-fiesta-al-tigre/
El Diario,2026-10-01,06:35,La Verde cae por goleada ante Argentina,https://www.eldiario.net/portal/2026/10/01/la-verde-cae-por-goleada-ante-argentina/
Unitel,2026-10-01,06:35,Mabel Andrade será presentada como fiscal departamental de Santa Cruz interina,https://unitel.bo/noticias/seguridad/mabel-andrade-sera-presentada-como-fiscal-departamental-de-santa-cruz-interina-DK23837040
Unitel,2026-10-01,06:37,Octubre comienza con cielo nuboso y probabilidad de lluvias en Santa Cruz,https://unitel.bo/noticias/sociedad/octubre-comienza-con-cielo-nuboso-y-probabilidad-de-lluvias-en-santa-cruz-PK23837109
Unitel,2026-10-01,06:47,Aprehensión: Video muestra a Roger Mariaca en dependencias policiales,https://unitel.bo/noticias/seguridad/aprehension-video-muestra-a-roger-mariaca-en-dependencias-policiales-LK23837279
La Razon,2026-10-01,06:48,Luis Montaño asume como fiscal general interino tras la aprehensión de Mariaca,https://larazon.bo/nacional/2026/10/01/luis-montano-anuncia-que-asumira-como-fiscal-general-tras-la-aprehension-de-mariaca/
Unitel,2026-10-01,06:53,Jueza Alarcón dice que no se reunió con Marset y asegura que presentará pruebas,https://unitel.bo/noticias/seguridad/jueza-alarcon-dice-que-no-se-reunio-con-marset-y-asegura-que-presentara-pruebas-HK23837365
Los Tiempos,2026-10-01,06:54,Trasladan a la Felcn de El Alto al fiscal general Roger Mariaca y al fiscal de Santa Cruz,https://www.lostiempos.com/actualidad/seguridad/20261001/trasladan-felcn-alto-al-fiscal-general-roger-mariaca-al-fiscal-santa
Red Uno,2026-10-01,06:55,“Para todos ha sido una sorpresa”: abogado de Mariaca habla tras su aprehensión,https://www.reduno.com.bo/noticias/para-todos-ha-sido-una-sorpresa-abogado-de-mariaca-habla-tras-su-aprehension-202610164451
ERBOL,2026-10-01,06:58,"Tras la captura de Mariaca, Lara aboga por el debido proceso y rechaza que extranjeros ejerzan aprehensiones",https://erbol.com.bo/nacional/tras-la-captura-de-mariaca-lara-aboga-por-el-debido-proceso-y-rechaza-que-extranjeros
Unitel,2026-10-01,07:04,La Fiscalía General publica un comunicado en el que habla de la “ausencia definitiva” de Mariaca y respalda a Luis Montaño,https://unitel.bo/noticias/politica/la-fiscalia-general-publica-un-comunicado-en-el-que-habla-de-la-ausencia-definitiva-de-mariaca-y-respalda-a-luis-montano-BK23837503
La Razon,2026-10-01,07:05,"Aprehenden a Martín Irusta, fiscal superior y exabogado de Evo Morales",https://larazon.bo/nacional/2026/10/01/aprehenden-martin-irusta-fiscal-superior-y-exabogado-de-evo-morales/
Unitel,2026-10-01,07:05,Caso Mariaca: Policía confirma cuatro arrestados por el traslado de cuantiosa suma de dinero en una ambulancia,https://unitel.bo/noticias/seguridad/caso-mariaca-policia-confirma-cuatro-arrestados-por-el-traslado-de-cuantiosa-suma-de-dinero-en-una-ambulancia-DK23837576
Los Tiempos,2026-10-01,07:11,"""Mariaca es mi amigo"": Difunden video de Marset tras aprehensión del fiscal general",https://www.lostiempos.com/actualidad/seguridad/20261001/mariaca-es-mi-amigo-difunden-video-marset-aprehension-del-fiscal
Vision 360,2026-10-01,07:14,Luis Montaño asume como Fiscal General interino en reemplazo de Mariaca,https://www.vision360.bo/noticias/2026/10/01/70335-luis-montano-asume-como-fiscal-general-interino-en-reemplazo-de-mariaca
Los Tiempos,2026-10-01,07:16,Vicepresidente Lara sugiere la intervención de la DEA en la captura de Mariaca,https://www.lostiempos.com/actualidad/seguridad/20261001/vicepresidente-lara-sugiere-intervencion-dea-captura-mariaca
Unitel,2026-10-01,07:16,Lula enfrenta al hijo de Bolsonaro en un carrera electoral que se muestra reñida en Brasil,https://unitel.bo/noticias/mundo/lula-enfrenta-al-hijo-de-bolsonaro-en-un-carrera-electoral-que-se-muestra-renida-en-brasil-MK23837803
ANF,2026-10-01,07:17,Luis Montaño asume como fiscal general y Mabel Andrade como fiscal departamental de Santa Cruz de forma interina,https://www.noticiasfides.com/nacional/seguridad/luis-montano-asume-como-fiscal-general-y-mabel-andrade-como-fiscal-departamental-de-santa-cruz-de-forma-interina
La Razon,2026-10-01,07:20,Mariaca y Zeballos declaran en la FELCN de El Alto,https://larazon.bo/nacional/2026/10/01/mariaca-y-zeballos-declaran-en-la-felcc-de-el-alto/
Red Uno,2026-10-01,07:20,Mabel Andrade asume como fiscal departamental de Santa Cruz tras aprehensión de Zeballos,https://www.reduno.com.bo/noticias/mabel-andrade-asume-como-fiscal-departamental-de-santa-cruz-tras-aprehension-de-zeballos-202610162859
Los Tiempos,2026-10-01,07:21,Policía halla fajos de billetes en una ambulancia que salió del condominio en el que vive Mariaca,https://www.lostiempos.com/actualidad/seguridad/20261001/policia-halla-fajos-billetes-ambulancia-que-salio-del-condominio-que
Unitel,2026-10-01,07:24,"Con una colcha y brindando su declaración, así fue retratado el fiscal departamental de Santa Cruz tras su aprehensión",https://unitel.bo/noticias/seguridad/con-una-colcha-y-brindando-su-declaracion-asi-fue-retratado-el-fiscal-departamental-de-santa-cruz-tras-su-aprehension-DK23837985
El Deber,2026-10-01,07:29,Policía muestra fajos de dinero encontrados en una ambulancia que salió del condominio donde vive Mariaca,https://eldeber.com.bo/santa-cruz/policia-muestra-fajos-dinero-encontrados-ambulancia-salio-condominio-donde-vive-mariaca_1790853959
ANF,2026-10-01,07:30,Luis Montaño Morales asume como fiscal general del Estado en reemplazo de Mariaca,https://www.noticiasfides.com/nacional/seguridad/luis-montano-morales-asume-como-fiscal-general-del-estado-en-reemplazo-de-mariaca
Unitel,2026-10-01,07:30,Oviedo: “Se desmontó una organización criminal” liderada por Mariaca que “protegía” el narcoterrorismo,https://unitel.bo/noticias/seguridad/oviedo-se-desmonto-una-organizacion-criminal-liderada-por-mariaca-que-protegia-el-narcoterrorismo-PK23838016
Unitel,2026-10-01,07:34,"Los fiscales Mariaca y Zeballos están en la Felcn de El Alto; serán sometidos a la justicia ordinaria, anuncia el Gobierno",https://unitel.bo/noticias/seguridad/los-fiscales-mariaca-y-zeballos-estan-en-la-felcn-de-el-alto-seran-sometidos-a-la-justicia-ordinaria-anuncia-el-gobierno-IK23838077
Unitel,2026-10-01,07:39,"Oficial: Del Castillo “no está detenido”, pero “se lo está buscando”, revela el Gobierno",https://unitel.bo/noticias/seguridad/oficial-del-castillo-no-esta-detenido-pero-se-lo-esta-buscando-revela-el-gobierno-IK23838154
Unitel,2026-10-01,07:39,"Ministro de Gobierno: Mariaca fue detenido por organización criminal, legitimación de ganancias ilícitas y narcotráfico",https://unitel.bo/noticias/seguridad/ministro-de-gobierno-mariaca-fue-detenido-por-organizacion-criminal-legitimacion-de-ganancias-ilicitas-y-narcotrafico-MK23838136
Los Tiempos,2026-10-01,07:44,Oviedo: “Se ha desmontado una organización criminal enquistada en el Ministerio Público”,https://www.lostiempos.com/actualidad/pais/20261001/oviedo-se-ha-desmontado-organizacion-criminal-enquistada-ministerio-publico
Unitel,2026-10-01,07:44,Mabel Andrade asume como fiscal departamental de Santa Cruz interina tras aprehensión de Alberto Zeballos,https://unitel.bo/noticias/seguridad/mabel-andrade-asume-como-fiscal-departamental-de-santa-cruz-interina-tras-aprehension-de-alberto-zeballos-CK23838208
El Deber,2026-10-01,07:46,“Se ha desmontado una organización criminal” liderada por Mariaca: Gobierno confirma la aprehensión de 14 personas,https://eldeber.com.bo/pais/ha-desmontado-organizacion-criminal-gobierno-confirma-aprehension-mariaca-otras-13-personas_1790855170
La Razon,2026-10-01,07:46,Oviedo dice que se desmontó una ‘organización criminal’ liderada por Mariaca,https://larazon.bo/nacional/2026/10/01/aprehension-de-fiscales-gobierno-dice-que-desmonto-una-organizacion-criminal/
Red Uno,2026-10-01,07:49,Gobierno aclara que Eduardo Del Castillo no fue aprehendido y es buscado,https://www.reduno.com.bo/noticias/gobierno-aclara-que-eduardo-del-castillo-no-fue-aprehendido-y-es-buscado-202610174245
ERBOL,2026-10-01,07:50,"“Eduardo Del Castillo no está detenido y se lo está buscando”, informa el ministro de Gobierno",https://erbol.com.bo/seguridad/%E2%80%9Ceduardo-del-castillo-no-est%C3%A1-detenido-y-se-lo-est%C3%A1-buscando%E2%80%9D-informa-el-ministro-de
ANF,2026-10-01,07:51,Oviedo reporta 14 detenciones entre anoche y esta madrugada y asegura que desmanteló una estructura criminal,https://www.noticiasfides.com/nacional/seguridad/oviedo-reporta-14-detenciones-entre-anoche-y-esta-madrugada-y-asegura-que-desmantelo-una-estructura-criminal
ANF,2026-10-01,07:54,Gobierno informa que buscan al exministro de Gobierno Eduardo Del Castillo,https://www.noticiasfides.com/nacional/seguridad/gobierno-informa-que-buscan-al-exministro-de-gobierno-eduardo-del-castillo
El Diario,2026-10-01,07:54,Amenazas y criticas de un prófugo no pueden tomarse con seriedad,https://www.eldiario.net/portal/2026/10/01/amenazas-y-criticas-de-un-profugo-no-pueden-tomarse-con-seriedad-2/
La Razon,2026-10-01,07:54,Policía halla fajos de billetes en ambulancia que salió del condominio de Mariaca,https://larazon.bo/nacional/2026/10/01/policia-halla-fajos-de-billetes-en-ambulancia-que-salio-del-condominio-de-mariaca/
Vision 360,2026-10-01,07:56,Mabel Andrade Molina asume como nueva fiscal departamental de Santa Cruz de manera interina,https://www.vision360.bo/noticias/2026/10/01/70338-mabel-andrade-molina-asume-como-nueva-fiscal-departamental-de-santa-cruz-de-manera-interina
La Razon,2026-10-01,07:57,DT Zago y plantel atigrado denuncia al seguridad de Oriente y Torres,https://larazon.bo/marcas/2026/10/01/dt-zago-y-plantel-atigrado-denuncia-al-seguridad-de-oriente-y-torres/
Red Uno,2026-10-01,07:59,Ambulancia que salió del condominio donde vive Mariaca llevaba cuatro maletas con dinero; hay cuatro aprehendidos,https://www.reduno.com.bo/noticias/ambulancia-que-salio-del-condominio-donde-vive-mariaca-llevaba-cuatro-maletas-con-dinero-hay-cuatro-aprehendidos-202610175340
Vision 360,2026-10-01,08:00,Con dos partidos del Grupo D concluye la sexta fecha del torneo por series,https://www.vision360.bo/noticias/2026/10/01/70332-con-dos-partidos-del-grupo-d-concluye-la-sexta-fecha-del-torneo-por-series
La Razon,2026-10-01,08:01,"Exministro Del Castillo no está detenido, ‘se lo está buscando’, dice Oviedo",https://larazon.bo/nacional/2026/10/01/exministro-del-castillo-no-esta-detenido-se-lo-esta-buscando-dice-oviedo/
Los Tiempos,2026-10-01,08:04,Israel califica de “intento de atentado terrorista” el incidente en Flydubai,https://www.lostiempos.com/actualidad/mundo/20261001/israel-califica-intento-atentado-terrorista-incidente-flydubai
El Diario,2026-10-01,08:05,Aprehenden a Fiscal General y al Fiscal Departamental de Santa Cruz,https://www.eldiario.net/portal/2026/10/01/aprehenden-a-fiscal-general-y-al-fiscal-departamental-de-santa-cruz/
Red Uno,2026-10-01,08:07,Ganancias ilícitas y narcotráfico: Gobierno revela delitos investigados en el caso Mariaca,https://www.reduno.com.bo/noticias/organizacion-criminal-ganancias-ilicitas-y-narcotrafico-gobierno-revela-delitos-investigados-en-el-caso-mariaca-20261018020
Los Tiempos,2026-10-01,08:08,Nevada cubre zonas de Cochabamba y Cocapata pide apoyo urgente,https://www.lostiempos.com/actualidad/cochabamba/20261001/nevada-cubre-zonas-cochabamba-cocapata-pide-apoyo-urgente
Vision 360,2026-10-01,08:08,"Operativo contra una “organización criminal”: capturan al fiscal general Mariaca y al abogado de Evo, buscan al exministro Del Castillo",https://www.vision360.bo/noticias/2026/10/01/70341-operativo-contra-una-organizacion-criminal-capturan-al-fiscal-general-mariaca-y-al-abogado-de-evo-buscan-al-exministro-del-castillo
El Deber,2026-10-01,08:09,El profesor que causa furor entre los adolescentes chinos (y la razón de su éxito),https://eldeber.com.bo/bbc/el-profesor-que-causa-furor-entre-los-adolescentes-chinos-y-la-razon-de-su-exito--20261018128
Unitel,2026-10-01,08:09,"¿En la aprehensión de Mariaca participó la DEA?, esto dice el ministro Oviedo",https://unitel.bo/noticias/seguridad/en-la-aprehension-de-mariaca-participo-la-dea-esto-dice-el-ministro-oviedo-MK23838620
El Diario,2026-10-01,08:11,Gobierno promulga “Ley de Prediarios”,https://www.eldiario.net/portal/2026/10/01/gobierno-promulga-ley-de-prediarios-2/
Los Tiempos,2026-10-01,08:11,La cantante Luzmila Carpio recibirá el premio Womex 26 a la Artista,https://www.lostiempos.com/doble-click/musica/20261001/cantante-luzmila-carpio-recibira-premio-womex-26-artista
El Diario,2026-10-01,08:13,Comisión de Diputados fortalece agenda de cooperación con Chile,https://www.eldiario.net/portal/2026/10/01/comision-de-diputados-fortalece-agenda-de-cooperacion-con-chile-2/
Opinion,2026-10-01,08:13,Gobierno informa que hay 14 detenidos por presunta vinculación a una organización criminal,https://www.opinion.com.bo/pais/gobierno-informa-que-14-detenidos-presunta-vinculacion-organizacion-criminal/20261001081339996948.html
ERBOL,2026-10-01,08:15,Gobierno afirma que Mariaca encabezó una “narcoestructura” en la Fiscalía,https://erbol.com.bo/nacional/gobierno-afirma-que-mariaca-encabez%C3%B3-una-%E2%80%9Cnarcoestructura%E2%80%9D-en-la-fiscal%C3%ADa
Los Tiempos,2026-10-01,08:15,Ensamble Khuska pone en escenario su cuarto concierto de la temporada,https://www.lostiempos.com/doble-click/musica/20261001/ensamble-khuska-pone-escenario-su-cuarto-concierto-temporada
El Diario,2026-10-01,08:17,Zago y jugadores de The Strongest denuncian agresiones en el Tahuichi Aguilera,https://www.eldiario.net/portal/2026/10/01/zago-y-jugadores-de-the-strongest-denuncian-agresiones-en-el-tahuichi-aguilera/
Unitel,2026-10-01,08:17,"“Tengo el conocimiento necesario”, señala Andrade tras asumir como fiscal departamental interina de Santa Cruz",https://unitel.bo/noticias/seguridad/tengo-el-conocimiento-necesario-senala-andrade-tras-asumir-como-fiscal-departamental-interina-de-santa-cruz-OK23839117
El Deber,2026-10-01,08:20,El piloto de India apuñalado en un vuelo con destino a Israel al que califican de héroe,https://eldeber.com.bo/bbc/el-piloto-indio-apunalado-en-un-vuelo-con-destino-a-israel-al-que-califican-de-heroe-202610183411
Opinion,2026-10-01,08:23,"“Eduardo Del Castillo no está detenido y se lo está buscando”, informa Oviedo",https://www.opinion.com.bo/pais/eduardo-castillo-detenido-buscando-informa-oviedo/20261001082339996949.html
El Diario,2026-10-01,08:24,"Aprehenden al fiscal general Roger Mariaca y al fiscal de Santa Cruz, Alberto Zeballos",https://www.eldiario.net/portal/2026/10/01/aprehenden-al-fiscal-general-roger-mariaca-y-al-fiscal-de-santa-cruz-alberto-zeballos/
Red Uno,2026-10-01,08:24,¿Qué pasó con el dólar este 1 de octubre? Revise la nueva cotización,https://www.reduno.com.bo/noticias/que-paso-con-el-dolar-este-1-de-octubre-revise-la-nueva-cotizacion-20261016545
El Deber,2026-10-01,08:25,Ministro de Gobierno asegura que dinero hallado en una ambulancia en la casa de Mariaca es producto de cobros irregulares,https://eldeber.com.bo/santa-cruz/ministro-gobierno-asegura-dinero-hallado-ambulancia-casa-mariaca-producto-cobros-irregulares_1790857334
El Deber,2026-10-01,08:27,Gobierno aclara que Eduardo Del Castillo no está detenido y que aún se lo busca,https://eldeber.com.bo/pais/gobierno-aclara-eduardo-castillo-no-esta-detenido-aun-busca_1790857514
Opinion,2026-10-01,08:28,Captura de Mariaca: Lara aboga por debido proceso y rechaza que injerencia extranjera,https://www.opinion.com.bo/pais/captura-mariaca-lara-aboga-debido-proceso-rechaza-que-injerencia-extranjera/20261001082803996950.html
Vision 360,2026-10-01,08:29,Medallas contra la indiferencia,https://www.vision360.bo/noticias/2026/10/01/70347-medallas-contra-la-indiferencia
Los Tiempos,2026-10-01,08:31,"Oficial: Del Castillo ""no está detenido"", pero ""se lo está buscando"", revela el Gobierno",https://www.lostiempos.com/actualidad/seguridad/20261001/oficial-del-castillo-no-esta-detenido-pero-se-esta-buscando-revela
Opinion,2026-10-01,08:32,Luis Montaño se proclama Fiscal General por su antigüedad tras la captura de Mariaca,https://www.opinion.com.bo/pais/luis-montano-proclama-fiscal-general-antiguedad-captura-mariaca/20261001083254996953.html
La Razon,2026-10-01,08:37,El futuro de CR7 con Portugal está en el aire tras su desplante,https://larazon.bo/marcas/2026/10/01/el-futuro-de-cr7-con-portugal-esta-en-el-aire-tras-su-desplante/
Unitel,2026-10-01,08:38,Velasco tras la aprehensión de Mariaca: “Bolivia necesita una reforma judicial profunda”,https://unitel.bo/noticias/politica/velasco-tras-la-aprehension-de-mariaca-bolivia-necesita-una-reforma-judicial-profunda-CN23840323
Unitel,2026-10-01,08:38,Distribuidores de gas en garrafa cumplen un paro este jueves en Cochabamba,https://unitel.bo/noticias/economia/distribuidores-de-gas-en-garrafa-cumplen-un-paro-este-jueves-en-cochabamba-GN23840237
ERBOL,2026-10-01,08:41,Sacaban cantidad de dinero oculto en una ambulancia desde la casa de Mariaca,https://erbol.com.bo/seguridad/sacaban-cantidad-de-dinero-oculto-en-una-ambulancia-desde-la-casa-de-mariaca
Vision 360,2026-10-01,08:43,El Gobierno anuncia que la Policía busca al exministro Eduardo Del Castillo,https://www.vision360.bo/noticias/2026/10/01/70353-el-gobierno-anuncia-que-la-policia-busca-al-exministro-eduardo-del-castillo
El Deber,2026-10-01,08:45,"Operativo en la Fiscalía deja 14 aprehendidos; cuatro son autoridades, según el Gobierno",https://eldeber.com.bo/pais/operativo-fiscalia-deja-14-aprehendidos-cuatro-autoridades-gobierno_1790858247
Diez,2026-10-01,08:46,Blooming se juega una carta clave ante Independiente Petrolero,https://diez.bo/futbol/blooming-se-juega-una-carta-clave-ante-independiente-petrolero_1790858763
La Razon,2026-10-01,08:48,Cinco momentos memorables de Cristiano Ronaldo con Portugal,https://larazon.bo/lr-article/2026/10/01/cinco-momentos-memorables-de-cristiano-ronaldo-con-portugal/
Unitel,2026-10-01,08:49,"Brasil ante las urnas: desempleo en mínimos, intereses asfixiantes y una deuda al alza",https://unitel.bo/noticias/mundo/brasil-ante-las-urnas-desempleo-en-minimos-intereses-asfixiantes-y-una-deuda-al-alza-LN23840784
El Deber,2026-10-01,08:51,"Vuelo Dubái-Tel Aviv: ""No puedo creer que hayamos regresado, es la pesadilla de mi vida""",https://eldeber.com.bo/rfi/vuelo-dubai-tel-aviv-no-puedo-creer-que-hayamos-regresado-es-la-pesadilla-de-mi-vida--20261016243
Red Uno,2026-10-01,08:53,Lluvias y temperaturas de hasta 33 °C: así estará el clima este jueves,https://www.reduno.com.bo/noticias/lluvias-y-temperaturas-de-hasta-33-c-asi-estara-el-clima-este-jueves-20261016931
Vision 360,2026-10-01,08:53,Gobierno reporta que se desmontó una “organización criminal” enquistada en la Justicia y en el Ministerio Público; hay 14 detenidos,https://www.vision360.bo/noticias/2026/10/01/70356-gobierno-reporta-que-se-desmonto-una-organizacion-criminal-enquistada-en-la-justicia-y-en-el-ministerio-publico-hay-14-detenidos
Unitel,2026-10-01,08:54,"Caso Mariaca: Dinero encontrado en una ambulancia supera los Bs 3,5 millones y $us 10 mil",https://unitel.bo/noticias/seguridad/caso-mariaca-dinero-encontrado-en-una-ambulancia-supera-los-bs-35-millones-y-us-10-mil-PN23840906
Red Uno,2026-10-01,08:55,“Aquí se tiene que hacer lo que la ley establece”: Andrade asume Fiscalía de Santa Cruz,https://www.reduno.com.bo/noticias/aqui-se-tiene-que-hacer-lo-que-la-ley-establece-andrade-asume-fiscalia-de-santa-cruz-20261018354
Unitel,2026-10-01,08:57,"Aprehenden a 14 personas en total: Además de Mariaca, caen Zeballos, un mayor policial y el fiscal superior Irusta",https://unitel.bo/noticias/seguridad/aprehenden-a-14-personas-en-total-ademas-de-mariaca-caen-zeballos-un-mayor-policial-y-el-fiscal-superior-irusta-EN23841511
El Deber,2026-10-01,08:58,Designan a Mabel Andrade como fiscal departamental de Santa Cruz tras la aprehensión de Zeballos,https://eldeber.com.bo/santa-cruz/designan-mabel-andrade-fiscal-departamental-santa-cruz-aprehension-zeballos_1790858977
La Razon,2026-10-01,08:59,"Cristiano Ronaldo, icono del fútbol mundial, en breve",https://larazon.bo/marcas/2026/10/01/cristiano-ronaldo-icono-del-futbol-mundial-en-breve/
Vision 360,2026-10-01,09:00,"Retirada de Cristiano se aproxima, según los portugueses, que esperan más explicaciones",https://www.vision360.bo/noticias/2026/10/01/70344-retirada-de-cristiano-se-aproxima-segun-los-portugueses-que-esperan-mas-explicaciones
Red Uno,2026-10-01,09:02,"Ricardo Rada: ""El narcotráfico penetró al Estado boliviano por 20 años""",https://www.reduno.com.bo/noticias/ricardo-rada-el-narcotrafico-penetro-al-estado-boliviano-por-20-anos-202610183445
La Razon,2026-10-01,09:03,"Mariaca es investigado por organización criminal, legitimación de ganancias ilícitas y narcotráfico",https://larazon.bo/nacional/2026/10/01/mariaca-es-investigado-por-organizacion-criminal-legitimacion-de-ganancias-ilicitas-y-narcotrafico/
Red Uno,2026-10-01,09:03,Fiscalía activa suplencia y garantiza continuidad institucional tras aprehensión de Mariaca,https://www.reduno.com.bo/noticias/fiscalia-activa-suplencia-y-garantiza-continuidad-institucional-tras-aprehension-de-mariaca-202610171137
El Deber,2026-10-01,09:05,'JP' Velasco plantea “reformar la justicia” tras operativo que sacudió al Ministerio Público,https://eldeber.com.bo/santa-cruz/jp-velasco-plantea-reformar-justicia-operativo-sacudio-ministerio-publico_1790859686
Red Uno,2026-10-01,09:07,Omar Durán: aprehensiones podrían ser el inicio de una investigación de mayor alcance,https://www.reduno.com.bo/noticias/omar-duran-aprehensiones-podrian-ser-el-inicio-de-una-investigacion-de-mayor-alcance-20261017192
El Deber,2026-10-01,09:08,Por qué arrestaron al fiscal general en Bolivia días después de EE.UU. le quitara la visa (y qué casos investigaba),https://eldeber.com.bo/bbc/por-que-arrestaron-al-fiscal-general-en-bolivia-dias-despues-de-ee-uu-le-quitara-la-visa-y-que-casos-investigaba--20261019447
Red Uno,2026-10-01,09:08,Santistevan: “La DEA está ayudando con las investigaciones y aprehensiones”,https://www.reduno.com.bo/noticias/santistevan-la-dea-esta-ayudando-con-las-investigaciones-y-aprehensiones-202610172434
Diez,2026-10-01,09:14,Florentín analiza el 1-1 ante The Strongest: “Nos faltó un poco de acierto”,https://diez.bo/futbol/florentin-analiza-el-1-1-ante-the-strongest-nos-falto-un-poco-de-acierto_1790860498
ERBOL,2026-10-01,09:14,"Desde España, Lara lanza cuestionamiento sobre la aprehensión de Mariaca",https://erbol.com.bo/nacional/desde-espa%C3%B1a-lara-lanza-cuestionamiento-sobre-la-aprehensi%C3%B3n-de-mariaca
El Diario,2026-10-01,09:14,Luis Montaño asume como fiscal general interino después de la aprehensión de Mariaca,https://www.eldiario.net/portal/2026/10/01/luis-montano-asume-como-fiscal-general-interino-despues-de-la-aprehension-de-mariaca-0911/
Red Uno,2026-10-01,09:20,Fiscalías permanecen bajo resguardo policial tras aprehensiones,https://www.reduno.com.bo/noticias/fiscalias-permanecen-bajo-resguardo-policial-tras-aprehensiones-202610173242
Unitel,2026-10-01,09:25,Suspenden distribución de GLP en barrios cruceños este jueves; el sector reclama subida de costos por nuevo precio del diésel,https://unitel.bo/noticias/economia/suspenden-distribucion-de-glp-en-barrios-crucenos-este-jueves-el-sector-reclama-subida-de-costos-por-nuevo-precio-del-diesel-GN23841878
Vision 360,2026-10-01,09:27,Lara cuestiona en un foro en España la legalidad de la captura del fiscal general Roger Mariaca,https://www.vision360.bo/noticias/2026/10/01/70359-lara-cuestiona-en-un-foro-en-espana-la-legalidad-de-la-captura-del-fiscal-general-roger-mariaca
Red Uno,2026-10-01,09:28,Aprehendidos con dinero en ambulancia serán investigados por legitimación de ganancias ilícitas,https://www.reduno.com.bo/noticias/aprehendidos-con-dinero-en-ambulancia-seran-investigados-por-legitimacion-de-ganancias-ilicitas-202610173941
Los Tiempos,2026-10-01,09:29,"Oviedo: ""La Asamblea tiene la oportunidad de ser parte del cambio de la justicia en Bolivia""",https://www.lostiempos.com/actualidad/pais/20261001/oviedo-asamblea-tiene-oportunidad-ser-parte-del-cambio-justicia-bolivia
Red Uno,2026-10-01,09:30,Liberan a funcionarios de la Fiscalía tras ser arrestados en Sucre,https://www.reduno.com.bo/noticias/liberan-a-funcionarios-de-la-fiscalia-tras-ser-arrestados-en-sucre-20261018835
Vision 360,2026-10-01,09:30,Cristiano Ronaldo respondió con 28 goles a la confianza del entrenador Roberto Martínez,https://www.vision360.bo/noticias/2026/10/01/70350-cristiano-ronaldo-respondio-con-28-goles-a-la-confianza-del-entrenador-roberto-martinez
El Deber,2026-10-01,09:31,Dinero secuestrado en una ambulancia asciende a más de Bs 3 millones y 10 mil dólares,https://eldeber.com.bo/santa-cruz/dinero-secuestrado-ambulancia-asciende-bs-3-millones-10-mil-dolares_1790861447
Diez,2026-10-01,09:33,La Verde vuelve a Santa Cruz para cerrar su fecha de amistosos,https://diez.bo/futbol/la-verde-vuelve-a-santa-cruz-para-cerrar-su-fecha-de-amistosos_1790861490
La Razon,2026-10-01,09:33,Lara exige debido proceso para Mariaca y dice que Paz no puede designar fiscal interino,https://larazon.bo/nacional/2026/10/01/lara-exige-debido-proceso-para-mariaca-y-dice-que-paz-no-puede-designar-fiscal-interino/
Opinion,2026-10-01,09:34,Cochabamba demanda ítems de salud,https://www.opinion.com.bo/omg/cochabamba-demanda-items-salud/20261001093409996954.html
Red Uno,2026-10-01,09:34,Aduana activa arancel cero para importar gasolina de aviación hasta 2027,https://www.reduno.com.bo/noticias/aduana-activa-arancel-cero-para-importar-gasolina-de-aviacion-hasta-2027-20261019344
Vision 360,2026-10-01,09:37,Hallan fajos de billetes en una ambulancia que salió del condominio donde vive Mariaca,https://www.vision360.bo/noticias/2026/10/01/70362-hallan-fajos-de-billetes-en-una-ambulancia-que-salio-del-condominio-donde-vive-mariaca
El Diario,2026-10-01,09:38,Aprehenden a Mariaca por tres delitos y buscan a Eduardo del Castillo,https://www.eldiario.net/portal/2026/10/01/aprehenden-a-mariaca-por-tres-delitos-y-buscan-a-eduardo-del-castillo-0930/
Red Uno,2026-10-01,09:39,“Van a continuar las investigaciones”: Montaño asume la Fiscalía General del Estado,https://www.reduno.com.bo/noticias/van-a-continuar-las-investigaciones-montano-asume-la-fiscalia-general-del-estado-202610185514
Red Uno,2026-10-01,09:46,¿Participó la DEA? Gobierno aclara operativo que terminó con aprehensiones,https://www.reduno.com.bo/noticias/participo-la-dea-gobierno-aclara-operativo-que-termino-con-aprehensiones-202610185259
Unitel,2026-10-01,09:46,Ávila adelanta para el viernes la sesión del Legislativo para tratar el caso del fiscal Mariaca,https://unitel.bo/noticias/politica/avila-adelanta-para-el-viernes-la-sesion-del-legislativo-para-tratar-el-caso-del-fiscal-mariaca-PN23842805
La Razon,2026-10-01,09:47,La medalla de Karen Boos es celebrada por el ecuestre boliviano,https://larazon.bo/marcas/2026/10/01/la-medalla-de-karen-boos-es-celebrada-por-el-ecuestre-boliviano/
El Deber,2026-10-01,09:49,Consejo de la Magistratura pide celeridad en caso de la jueza Livia Alarcón,https://eldeber.com.bo/santa-cruz/consejo-magistratura-pide-celeridad-caso-jueza-livia-alarcon_1790862234
La Razon,2026-10-01,09:54,Bolivia tiene selección para el Festival Sudamericano de la Juventud,https://larazon.bo/marcas/2026/10/01/bolivia-tiene-seleccion-para-el-festival-sudamericano-de-la-juventud/
Red Uno,2026-10-01,09:57,"Gobernador Velasco plantea una ""reforma judicial profunda"" tras caso Mariaca",https://www.reduno.com.bo/noticias/gobernador-velasco-plantea-una-reforma-judicial-profunda-tras-caso-mariaca-20261019380
Red Uno,2026-10-01,09:58,"Policía contabilizó Bs 3,5 millones y $us 10 mil hallados en una ambulancia vinculada al caso Mariaca",https://www.reduno.com.bo/noticias/policia-contabilizo-bs-3-5-millones-y-us-10-mil-hallados-en-una-ambulancia-vinculada-al-caso-mariaca-20261019515
Diez,2026-10-01,10:00,Incidentes tras el 1-1 entre Oriente y The Strongest terminan en acusaciones de racismo,https://diez.bo/futbol/incidentes-tras-el-1-1-entre-oriente-y-the-strongest-terminan-en-acusaciones-de-racismo_1790863228
Vision 360,2026-10-01,10:03,"Más de Bs 3,5 millones y 10.000 dólares fueron retirados de la casa de Mariaca en una ambulancia",https://www.vision360.bo/noticias/2026/10/01/70368-mas-de-bs-3_5-millones-y-10000-dolares-fueron-retirados-de-la-casa-de-mariaca-en-una-ambulancia
El Deber,2026-10-01,10:05,Adelantan para el viernes la sesión legislativa que tratará la aprehensión de Mariaca,https://eldeber.com.bo/pais/lara-adelanta-viernes-sesion-legislativa-tratara-aprehension-mariaca_1790863463
Red Uno,2026-10-01,10:05,“Tiene que llegarse hasta el final”: Gálvez pide profundizar las investigaciones en el caso Mariaca,https://www.reduno.com.bo/noticias/tiene-que-llegarse-hasta-el-final-galvez-pide-profundizar-las-investigaciones-en-el-caso-mariaca-202610194727
Red Uno,2026-10-01,10:07,Precintan oficina y vehículos de Roger Mariaca en la Fiscalía General,https://www.reduno.com.bo/noticias/precintan-oficina-y-vehiculos-de-roger-mariaca-en-la-fiscalia-general-20261019446
La Razon,2026-10-01,10:08,"Caso Mariaca: Dinero hallado en ambulancia suma más de Bs 3,5 MM y $us 10.000",https://larazon.bo/nacional/2026/10/01/caso-mariaca-dinero-hallado-en-ambulancia-suma-mas-de-bs-35-mm-y-us-10-000/
Unitel,2026-10-01,10:12,"Cae Mariaca: ¿Quién es Luis Montaño, nuevo fiscal general en ejercicio?",https://unitel.bo/noticias/seguridad/cae-mariaca-quien-es-luis-montano-nuevo-fiscal-general-en-ejercicio-ON23843409
Vision 360,2026-10-01,10:15,El Tahuichi Aguilera recibirá el domingo el tercer partido de Bolivia en lo que va del año,https://www.vision360.bo/noticias/2026/10/01/70365-el-tahuichi-aguilera-recibira-el-domingo-el-tercer-partido-de-bolivia-en-lo-que-va-del-ano
El Deber,2026-10-01,10:19,Vinculan a la “red criminal” del Ministerio Público con el financiamiento de los 53 días de bloqueos,https://eldeber.com.bo/pais/vinculan-red-criminal-ministerio-publico-financiamiento-53-dias-bloqueos_1790856346
Red Uno,2026-10-01,10:19,Una ambulancia y una menor como supuesta paciente: revelan cómo hallaron los fajos de dinero ocultos,https://www.reduno.com.bo/noticias/una-ambulancia-y-una-menor-como-supuesta-paciente-revelan-como-hallaron-los-fajos-de-dinero-ocultos-202610184234
Unitel,2026-10-01,10:19,Maestros urbanos marchan en Santa Cruz y exigen abrogación del Decreto Supremo 5716,https://unitel.bo/noticias/sociedad/maestros-urbanos-marchan-en-santa-cruz-y-exigen-abrogacion-del-decreto-supremo-5716-GN23843885
ANF,2026-10-01,10:20,Decomisan Bs 3.532.100 y $us 10.000 en vehículo que salió del domicilio de Mariaca tras su detención,https://www.noticiasfides.com/nacional/seguridad/decomisan-bs-3-532-100-y-us-10-000-en-vehiculo-que-salio-del-domicilio-de-mariaca-tras-su-detencion
ANF,2026-10-01,10:21,"Modelos ONU en Bolivia: cómo los jóvenes desarrollan liderazgo, argumentación y escucha",https://www.noticiasfides.com/innovacion-y-educacion/modelos-onu-en-bolivia-como-los-jovenes-desarrollan-liderazgo-argumentacion-y-escucha
Unitel,2026-10-01,10:24,Hallan muerta y con signos de violencia a una mujer de 56 años al interior de su casa,https://unitel.bo/noticias/seguridad/hallan-muerta-y-con-signos-de-violencia-a-una-mujer-de-56-anos-al-interior-de-su-casa-EN23844022
Opinion,2026-10-01,10:25,Ambulancia salió de condominio de Mariaca con dinero oculto; hay 4 aprehendidos,https://www.opinion.com.bo/pais/ambulancia-salio-condominio-mariaca-dinero-oculto-4-aprehendidos/20261001102505996956.html
Los Tiempos,2026-10-01,10:28,"Evo sobre Mariaca: “Se ratifica que aquí en Bolivia gobierna Estados Unidos, buscan salvar a Cerimedo, Paz y familia”",https://www.lostiempos.com/actualidad/pais/20261001/evo-mariaca-se-ratifica-que-aqui-bolivia-gobierna-estados-unidos-buscan
La Razon,2026-10-01,10:30,Suman 14 personas aprehendidas en el caso Mariaca,https://larazon.bo/nacional/2026/10/01/suman-14-personas-aprehendidas-en-el-caso-mariaca/
Red Uno,2026-10-01,10:30,Las imágenes de Mariaca y Zeballos tras su aprehensión: así fueron vistos en dependencias policiales,https://www.reduno.com.bo/noticias/las-imagenes-de-mariaca-y-zeballos-tras-su-aprehension-asi-fueron-vistos-en-dependencias-policiales-20261019233
ERBOL,2026-10-01,10:32,"En ausencia de Lara, adelantan la sesión para tratar el caso Mariaca en la Asamblea",https://erbol.com.bo/nacional/en-ausencia-de-lara-adelantan-la-sesi%C3%B3n-para-tratar-el-caso-mariaca-en-la-asamblea
Opinion,2026-10-01,10:34,"Fallece Juan Carlos Espinoza, único detenido en Palmasola por caso maletas",https://www.opinion.com.bo/pais/fallece-juan-carlos-espinoza-unico-detenido-palmasola-caso-maletas/20261001103424996957.html
Red Uno,2026-10-01,10:36,Encuentran a una persona sin vida en un lote baldío de la zona de la Feria Barrio Lindo,https://www.reduno.com.bo/noticias/encuentran-a-una-persona-sin-vida-en-un-lote-baldio-de-la-zona-de-la-feria-barrio-lindo-2026101102829
Unitel,2026-10-01,10:36,"¿Qué pasará con la subvención a la gasolina y al GLP en Bolivia?, esto dice el viceministro Navarro",https://unitel.bo/noticias/economia/que-pasara-con-la-subvencion-a-la-gasolina-y-al-glp-en-bolivia-esto-dice-el-viceministro-navarro-HN23844298
El Deber,2026-10-01,10:37,"""No estoy aprehendido. No hay ningún movimiento en la unidad porque todo está transparente""; señala el fiscal Julio César Porras",https://eldeber.com.bo/santa-cruz/no-estoy-aprehendido-no-hay-ningun-movimiento-unidad-porque-todo-esta-transparente-senala-fiscal-julio-cesar-porras_1790864479
Unitel,2026-10-01,10:39,"Comienza octubre y Oviedo lanza una dura advertencia: “O están con la ley y la convivencia pacífica, o están con el delito y el narcoterrorismo”",https://unitel.bo/noticias/politica/comienza-octubre-y-oviedo-lanza-una-dura-advertencia-o-estan-con-la-ley-y-la-convivencia-pacifica-o-estan-con-el-delito-y-el-narcoterrorismo-PN23843095
Vision 360,2026-10-01,10:39,Gobierno ve un “autonombramiento” de Luis Whaner Montaño Morales como fiscal general,https://www.vision360.bo/noticias/2026/10/01/70374-gobierno-ve-un-autonombramiento-de-luis-whaner-montano-morales-como-fiscal-general
Vision 360,2026-10-01,10:40,Ratón y queso,https://www.vision360.bo/noticias/2026/10/01/70380-raton-y-queso
El Deber,2026-10-01,10:43,El dólar flexible inicia octubre con una cotización de Bs 12,https://eldeber.com.bo/economia/dolar-flexible-inicia-octubre-cotizacion-bs-12_1790865597
Diez,2026-10-01,10:44,Rafael Leão herederá el número 7 de Cristiano Ronaldo,https://diez.bo/futbol/rafael-leao-heredera-el-numero-7-de-cristiano-ronaldo_1790865870
La Razon,2026-10-01,10:45,Legislativo adelanta sesión y tratará este viernes el caso del exfiscal Mariaca,https://larazon.bo/nacional/2026/10/01/legislativo-adelanta-sesion-y-tratara-este-viernes-el-caso-del-exfiscal-mariaca/
Red Uno,2026-10-01,10:48,IDIF llega a la Felcn de El Alto para valorar la salud de Mariaca y Zeballos,https://www.reduno.com.bo/noticias/idif-llega-a-la-felcn-de-el-alto-para-valorar-la-salud-de-mariaca-y-zeballos-202610174918
Red Uno,2026-10-01,10:48,"¿Quién es Luis Montaño, el nuevo Fiscal General interino del Estado?",https://www.reduno.com.bo/noticias/quien-es-luis-montano-el-nuevo-fiscal-general-interino-del-estado-202610110627
Vision 360,2026-10-01,10:48,"Dos años de Sheinbaum: continuidad, ""cabeza fría"" con EEUU y la violencia persistente",https://www.vision360.bo/noticias/2026/10/01/70377-dos-anos-de-sheinbaum-continuidad-cabeza-fria-con-eeuu-y-la-violencia-persistente
El Diario,2026-10-01,10:57,La Paz: Indaburo en el centro y Man Césped en la zona sur tendrán cortes viales,https://www.eldiario.net/portal/2026/10/01/la-paz-indaburo-en-el-centro-y-man-cesped-en-la-zona-sur-tendran-cortes-viales-1057/
Opinion,2026-10-01,10:59,"Descubre la agenda de la Feria del Libro 2026: 12 días de literatura, arte y cultura en Cochabamba",https://www.opinion.com.bo/cultura/descubre-agenda-feria-libro-2026-12-dias-literatura-arte-cultura-cochabamba/20261001105913996958.html
Vision 360,2026-10-01,11:00,Suiza retira su apoyo a Infantino en su carrera por continuar como presidente de la FIFA,https://www.vision360.bo/noticias/2026/10/01/70371-suiza-retira-su-apoyo-a-infantino-en-su-carrera-por-continuar-como-presidente-de-la-fifa
El Deber,2026-10-01,11:02,Maestros junto a otros sectores marchan contra la eliminación de la subvención del diésel,https://eldeber.com.bo/santa-cruz/maestros-junto-otros-sectores-marchan-eliminacion-subvencion-diesel_1790866576
Red Uno,2026-10-01,11:04,Fiscal Porras aclara que no fue aprehendido: “Aquí estoy trabajando”,https://www.reduno.com.bo/noticias/fiscal-porras-aclara-que-no-fue-aprehendido-aqui-estoy-trabajando-202610191838
Unitel,2026-10-01,11:08,Caso Mariaca: Lara advierte que la Asamblea no puede destituir ni designar al fiscal general “de manera improvisada”,https://unitel.bo/noticias/politica/caso-mariaca-lara-advierte-que-la-asamblea-no-puede-destituir-ni-designar-al-fiscal-general-de-manera-improvisada-LN23844953
Diez,2026-10-01,11:10,Suiza retira su apoyo a Infantino en su carrera por continuar como presidente de la FIFA,https://diez.bo/futbol/suiza-retira-su-apoyo-a-infantino-en-su-carrera-por-continuar-como-presidente-de-la-fifa_1790867431
Los Tiempos,2026-10-01,11:11,Hay 14 aprehendidos por acusación de EEUU por nexos con el narcoterrorismo,https://www.lostiempos.com/actualidad/seguridad/20261001/hay-14-aprehendidos-acusacion-eeuu-nexos-narcoterrorismo
Red Uno,2026-10-01,11:11,Investigan feminicidio en Tiquipaya; pareja de la víctima fue aprehendida,https://www.reduno.com.bo/noticias/investigan-feminicidio-en-tiquipaya-pareja-de-la-victima-fue-aprehendida-202610191655
Vision 360,2026-10-01,11:11,"Trump asegura que si se regula la inteligencia artificial, ""te pueden sacar del negocio""",https://www.vision360.bo/noticias/2026/10/01/70386-trump-asegura-que-si-se-regula-la-inteligencia-artificial-te-pueden-sacar-del-negocio
ERBOL,2026-10-01,11:13,Lara rechaza “destituir arbitrariamente” al fiscal Mariaca y cuestiona sesión de la Asamblea para tratar el tema,https://erbol.com.bo/nacional/lara-rechaza-%E2%80%9Cdestituir-arbitrariamente%E2%80%9D-al-fiscal-mariaca-y-cuestiona-sesi%C3%B3n-de-la
Opinion,2026-10-01,11:13,Asamblea adelanta al viernes sesión para tratar aprehensión de Roger Mariaca,https://www.opinion.com.bo/pais/asamblea-adelanta-viernes-sesion-tratar-aprehension-roger-mariaca/20261001111307996959.html
Vision 360,2026-10-01,11:17,Singapur abre centro para desarrollar robots con IA que actúen como guardias de seguridad,https://www.vision360.bo/noticias/2026/10/01/70392-singapur-abre-centro-para-desarrollar-robots-con-ia-que-actuen-como-guardias-de-seguridad
Red Uno,2026-10-01,11:18,"¿Quién es Mabel Andrade, la nueva fiscal departamental de Santa Cruz?",https://www.reduno.com.bo/noticias/quien-es-mabel-andrade-la-nueva-fiscal-departamental-de-santa-cruz-202610193340
La Razon,2026-10-01,11:19,Morales afirma que la DEA operó en la aprehensión de fiscales: ‘Es inconstitucional’,https://larazon.bo/nacional/2026/10/01/morales-afirma-que-la-dea-opero-en-la-aprehension-de-fiscales-es-inconstitucional/
Unitel,2026-10-01,11:21,Vocero presidencial dice que Luis Montaño “se autonombró” fiscal general y que se debe revisar qué dice la norma,https://unitel.bo/noticias/politica/vocero-presidencial-dice-que-luis-montano-se-autonombro-fiscal-general-y-que-se-debe-revisar-que-dice-la-norma-EN23845230
Vision 360,2026-10-01,11:22,Senado adelanta sesión legislativa por el caso de Roger Mariaca y Lara pide evitar nombrar a una nueva autoridad,https://www.vision360.bo/noticias/2026/10/01/70389-senado-adelanta-sesion-legislativa-por-el-caso-de-roger-mariaca-y-lara-pide-evitar-nombrar-a-una-nueva-autoridad
Unitel,2026-10-01,11:24,Bolsonaro pide al Supremo la anulación de su condena por golpismo,https://unitel.bo/noticias/mundo/bolsonaro-pide-al-supremo-la-anulacion-de-su-condena-por-golpismo-MN23844844
El Deber,2026-10-01,11:25,Milei: No descansaremos hasta que Argentina sea país con más libertad económica del mundo,https://eldeber.com.bo/mundo/milei-no-descansaremos-argentina-sea-pais-libertad-economica-mundo_1790868302
ANF,2026-10-01,11:26,"Vocero presidencial, sobre el nuevo fiscal general del Estado: “Sé que se ha autonombrado”",https://www.noticiasfides.com/nacional/seguridad/vocero-presidencial-sobre-el-nuevo-fiscal-general-del-estado-se-que-se-ha-autonombrado
ERBOL,2026-10-01,11:28,"Cuantifican más de Bs 3,5 millones y $us 10.000 hallados en ambulancia en el caso Mariaca",https://erbol.com.bo/seguridad/cuantifican-m%C3%A1s-de-bs-35-millones-y-us-10000-hallados-en-ambulancia-en-el-caso-mariaca
Red Uno,2026-10-01,11:28,Dos personas intentaron ingresar a la Fiscalía de Cochabamba; refuerzan resguardo policial,https://www.reduno.com.bo/noticias/dos-personas-intentaron-ingresar-a-la-fiscalia-de-cochabamba-refuerzan-resguardo-policial-20261019340
Los Tiempos,2026-10-01,11:32,Asamblea adelanta el debate sobre el caso Mariaca para el viernes,https://www.lostiempos.com/actualidad/pais/20261001/asamblea-adelanta-debate-caso-mariaca-viernes
Red Uno,2026-10-01,11:34,Policía amplía anillo de seguridad en inmediaciones de la Felcn de El Alto tras aprehensión de fiscales,https://www.reduno.com.bo/noticias/policia-amplia-anillo-de-seguridad-en-inmediaciones-de-la-felcn-de-el-alto-tras-aprehension-de-fiscales-202610193811
El Deber,2026-10-01,11:35,El huracán Rachel se intensifica a categoría 2 frente a las costas del Pacífico mexicano,https://eldeber.com.bo/mundo/huracan-rachel-intensifica-categoria-2-frente-costas-pacifico-mexicano_1790868920
La Razon,2026-10-01,11:36,Jujuy será sede de conferencia internacional sobre el futuro del litio en la región,https://larazon.bo/economia-y-empresa/2026/10/01/jujuy-sera-sede-de-conferencia-internacional-sobre-el-futuro-del-litio-en-la-region/
Unitel,2026-10-01,11:37,"Roger Mariaca: Así fue la caída del fiscal general de Bolivia, acusado de liderar una organización criminal",https://unitel.bo/noticias/seguridad/roger-mariaca-asi-fue-la-caida-del-fiscal-general-de-bolivia-acusado-de-liderar-una-organizacion-criminal-PN23845684
El Deber,2026-10-01,11:38,¿Subirá el pasaje de micros? La Comisión Mixta comienza el análisis del costo del transporte urbano,https://eldeber.com.bo/santa-cruz/subira-pasaje-micros-comision-mixta-comienza-analisis-costo-transporte-urbano_1790868029
ANF,2026-10-01,11:39,Diputado oficialista plantea que el Gobierno nombre al Fiscal General mediante decreto supremo,https://www.noticiasfides.com/nacional/politica/diputado-oficialista-plantea-que-el-gobierno-nombre-al-fiscal-general-mediante-decreto-supremo
La Razon,2026-10-01,11:39,"Bolivia logra superávit comercial de $us 360,3 millones en agosto",https://larazon.bo/economia-y-empresa/2026/10/01/bolivia-logra-superavit-comercial-de-us-3603-millones-en-agosto/
Red Uno,2026-10-01,11:39,Justiniano: “Hay una pugna de poder” tras aprehensión de Mariaca y Zeballos,https://www.reduno.com.bo/noticias/justiniano-hay-una-pugna-de-poder-tras-aprehension-de-mariaca-y-zeballos-202610110731
Unitel,2026-10-01,11:39,EEUU respalda al Gobierno de Paz tras la aprehensión del fiscal Mariaca,https://unitel.bo/noticias/politica/eeuu-respalda-al-gobierno-de-paz-tras-la-aprehension-del-fiscal-mariaca-GN23845636
Red Uno,2026-10-01,11:40,¿Dónde está Eduardo Del Castillo? Gobierno confirma que la Policía lo busca,https://www.reduno.com.bo/noticias/donde-esta-eduardo-del-castillo-gobierno-confirma-que-la-policia-lo-busca-2026101104918
La Razon,2026-10-01,11:42,Cochabamba acoge la Feria ‘Bolivia Produce’ del 2 al 3 de octubre,https://larazon.bo/economia-y-empresa/2026/10/01/cochabamba-acoge-la-feria-bolivia-produce-del-2-al-3-de-octubre/
El Deber,2026-10-01,11:45,Investigan la muerte de un hombre hallado en un lote baldío en zona de la Feria Barrio Lindo,https://eldeber.com.bo/santa-cruz/investigan-muerte-hombre-hallado-predio-baldio-zona-feria-barrio-lindo_1790868776
La Razon,2026-10-01,11:46,Lara advierte que la Asamblea no puede destituir al Fiscal sin cumplir procedimientos legales,https://larazon.bo/nacional/2026/10/01/lara-advierte-que-la-asamblea-no-puede-destituir-al-fiscal-sin-cumplir-procedimientos-legales/
Vision 360,2026-10-01,11:46,"Bancadas aún no tienen una postura definida sobre el caso Mariaca, realizan análisis y solicitan informes",https://www.vision360.bo/noticias/2026/10/01/70398-bancadas-aun-no-tienen-una-postura-definida-sobre-el-caso-mariaca-realizan-analisis-y-solicitan-informes
La Razon,2026-10-01,11:50,YPFB y transportistas de GLP acuerdan reactivar la distribución,https://larazon.bo/economia-y-empresa/2026/10/01/ypfb-y-transportistas-de-glp-acuerdan-reactivar-la-distribucion/
Red Uno,2026-10-01,11:50,Aprehenden a Martín Irusta por presuntos vínculos con Marset y lo trasladan a la Felcn de La Paz,https://www.reduno.com.bo/noticias/aprehenden-a-martin-irusta-por-presuntos-vinculos-con-marset-y-lo-trasladan-a-la-felcn-de-la-paz-2026101112310
Red Uno,2026-10-01,11:51,La Paz emite aviso por radiación solar muy alta para este jueves,https://www.reduno.com.bo/noticias/la-paz-emite-aviso-por-radiacion-solar-muy-alta-para-este-jueves-202610195552
El Deber,2026-10-01,11:53,Brasil: Lula y Bolsonaro eclipsan a los demás candidatos cuando falta poco para la primera vuelta,https://eldeber.com.bo/rfi/brasil-lula-y-bolsonaro-eclipsan-a-los-demas-candidatos-cuando-falta-poco-para-la-primera-vuelta-2026101115823
Red Uno,2026-10-01,11:57,Así encontraron los fajos de dinero ocultos en una ambulancia que salió de un condominio vinculado a Mariaca,https://www.reduno.com.bo/noticias/asi-encontraron-los-fajos-de-dinero-ocultos-en-una-ambulancia-que-salio-de-un-condominio-vinculado-a-mariaca-2026101112544
La Razon,2026-10-01,11:58,‘Cuidado el Gobierno se esté avivando’: Libre no permitirá un fiscal asignado por decreto,https://larazon.bo/nacional/2026/10/01/cuidado-el-gobierno-se-este-avivando-libre-no-permitira-un-fiscal-asignado-por-decreto/
El Deber,2026-10-01,11:59,"Marco Rubio: ""La Administración Trump respalda firmemente al presidente Rodrigo Paz""",https://eldeber.com.bo/pais/marco-rubio-administracion-trump-respalda-firmemente-presidente-rodrigo-paz_1790870220
La Razon,2026-10-01,11:59,Forenses llegan a la FELCN para evaluar la salud de fiscales aprehendidos,https://larazon.bo/nacional/2026/10/01/forenses-llegan-a-la-felcn-para-evaluar-salud-de-mariaca-zeballos-e-irusta/
Vision 360,2026-10-01,11:59,"Tras operativos en Bolivia, EEUU respalda las acciones “audaces” del gobierno de Paz contra el narcotráfico",https://www.vision360.bo/noticias/2026/10/01/70404-tras-operativos-en-bolivia-eeuu-respalda-las-acciones-audaces-del-gobierno-de-paz-contra-el-narcotrafico
Unitel,2026-10-01,12:04,Capturan a banda delincuencial que redujo a una familia para robar Bs 200.000 de una casa,https://unitel.bo/noticias/seguridad/capturan-a-banda-delincuencial-que-redujo-a-una-familia-para-robar-bs-200000-de-una-casa-FN23846120
Los Tiempos,2026-10-01,12:08,Administración Trump apoya firmemente al Gobierno del presidente Paz ante medidas contra el narcotráfico,https://www.lostiempos.com/actualidad/pais/20261001/administracion-trump-apoya-firmemente-al-gobierno-del-presidente-paz
Unitel,2026-10-01,12:08,"Forenses intentan realizar valoración médica a Mariaca, pero no tenían autorización de ingreso a la Felcn",https://unitel.bo/noticias/seguridad/forenses-intentan-realizar-valoracion-medica-a-mariaca-pero-no-tenian-autorizacion-de-ingreso-a-la-felcn-NN23846290
Diez,2026-10-01,12:09,"Antonelli llega líder claro a Malasia, sede del aplazado Gran Premio de Baréin",https://diez.bo/multideportivo/antonelli-llega-lider-claro-a-malasia-sede-del-aplazado-gran-premio-de-barein_1790870958
La Razon,2026-10-01,12:09,Espaldarazo de EEUU: Rubio destaca que Paz toma acciones ‘audaces y decisivas’,https://larazon.bo/nacional/2026/10/01/espaldarazo-de-eeuu-rubio-destaca-que-paz-toma-acciones-audaces-y-decisivas/
Unitel,2026-10-01,12:13,Caso madera: Cancillería informa que la Fiscalía de Chile suspendió temporalmente la destrucción del cargamento incautado en Arica,https://unitel.bo/noticias/seguridad/caso-madera-cancilleria-informa-que-la-fiscalia-de-chile-suspendio-temporalmente-la-destruccion-del-cargamento-incautado-en-arica-CN23847104
La Razon,2026-10-01,12:14,Tres fiscales investigarán el caso de la ambulancia con dinero,https://larazon.bo/nacional/2026/10/01/tres-fiscales-investigaran-el-caso-de-la-ambulancia-con-dinero/
Vision 360,2026-10-01,12:16,"La UEFA distribuirá 31,5 millones de euros a los clubes por la Liga de Naciones 2024/25",https://www.vision360.bo/noticias/2026/10/01/70407-la-uefa-distribuira-31_5-millones-de-euros-a-los-clubes-por-la-liga-de-naciones-202425
El Deber,2026-10-01,12:17,Vocero dice que Mariaca tenía “comportamiento delincuencial” y que hubo fuga de información,https://eldeber.com.bo/pais/vocero-dice-mariaca-tenia-comportamiento-delincuencial-hubo-fuga-informacion_1790871342
ANF,2026-10-01,12:18,"Tras la detención de Mariaca, el secretario del Departamento de Estado de EEUU respalda al gobierno de Paz",https://www.noticiasfides.com/nacional/politica/tras-la-detencion-de-mariaca-el-secretario-del-departamento-de-estado-de-eeuu-respalda-al-gobierno-de-paz
ERBOL,2026-10-01,12:18,EEUU da su espaldarazo al Gobierno de Paz: “toma acciones audaces para combatir el narcotráfico”,https://erbol.com.bo/nacional/eeuu-da-su-espaldarazo-al-gobierno-de-paz-%E2%80%9Ctoma-acciones-audaces-para-combatir-el
La Razon,2026-10-01,12:20,Fiscal antidrogas de Santa Cruz no fue aprehendido,https://larazon.bo/nacional/2026/10/01/fiscal-antidrogas-de-santa-cruz-no-fue-aprehendido/
Unitel,2026-10-01,12:23,"El Gobierno no reconoce a Luis Montaño como fiscal general; la nueva autoridad se elegirá en el Legislativo, anuncia Oviedo",https://unitel.bo/noticias/politica/el-gobierno-no-reconoce-a-luis-montano-como-fiscal-general-la-nueva-autoridad-se-elegira-en-el-legislativo-anuncia-oviedo-JN23846690
El Deber,2026-10-01,12:27,Cívicos afirman que aprehensiones de fiscales son “un golpe” al crimen organizado,https://eldeber.com.bo/santa-cruz/civicos-afirman-aprehensiones-fiscales-golpe-crimen-organizado_1790871069
Unitel,2026-10-01,12:27,"Christa Pike, la mujer condenada a muerte sobrevivió a dos inyecciones letales confirman autoridades de EEUU",https://unitel.bo/noticias/mundo/christa-pike-la-mujer-condenada-a-muerte-sobrevivio-a-dos-inyecciones-letales-confirman-autoridades-de-eeuu-NN23846784
El Deber,2026-10-01,12:31,IBCE: “Lo que están haciendo en Chile con las maderas bolivianas es una iniquidad”,https://eldeber.com.bo/economia/ibce-estan-haciendo-chile-maderas-bolivianas-iniquidad_1790871461
Red Uno,2026-10-01,12:36,Felcc aclara que no participó en operativo de aprehensión de Mariaca y Zeballos,https://www.reduno.com.bo/noticias/felcc-aclara-que-no-participo-en-operativo-de-aprehension-de-mariaca-y-zeballos-202610112152
El Deber,2026-10-01,12:37,Qué sucedió en la ejecución fallida de Christa Pike y cuán común es que la inyección letal no funcione en EE.UU.,https://eldeber.com.bo/bbc/que-sucedio-en-la-ejecucion-fallida-de-christa-pike-y-cuan-comun-es-que-la-inyeccion-letal-no-funcione-en-ee-uu--202610113245
Red Uno,2026-10-01,12:39,Distribuidores de GLP paran en Cochabamba y suspenden entrega de garrafas,https://www.reduno.com.bo/noticias/distribuidores-de-glp-paran-en-cochabamba-y-suspenden-entrega-de-garrafas-2026101105845
El Deber,2026-10-01,12:41,ABT entrega vehículos y equipos logísticos al municipio de Puerto Quijarro,https://eldeber.com.bo/santa-cruz/abt-entrega-vehiculos-equipos-logisticos-municipio-puerto-quijarro_1790872752
ERBOL,2026-10-01,12:45,Gobierno no reconoce a fiscal general “autonombrado” y espera la Asamblea haga designación,https://erbol.com.bo/nacional/gobierno-no-reconoce-fiscal-general-%E2%80%9Cautonombrado%E2%80%9D-y-espera-la-asamblea-haga-designaci%C3%B3n
La Razon,2026-10-01,12:45,‘Se ha autonombrado’ dice Gálvez sobre fiscal general interino; ¿qué manda la norma?,https://larazon.bo/nacional/2026/10/01/se-ha-autonombrado-dice-galvez-sobre-fiscal-general-interino-que-dice-la-norma/
La Razon,2026-10-01,12:46,Caso Mariaca: Precintan departamento y vagoneta del fiscal aprehendido,https://larazon.bo/nacional/2026/10/01/caso-mariaca-precintan-departamento-y-vagoneta-del-fiscal-aprehendido/
La Razon,2026-10-01,12:46,Exportadores exigen llevar a tribunales internacionales la destrucción de madera,https://larazon.bo/economia-y-empresa/2026/10/01/exportadores-exigen-llevar-a-tribunales-internacionales-la-destruccion-de-madera/
Opinion,2026-10-01,12:46,Oviedo no descarta que Mariaca sea extraditado a EEUU,https://www.opinion.com.bo/pais/oviedo-descarta-que-mariaca-sea-extraditado-eeuu/20261001124639996960.html
La Razon,2026-10-01,12:47,Velasco propone refundar la justicia con tecnología y control ciudadano,https://larazon.bo/nacional/2026/10/01/velasco-propone-refundar-la-justicia-con-tecnologia-y-control-ciudadano/
El Deber,2026-10-01,12:52,De visas revocadas a la aprehensión de Mariaca: así se desencadenó la investigación al Ministerio Público,https://eldeber.com.bo/pais/visas-revocadas-aprehension-mariaca-asi-desencadeno-investigacion-ministerio-publico_1790873124
Opinion,2026-10-01,12:53,Unifranz forma médicos con mirada internacional para un mundo sin fronteras,https://www.opinion.com.bo/innovacion-educativa/unifranz-forma-medicos-mirada-internacional-mundo-fronteras/20261001125351996962.html
El Diario,2026-10-01,12:55,Piden al Gobierno intervenir diplomáticamente y jurídicamente en caso maderas,https://www.eldiario.net/portal/2026/10/01/piden-al-gobierno-intervenir-diplomaticamente-y-juridicamente-en-caso-maderas/
Red Uno,2026-10-01,12:57,¿Volvió a cambiar? Así está el precio del dólar en el mercado paralelo este jueves,https://www.reduno.com.bo/noticias/volvio-a-cambiar-asi-esta-el-precio-del-dolar-en-el-mercado-paralelo-este-jueves-202610112226
Unitel,2026-10-01,12:57,¿El fiscal Mariaca será extraditado a EEUU? Esto es lo que responde el Gobierno,https://unitel.bo/noticias/politica/el-fiscal-mariaca-sera-extraditado-a-eeuu-esto-es-lo-que-responde-el-gobierno-FN23847471
El Diario,2026-10-01,12:58,Bolivia alcanza superávit comercial en agosto,https://www.eldiario.net/portal/2026/10/01/bolivia-alcanza-superavit-comercial-en-agosto/
La Razon,2026-10-01,12:58,CAF y expertos internacionales acompañarán licitación de HUB Viru Viru,https://larazon.bo/economia-y-empresa/2026/10/01/caf-y-expertos-internacionales-acompanaran-licitacion-de-hub-viru-viru/
El Diario,2026-10-01,13:00,Autoridades deciden suspender las ejecuciones programadas en 2026,https://www.eldiario.net/portal/2026/10/01/autoridades-deciden-suspender-las-ejecuciones-programadas-en-2026/
La Razon,2026-10-01,13:02,Milei ofrece a Europa una Argentina con ‘energía abundante’,https://larazon.bo/mundo/2026/10/01/milei-ofrece-a-europa-una-argentina-con-energia-abundante/
Los Tiempos,2026-10-01,13:02,"Gobierno no reconoce a Luis Montaño como fiscal general, la nueva autoridad debe ser elegida por la Asamblea Legislativa",https://www.lostiempos.com/actualidad/pais/20261001/gobierno-no-reconoce-luis-montano-como-fiscal-general-nueva-autoridad-debe
El Diario,2026-10-01,13:03,Cochabamba adelanta limpieza por lluvias atípicas,https://www.eldiario.net/portal/2026/10/01/cochabamba-adelanta-limpieza-por-lluvias-atipicas/
La Razon,2026-10-01,13:04,Tuto Quiroga: Mariaca ‘tiene derecho a un juicio de responsabilidades’,https://larazon.bo/nacional/2026/10/01/tuto-quiroga-mariaca-tiene-derecho-a-un-juicio-de-responsabilidades/
El Diario,2026-10-01,13:05,Montaño y Andrade asumen cargos interinos en la Fiscalía,https://www.eldiario.net/portal/2026/10/01/montano-y-andrade-asumen-cargos-interinos-en-la-fiscalia/
Red Uno,2026-10-01,13:06,Fiscal general interino parte rumbo a Sucre y asegura que continuará el trabajo del Ministerio Público,https://www.reduno.com.bo/noticias/fiscal-general-interino-parte-rumbo-a-sucre-y-asegura-que-continuara-el-trabajo-del-ministerio-publico-2026101115255
El Diario,2026-10-01,13:07,ALP adelanta sesión para tratar la situación del Fiscal General,https://www.eldiario.net/portal/2026/10/01/alp-adelanta-sesion-para-tratar-la-situacion-del-fiscal-general/
La Razon,2026-10-01,13:08,"Tras aprehensión de fiscales, la Defensoría exige garantizar atención al público",https://larazon.bo/nacional/2026/10/01/tras-aprehension-de-fiscales-la-defensoria-exige-garantizar-atencion-al-publico/
Opinion,2026-10-01,13:08,¿Cómo convertir el talento y la identidad de un territorio en oportunidades económicas?,https://www.opinion.com.bo/innovacion-educativa/como-convertir-talento-identidad-territorio-oportunidades-economicas/20261001130853996964.html
Red Uno,2026-10-01,13:08,Denuncian que una mujer fue agredida tras difundir en TikTok la imagen del ladrón de su celular,https://www.reduno.com.bo/noticias/denuncian-que-una-mujer-fue-agredida-tras-difundir-en-tiktok-la-imagen-del-ladron-de-su-celular-20269302290
El Diario,2026-10-01,13:09,Mariaca y Zeballos son investigados por tres delitos,https://www.eldiario.net/portal/2026/10/01/mariaca-y-zeballos-son-investigados-por-tres-delitos/
La Razon,2026-10-01,13:09,Construcción en alerta por 600 obras paralizadas y costos que suben al 60%,https://larazon.bo/economia-y-empresa/2026/10/01/construccion-en-alerta-por-600-obras-paralizadas-y-costos-que-suben-al-60/
Red Uno,2026-10-01,13:09,Gobernación de Santa Cruz lanza 1.000 becas para jóvenes en inteligencia artificial y liderazgo,https://www.reduno.com.bo/noticias/gobernacion-de-santa-cruz-lanza-1-000-becas-para-jovenes-en-inteligencia-artificial-y-liderazgo-202610113026
El Diario,2026-10-01,13:11,Policía busca al exministro Eduardo Del Castillo,https://www.eldiario.net/portal/2026/10/01/policia-busca-al-exministro-eduardo-del-castillo/
Vision 360,2026-10-01,13:11,Milei contrapone en París modelo argentino al europeo y presume de resultados económicos,https://www.vision360.bo/noticias/2026/10/01/70413-milei-contrapone-en-paris-modelo-argentino-al-europeo-y-presume-de-resultados-economicos
El Diario,2026-10-01,13:13,Invertirán Bs 81 millones en tratamiento de cuencas,https://www.eldiario.net/portal/2026/10/01/invertiran-bs-81-millones-en-tratamiento-de-cuencas/
La Razon,2026-10-01,13:13,Gobierno de Paz agradece respaldo de EEUU y reivindica alianza contra el ‘narcoterrorismo’,https://larazon.bo/nacional/2026/10/01/gobierno-de-paz-agradece-respaldo-de-eeuu-y-reivindica-alianza-contra-el-narcoterrorismo/
El Diario,2026-10-01,13:15,Justicia de Emiratos investiga si hubo «terrorismo» en vuelo,https://www.eldiario.net/portal/2026/10/01/justicia-de-emiratos-investiga-si-hubo-terrorismo-en-vuelo/
La Razon,2026-10-01,13:15,Tuto exige investigar las ‘narcomaletas’ y cuestiona acciones selectivas contra el narcotráfico,https://larazon.bo/nacional/2026/10/01/tuto-exige-investigar-las-narcomaletas-y-cuestiona-acciones-selectivas-contra-el-narcotrafico/
Unitel,2026-10-01,13:15,"Tuto tras la aprehensión de Mariaca: “¿El Gobierno sabía del video de Marset? Si sabía, ¿por qué no actuó?”",https://unitel.bo/noticias/politica/tuto-tras-la-aprehension-de-mariaca-el-gobierno-sabia-del-video-de-marset-si-sabia-por-que-no-actuo-KN23848020
Vision 360,2026-10-01,13:15,Evo Morales toma sus recaudos y ajusta su agenda en el Chapare “por razones de seguridad”,https://www.vision360.bo/noticias/2026/10/01/70410-evo-morales-toma-sus-recaudos-y-ajusta-su-agenda-en-el-chapare-por-razones-de-seguridad
El Diario,2026-10-01,13:16,Hallan muerta a mujer de 56 años en Tiquipaya,https://www.eldiario.net/portal/2026/10/01/hallan-muerta-a-mujer-de-56-anos-en-tiquipaya/
El Diario,2026-10-01,13:19,Administración Trump expresa su apoyo al Gobierno de Paz,https://www.eldiario.net/portal/2026/10/01/administracion-trump-expresa-su-apoyo-al-gobierno-de-paz/
El Diario,2026-10-01,13:20,Largas filas por gasolina en La Paz,https://www.eldiario.net/portal/2026/10/01/largas-filas-por-gasolina-en-la-paz/
Unitel,2026-10-01,13:20,"¿Qué rol cumplían Mariaca, Del Castillo y el mayor Aparicio con Marset? Esto responde el ministro Oviedo",https://unitel.bo/noticias/seguridad/que-rol-cumplian-mariaca-del-castillo-y-el-mayor-aparicio-con-marset-esto-responde-el-ministro-oviedo-NN23848234
El Deber,2026-10-01,13:23,Bolivia lleva la voz de su sector empresarial al escenario global de la sostenibilidad,https://eldeber.com.bo/sostenibilidad-y-negocios/bolivia-lleva-voz-sector-empresarial-escenario-global-sostenibilidad_1790875387
El Diario,2026-10-01,13:23,Alertan peligro por contenido de juguete antiestrés,https://www.eldiario.net/portal/2026/10/01/alertan-peligro-por-contenido-de-juguete-antiestres/
Vision 360,2026-10-01,13:23,La UE aprueba el reglamento que permite crear centros para migrantes en terceros países,https://www.vision360.bo/noticias/2026/10/01/70416-la-ue-aprueba-el-reglamento-que-permite-crear-centros-para-migrantes-en-terceros-paises
La Razon,2026-10-01,13:25,Santa Cruz: Maestros urbanos marchan en contra del Decreto Supremo 5716,https://larazon.bo/sociedad/2026/10/01/santa-cruz-maestros-urbanos-marchan-en-contra-del-decreto-supremo-5716/
La Razon,2026-10-01,13:27,"El Ecuador de Gallardo mejora ante Japón, pero le falta gol",https://larazon.bo/marcas/2026/10/01/el-ecuador-de-gallardo-mejora-ante-japon-pero-le-falta-gol/
Vision 360,2026-10-01,13:28,Del Ártico a África: las crisis en Ormuz y Bab al Mandeb empujan a Asia a ampliar rutas,https://www.vision360.bo/noticias/2026/10/01/70419-del-rtico-a-frica-las-crisis-en-ormuz-y-bab-al-mandeb-empujan-a-asia-a-ampliar-rutas
ANF,2026-10-01,13:30,Gobierno no reconoce a Montaño como Fiscal General del Estado y no descarta una extradición de Mariaca,https://www.noticiasfides.com/nacional/seguridad/gobierno-no-reconoce-a-montano-como-fiscal-general-del-estado-y-no-descarta-una-extradicion-de-mariaca
Vision 360,2026-10-01,13:30,Haaland demanda a la aerolínea Norwegian por uso ilícito de su imagen durante el Mundial,https://www.vision360.bo/noticias/2026/10/01/70401-haaland-demanda-a-la-aerolinea-norwegian-por-uso-ilicito-de-su-imagen-durante-el-mundial
La Razon,2026-10-01,13:31,Oviedo no descarta posible extradición de Mariaca a Estados Unidos,https://larazon.bo/nacional/2026/10/01/oviedo-no-descarta-posible-extradicion-de-mariaca-a-estados-unidos/
Unitel,2026-10-01,13:32,"Se analiza el flujo de llamadas y la información de celulares de Mariaca y otros fiscales aprehendidos, dice el Gobierno",https://unitel.bo/noticias/politica/se-analiza-el-flujo-de-llamadas-y-la-informacion-de-celulares-de-mariaca-y-otros-fiscales-aprehendidos-dice-el-gobierno-EN23848491
Vision 360,2026-10-01,13:33,El presidente surcoreano pide reducir tensiones con Pionyang pese a la explosión de minas,https://www.vision360.bo/noticias/2026/10/01/70422-el-presidente-surcoreano-pide-reducir-tensiones-con-pionyang-pese-a-la-explosion-de-minas
Vision 360,2026-10-01,13:39,"Woody Allen, en Madrid para rodar su nueva película: ""Me preocupa el auge del fascismo""",https://www.vision360.bo/noticias/2026/10/01/70425-woody-allen-en-madrid-para-rodar-su-nueva-pelicula-me-preocupa-el-auge-del-fascismo
Opinion,2026-10-01,13:40,Caso Mariaca: Evo dice que debe juzgarse en Bolivia por soberanía,https://www.opinion.com.bo/pais/caso-mariaca-evo-dice-que-debe-juzgarse-bolivia-soberania/20261001134013996965.html
La Razon,2026-10-01,13:41,Vías Bolivia lanza su nueva imagen y alista telepeaje en Caracollo,https://larazon.bo/economia-y-empresa/2026/10/01/vias-bolivia-lanza-su-nueva-imagen-y-alista-telepeaje-en-caracollo/
Unitel,2026-10-01,13:46,Los operativos no se detienen: Precintan el departamento y un vehículo que usaba el fiscal Mariaca en Sucre,https://unitel.bo/noticias/seguridad/los-operativos-no-se-detienen-precintan-el-departamento-y-un-vehiculo-que-usaba-el-fiscal-mariaca-en-sucre-GN23848824
La Razon,2026-10-01,13:48,Tuto cuestiona doble criterio del Gobierno sobre la sucesión constitucional,https://larazon.bo/nacional/2026/10/01/tuto-cuestiona-doble-criterio-del-gobierno-sobre-la-sucesion-constitucional/
La Razon,2026-10-01,13:52,Disputa por la virgen patrona de Brasil domina final de la campaña,https://larazon.bo/mundo/2026/10/01/disputa-por-la-virgen-patrona-de-brasil-domina-final-de-la-campana/
La Razon,2026-10-01,13:56,BCB amplía desde octubre la devolución de depósitos hasta $us 10.000,https://larazon.bo/economia-y-empresa/2026/10/01/bcb-amplia-desde-octubre-la-devolucion-de-depositos-hasta-us-10-000/
La Razon,2026-10-01,13:58,Policía dice que ‘grupos’ intentaron evitar aprehensiones y denuncia retiro de cámaras,https://larazon.bo/nacional/2026/10/01/policia-dice-que-grupos-intentaron-evitar-aprehensiones-y-denuncia-retiro-de-camaras/
La Razon,2026-10-01,14:07,Sesión del Legislativo analizará ‘aspectos institucionales’ tras aprehensión de Mariaca,https://larazon.bo/nacional/2026/10/01/sesion-del-legislativo-analizara-aspectos-institucionales-tras-aprehension-de-mariaca/
Los Tiempos,2026-10-01,14:07,"Tuto cuestiona planteamiento de designar fiscal general por decreto: ""Es receta de Evo Morales""",https://www.lostiempos.com/actualidad/pais/20261001/tuto-cuestiona-planteamiento-designar-fiscal-general-decreto-es-receta-evo
Unitel,2026-10-01,14:10,Caso Mariaca: Gobierno agradece respaldo de EEUU a sus políticas antidroga tras la aprehensión de 14 personas,https://unitel.bo/noticias/politica/caso-mariaca-gobierno-agradece-respaldo-de-eeuu-a-sus-politicas-antidroga-tras-la-aprehension-de-14-personas-BN23848595
El Deber,2026-10-01,14:11,“Esto recién comienza”: Gobierno anuncia mayor persecución del narcoterrorismo y agradece apoyo de EEUU,https://eldeber.com.bo/pais/esto-recien-comienza-gobierno-anuncia-mayor-persecucion-narcoterrorismo-agradece-apoyo-eeuu_1790878237
Red Uno,2026-10-01,14:11,Policía resguarda domicilios vinculados a Mariaca y Zeballos y la Fiscalía de Santa Cruz,https://www.reduno.com.bo/noticias/policia-resguarda-domicilios-vinculados-a-mariaca-y-zeballos-y-la-fiscalia-de-santa-cruz-2026101133824
El Deber,2026-10-01,14:17,La hormonas sexuales influyen en que las mujeres experimenten más dolor que los hombres,https://eldeber.com.bo/salud-y-bienestar/hormonas-sexuales-influyen-mujeres-experimenten-dolor-hombres_1790878641
El Deber,2026-10-01,14:22,Habrá homenaje a Gladys Moreno,https://eldeber.com.bo/cultura-y-entretenimiento/habra-homenaje-gladys-moreno_1790878576
La Razon,2026-10-01,14:22,Sobreproducción de pollo presiona al sector avícola,https://larazon.bo/economia-y-empresa/2026/10/01/sobreproduccion-de-pollo-presiona-al-sector-avicola/
El Deber,2026-10-01,14:26,"Mariaca, el fiscal general acusado por Bolivia y EE.UU. de proteger al ""narcoterrorismo""",https://eldeber.com.bo/pais/mariaca-fiscal-general-acusado-bolivia-ee-uu-proteger-narcoterrorismo_1790879073
Los Tiempos,2026-10-01,14:26,"Gálvez lanza un mensaje a quienes protegen al narco: ""Esto recién comienza""",https://www.lostiempos.com/actualidad/pais/20261001/galvez-lanza-mensaje-quienes-protegen-al-narco-esto-recien-comienza
Red Uno,2026-10-01,14:28,Policía revela que Aparicio fue el primer detenido y dio información sobre autoridades fiscales,https://www.reduno.com.bo/noticias/policia-revela-que-aparicio-fue-el-primer-detenido-y-dio-informacion-sobre-autoridades-fiscales-202610113570
La Razon,2026-10-01,14:30,Cochabamba: distribuidores de GLP paran actividades y piden diálogo con el Gobierno,https://larazon.bo/ciudades/2026/10/01/cochabamba-distribuidores-de-glp-paran-actividades-y-piden-dialogo-con-el-gobierno/
La Razon,2026-10-01,14:31,Productores e industria instalan diálogo para definir ajuste en el precio de la leche cruda,https://larazon.bo/economia-y-empresa/2026/10/01/productores-e-industria-instalan-dialogo-para-definir-ajuste-en-el-precio-de-la-leche-cruda/
Red Uno,2026-10-01,14:32,Segip abre este sábado: conoce el horario y qué trámite podrás realizar,https://www.reduno.com.bo/noticias/segip-abre-este-sabado-conoce-el-horario-y-que-tramite-podras-realizar-2026101131657
Vision 360,2026-10-01,14:32,"¿Quién es Luis Montaño, el fiscal superior que asumió como fiscal general interino?",https://www.vision360.bo/noticias/2026/10/01/70428-quien-es-luis-montano-el-fiscal-superior-que-asumio-como-fiscal-general-interino
El Deber,2026-10-01,14:34,El capitán Aparicio “cayó” primero y llevó a más aprehensiones,https://eldeber.com.bo/pais/capitan-aparicio-cayo-primero-luego-aprehendieron-fiscales-mariaca-zeballos_1790879440
El Deber,2026-10-01,14:39,Detienen en Lima a otro supuesto captador de peruanos para luchar en guerra de Ucrania,https://eldeber.com.bo/mundo/detienen-lima-otro-supuesto-captador-peruanos-luchar-guerra-ucrania_1790879994
Red Uno,2026-10-01,14:39,Manfred tras aprehensión de Mariaca: “Seguramente irán saliendo más noticias”,https://www.reduno.com.bo/noticias/manfred-tras-aprehension-de-mariaca-seguramente-iran-saliendo-mas-noticias-2026101133210
Unitel,2026-10-01,14:44,"Fiscal general en ejercicio desvincula al asignado para tomar declaración a Mariaca, Zeballos e Irusta",https://unitel.bo/noticias/seguridad/fiscal-general-en-ejercicio-desvincula-al-asignado-para-tomar-declaracion-a-mariaca-zeballos-e-irusta-DM23850740
Opinion,2026-10-01,14:48,"Gálvez lanza un mensaje a quienes protegen al narco: ""Esto recién comienza""",https://www.opinion.com.bo/pais/galvez-lanza-mensaje-quienes-protegen-narco-recien-comienza/20261001144829996966.html
El Deber,2026-10-01,14:49,"Mariaca y Zeballos enfrentan imputación y no se descarta solicitud de extradición, indica el Gobierno",https://eldeber.com.bo/pais/mariaca-zeballos-enfrentan-imputacion-no-descarta-solicitud-extradicion-indica-gobierno_1790879944
Opinion,2026-10-01,14:53,Gobierno desconoce a Montaño y espera que la Asamblea defina la conducción de la Fiscalía,https://www.opinion.com.bo/pais/gobierno-desconoce-montano-espera-que-asamblea-defina-conduccion-fiscalia/20261001145308996967.html
La Razon,2026-10-01,14:55,Mercado de valores aumenta 29% sus operaciones en septiembre,https://larazon.bo/economia-y-empresa/2026/10/01/mercado-de-valores-aumenta-29-sus-operaciones-en-septiembre/
Opinion,2026-10-01,14:55,Prevén habilitación del hospital José de la Reza; Capinota recibe resolución en su aniversario,https://www.opinion.com.bo/cochabamba/preven-habilitacion-hospital-jose-reza-capinota-recibe-resolucion-aniversario/20261001145503996969.html
El Deber,2026-10-01,14:56,ONU y Unifranz acuerdan impulsar el desarrollo sostenible en Bolivia,https://eldeber.com.bo/sostenibilidad-y-negocios/onu-unifranz-acuerdan-impulsar-desarrollo-sostenible-bolivia_1790880999
Unitel,2026-10-01,14:56,"El fiscal Martín Irusta fue aprehendido cuando “pretendían extraer documentación” de la Fiscalía General del Estado, reporta la Policía",https://unitel.bo/noticias/seguridad/el-fiscal-martin-irusta-fue-aprehendido-cuando-pretendian-extraer-documentacion-de-la-fiscalia-general-del-estado-reporta-la-policia-GM23851205
ANF,2026-10-01,14:57,Gobierno asegura que tiene información con la que pueden concluir que Mariaca era parte de una estructura criminal,https://www.noticiasfides.com/nacional/seguridad/gobierno-asegura-que-tiene-informacion-con-la-que-pueden-concluir-que-mariaca-era-parte-de-una-estructura-criminal
Vision 360,2026-10-01,15:00,La Paz albergará la Liga Superior Masculina con la presencia de ocho clubes,https://www.vision360.bo/noticias/2026/10/01/70395-la-paz-albergara-la-liga-superior-masculina-con-la-presencia-de-ocho-clubes
ANF,2026-10-01,15:01,El nuevo valor de los alimentos locales: cuando comer también mueve la economía,https://www.noticiasfides.com/innovacion-y-educacion/el-nuevo-valor-de-los-alimentos-locales-cuando-comer-tambien-mueve-la-economia
La Razon,2026-10-01,15:02,CAN avanza hacia un Cielo Único Andino y un régimen de cabotaje,https://larazon.bo/economia-y-empresa/2026/10/01/can-avanza-hacia-un-cielo-unico-andino-y-un-regimen-de-cabotaje/
El Deber,2026-10-01,15:04,El Gobierno de Bolivia desconoce al fiscal general designado tras aprehensión del titular,https://eldeber.com.bo/pais/gobierno-bolivia-desconoce-fiscal-general-designado-aprehension-titular_1790881438
Red Uno,2026-10-01,15:05,“El poder no puede ser refugio para el delito”: Gobierno defiende operativo por caso Mariaca,https://www.reduno.com.bo/noticias/el-poder-no-puede-ser-refugio-para-el-delito-gobierno-defiende-operativo-por-caso-mariaca-202610115519
La Razon,2026-10-01,15:07,Exigen tercera pericia para definir si madera retenida en Chile contenía droga,https://larazon.bo/economia-y-empresa/2026/10/01/exigen-tercera-pericia-para-definir-si-madera-retenida-en-chile-contenia-droga/
El Deber,2026-10-01,15:13,"'Véspera', la nueva serie brasileña de HBO Max, habla de la complejidad de ser madre",https://eldeber.com.bo/cultura-y-entretenimiento/vespera-nueva-serie-brasilena-hbo-max-habla-complejidad-ser-madre_1790882006
El Deber,2026-10-01,15:15,¿Por qué aprehendieron al fiscal Martín Irusta? Lo encontraron retirando documentación de la Fiscalía General,https://eldeber.com.bo/pais/aprehendieron-fiscal-martin-irusta-encontraron-retirando-documentacion-fiscalia-general_1790881429
Unitel,2026-10-01,15:18,Lara habló sobre Mariaca en España y pide no nombrar nuevo fiscal general por decreto,https://unitel.bo/noticias/politica/lara-hablo-sobre-mariaca-en-espana-y-pide-no-nombrar-nuevo-fiscal-general-por-decreto-AM23851753
La Razon,2026-10-01,15:19,Policía captura a delincuentes tras atraco a domicilio en El Alto,https://larazon.bo/ciudades/2026/10/01/policia-captura-a-delincuentes-tras-atraco-a-domicilio-en-el-alto/
Red Uno,2026-10-01,15:22,Gobierno a fiscales: “Este operativo no es contra ustedes; busca proteger su trabajo”,https://www.reduno.com.bo/noticias/gobierno-a-fiscales-este-operativo-no-es-contra-ustedes-busca-proteger-su-trabajo-202610115221
El Deber,2026-10-01,15:23,Cancillería responde a denuncias de quema de madera boliviana en Chile,https://eldeber.com.bo/economia/cancilleria-responde-denuncias-quema-madera-boliviana-chile_1790881394
Vision 360,2026-10-01,15:23,"Revelaciones de un policía activaron los operativos en Santa Cruz y Sucre, el Gobierno advierte que “esto recién empieza”",https://www.vision360.bo/noticias/2026/10/01/70431-revelaciones-de-un-policia-activaron-los-operativos-en-santa-cruz-y-sucre-el-gobierno-advierte-que-esto-recien-empieza
ANF,2026-10-01,15:25,"Tras la aprehensión de Mariaca, legisladores advierten que los casos contra Cerimedo y la primera dama están en riesgo",https://www.noticiasfides.com/nacional/politica/tras-la-aprehension-de-mariaca-legisladores-advierten-que-los-casos-contra-cerimedo-y-la-primera-dama-estan-en-riesgo
La Razon,2026-10-01,15:25,Fiscal General presenta acción de libertad contra el presidente Rodrigo Paz,https://larazon.bo/nacional/2026/10/01/fiscal-general-presenta-accion-de-libertad-contra-el-presidente-rodrigo-paz/
Red Uno,2026-10-01,15:26,Defensa denuncia que choferes de Mariaca siguen aprehendidos y bajo amenaza de traslado a La Paz,https://www.reduno.com.bo/noticias/defensa-denuncia-que-choferes-de-mariaca-siguen-aprehendidos-y-bajo-amenaza-de-traslado-a-la-paz-202610114628
La Razon,2026-10-01,15:27,Chile: Choques entre estudiantes y policía durante protesta,https://larazon.bo/mundo/2026/10/01/chile-choques-entre-estudiantes-y-policia-durante-protesta/
Diez,2026-10-01,15:30,Guabirá–Oriente Petrolero cambia de horario para no coincidir con el partido de La Verde,https://diez.bo/futbol/guabira-oriente-petrolero-cambia-de-horario-para-no-coincidir-con-el-partido-de-la-verde_1790881905
El Deber,2026-10-01,15:34,MNR se concentra en la búsqueda de unidad siguiendo la línea de Víctor Paz,https://eldeber.com.bo/pais/mnr-concentra-busqueda-unidad-siguiendo-linea-victor-paz_1790883261
La Razon,2026-10-01,15:35,Santa Cruz: Tatiana Marset retornará al penal de Palmasola,https://larazon.bo/ciudades/2026/10/01/santa-cruz-tatiana-marset-retornara-al-penal-de-palmasola/
Unitel,2026-10-01,15:37,Evo dice que no controla la vida del fiscal aprehendido que era su abogado y aparece rodeado de dirigentes,https://unitel.bo/noticias/politica/evo-dice-que-no-controla-la-vida-del-fiscal-aprehendido-que-era-su-abogado-y-aparece-rodeado-de-dirigentes-AM23852750
Red Uno,2026-10-01,15:39,Tuto sobre aprehensión de fiscales: “Todo se debe investigar”,https://www.reduno.com.bo/noticias/tuto-sobre-aprehension-de-fiscales-todo-se-debe-investigar-2026101132450
Vision 360,2026-10-01,15:40,¿Qué representa la aprehensión de Mariaca? Esto dicen los analistas,https://www.vision360.bo/noticias/2026/10/01/70434-que-representa-la-aprehension-de-mariaca-esto-dicen-los-analistas
Vision 360,2026-10-01,15:42,"Avanza restauración del techo de la Iglesia de Curahuara de Carangas, la “Capilla Sixtina del Altiplano”",https://www.vision360.bo/noticias/2026/10/01/70437-avanza-restauracion-del-techo-de-la-iglesia-de-curahuara-de-carangas-la-capilla-sixtina-del-altiplano
La Razon,2026-10-01,15:43,Tuto cuestiona al Gobierno por el video de Marset: ‘¿Por qué no actuaron?’,https://larazon.bo/nacional/2026/10/01/tuto-cuestiona-al-gobierno-por-el-video-de-marset-por-que-no-actuaron/
Red Uno,2026-10-01,15:46,Oviedo cuestiona al fiscal interino y dice que la Asamblea debe definir al nuevo Fiscal General,https://www.reduno.com.bo/noticias/oviedo-cuestiona-al-fiscal-interino-y-dice-que-la-asamblea-debe-definir-al-nuevo-fiscal-general-2026101133744
ANF,2026-10-01,15:49,Edmand Lara advierte que el presidente Paz no puede nombrar al Fiscal General por decreto,https://www.noticiasfides.com/nacional/politica/edmand-lara-advierte-que-el-presidente-paz-no-puede-nombrar-al-fiscal-general-por-decreto
Red Uno,2026-10-01,15:49,"¿Cómo fueron aprehendidos Mariaca, Zeballos, Irusta y Aparicio? Policía revela la secuencia",https://www.reduno.com.bo/noticias/como-fueron-aprehendidos-mariaca-zeballos-irusta-y-aparicio-policia-revela-la-secuencia-20261011478
Diez,2026-10-01,15:50,Turquía investiga a 448 dirigentes del fútbol por apuestas deportivas,https://diez.bo/futbol/turquia-investiga-a-448-dirigentes-del-futbol-por-apuestas-deportivas_1790884216
El Deber,2026-10-01,15:50,Alcaldía y Defensa al Consumidor intensifican los controles en los centros de abastecimiento,https://eldeber.com.bo/santa-cruz/alcaldia-defensa-consumidor-intensifican-controles-centros-abastecimiento_1790883512
Red Uno,2026-10-01,15:52,Fiscal Tejerina respalda a Mariaca y sostiene que debería enfrentar un “caso de corte”,https://www.reduno.com.bo/noticias/fiscal-tejerina-respalda-a-mariaca-y-sostiene-que-deberia-enfrentar-un-caso-de-corte-202610114940
Unitel,2026-10-01,15:52,Asamblea Legislativa analizará este viernes acciones y proceso de fiscalización tras la aprehensión de Mariaca,https://unitel.bo/noticias/politica/asamblea-legislativa-analizara-este-viernes-acciones-y-proceso-de-fiscalizacion-tras-la-aprehension-de-mariaca-AM23852570
La Razon,2026-10-01,15:53,EEUU sanciona a las automotrices más grandes de Irán,https://larazon.bo/mundo/2026/10/01/eeuu-sanciona-a-las-automotrices-mas-grandes-de-iran/
Red Uno,2026-10-01,15:55,"Aprehendidos en ambulancia con Bs 3,5 millones y $us 10.000 aún no declaran",https://www.reduno.com.bo/noticias/aprehendidos-en-ambulancia-con-bs-3-5-millones-y-us-10-000-aun-no-declaran-2026101153936
El Diario,2026-10-01,15:56,Dirnoplu activa aplicación móvil para evitar estafas,https://www.eldiario.net/portal/2026/10/01/dirnoplu-activa-aplicacion-movil-para-evitar-estafas/
El Diario,2026-10-01,15:58,Cuestionan que Montaño se atribuya el cargo de fiscal general,https://www.eldiario.net/portal/2026/10/01/cuestionan-que-montano-se-atribuya-el-cargo-de-fiscal-general/
Vision 360,2026-10-01,15:59,YPFB sostiene que precio de la gasolina no tendrá incremento y atribuye las filas a declaraciones de Lara,https://www.vision360.bo/noticias/2026/10/01/70440-ypfb-sostiene-que-precio-de-la-gasolina-no-tendra-incremento-y-atribuye-las-filas-a-declaraciones-de-lara
El Diario,2026-10-01,16:00,Santa Cruz ofrece mil becas en IA,https://www.eldiario.net/portal/2026/10/01/santa-cruz-ofrece-mil-becas-en-ia/
La Razon,2026-10-01,16:00,Gálvez advierte que investigación sobre Mariaca ‘recién comienza’,https://larazon.bo/nacional/2026/10/01/galvez-advierte-que-investigacion-sobre-mariaca-recien-comienza/
Red Uno,2026-10-01,16:00,“No sería una sorpresa que lo requieran”: Oviedo no descarta extradición de Mariaca a EEUU,https://www.reduno.com.bo/noticias/no-seria-una-sorpresa-que-lo-requieran-oviedo-no-descarta-extradicion-de-mariaca-a-eeuu-2026101152934
El Diario,2026-10-01,16:01,Parlamentarios rechazan “autonombrados” en la FGE,https://www.eldiario.net/portal/2026/10/01/parlamentarios-rechazan-autonombrados-en-la-fge/
La Razon,2026-10-01,16:01,Alicorp lidera conversatorio sobre sostenibilidad y trae a Bolivia su experiencia regional,https://larazon.bo/espacio-empresarial/2026/10/01/alicorp-lidera-conversatorio-sobre-sostenibilidad-y-trae-a-bolivia-su-experiencia-regional/
El Diario,2026-10-01,16:03,Trump se refiere al futuro de Venezuela,https://www.eldiario.net/portal/2026/10/01/trump-se-refiere-al-futuro-de-venezuela/
Unitel,2026-10-01,16:04,Mariaca presenta una acción de libertad contra el presidente Paz y otras autoridades,https://unitel.bo/noticias/seguridad/mariaca-presenta-una-accion-de-libertad-contra-el-presidente-paz-y-otras-autoridades-EM23852767
La Razon,2026-10-01,16:07,Gálvez garantiza debido proceso y pide a fiscales continuar con sus funciones,https://larazon.bo/nacional/2026/10/01/galvez-garantiza-debido-proceso-y-pide-a-fiscales-continuar-con-sus-funciones/
El Deber,2026-10-01,16:08,Capturan al edecán del fiscal Mariaca con Bs 1 millón en su domicilio,https://eldeber.com.bo/pais/capturan-edecan-fiscal-mariaca-bs-1-millon-domicilio_1790885106
La Razon,2026-10-01,16:11,Lara advierte desde España que el reemplazante de Mariaca no puede ser designado por decreto,https://larazon.bo/nacional/2026/10/01/lara-advierte-desde-espana-que-el-reemplazante-de-mariaca-no-puede-ser-designado-por-decreto/
El Deber,2026-10-01,16:14,"Narco uruguayo Marset ""también corrompió a funcionarios"" en Paraguay, dice jefe antidrogas",https://eldeber.com.bo/pais/narco-uruguayo-marset-corrompio-funcionarios-paraguay-dice-jefe-antidrogas_1790885119
El Deber,2026-10-01,16:14,Xiaomi anuncia beneficios exclusivos para los primeros compradores del nuevo REDMI Note 17 PRO,https://eldeber.com.bo/te-puede-interesar/xiaomi-anuncia-beneficios-exclusivos-primeros-compradores-nuevo-redmi-note-17-pro_1790885691
La Razon,2026-10-01,16:14,Los precios del petróleo nuevamente vuelven a subir,https://larazon.bo/mundo/2026/10/01/los-precios-del-petroleo-nuevamente-vuelven-a-subir/
Red Uno,2026-10-01,16:14,“Mi auto es negro”: Jueza Livia Alarcón niega haber visitado a Sebastián Marset antes de su captura,https://www.reduno.com.bo/noticias/mi-auto-es-negro-jueza-livia-alarcon-niega-haber-visitado-a-sebastian-marset-antes-de-su-captura-202610116732
Unitel,2026-10-01,16:16,Gobierno denuncia que Montaño “usurpa funciones” al declararse fiscal general y “será detenido”,https://unitel.bo/noticias/seguridad/gobierno-denuncia-que-montano-usurpa-funciones-al-declararse-fiscal-general-y-sera-detenido-GM23853036
El Deber,2026-10-01,16:18,Gobierno anuncia que Policía aprehenderá al nuevo fiscal general por obstruir proceso contra altas autoridades,https://eldeber.com.bo/la-paz/gobierno-anuncia-policia-aprehendera-nuevo-fiscal-general-obstruir-proceso-altas-autoridades_1790885814
La Razon,2026-10-01,16:20,Doria Medina desafía a Paz a investigar a corruptos de su entorno,https://larazon.bo/nacional/2026/10/01/doria-medina-desafia-a-paz-a-investigar-a-corruptos-de-su-entorno/
Red Uno,2026-10-01,16:22,"Loza exige investigar las aprehensiones de fiscales, pero rechaza la ""injerencia extranjera""",https://www.reduno.com.bo/noticias/loza-exige-investigar-las-aprehensiones-de-fiscales-pero-rechaza-la-injerencia-extranjera-20261011589
Vision 360,2026-10-01,16:24,Zago niega que haya cometido agresiones físicas y de racismo a Oriente Petrolero,https://www.vision360.bo/noticias/2026/10/01/70443-zago-niega-que-haya-cometido-agresiones-fisicas-y-de-racismo-a-oriente-petrolero
Los Tiempos,2026-10-01,16:25,Condenada a muerte en EEUU sobrevive a 2 inyecciones letales,https://www.lostiempos.com/actualidad/mundo/20261001/condenada-muerte-eeuu-sobrevive-2-inyecciones-letales
Red Uno,2026-10-01,16:25,Gobierno responde a amenazas de “octubre negro”: “Será negro para las estructuras criminales”,https://www.reduno.com.bo/noticias/gobierno-responde-a-amenazas-de-octubre-negro-sera-negro-para-las-estructuras-criminales-2026101161437
La Razon,2026-10-01,16:26,"‘Pronto’ puede venir la solitud de extradición de Mariaca, advierte Justiniano",https://larazon.bo/nacional/2026/10/01/pronto-puede-venir-la-solitud-de-extradicion-de-mariaca-advierte-justiniano/
Diez,2026-10-01,16:27,The Strongest anuncia demandas ante la Conmebol y la justicia ordinaria tras incidentes con Oriente,https://diez.bo/futbol/the-strongest-anuncia-demandas-ante-la-conmebol-y-la-justicia-ordinaria-tras-incidentes-con-oriente_1790886477
La Razon,2026-10-01,16:27,El gobierno francés propone un fuerte ajuste fiscal,https://larazon.bo/mundo/2026/10/01/el-gobierno-frances-propone-un-fuerte-ajuste-fiscal/
La Razon,2026-10-01,16:28,Gobierno amenaza con detener al fiscal general en ejercicio,https://larazon.bo/nacional/2026/10/01/gobierno-amenaza-con-detener-al-fiscal-general-en-ejercicio/
Unitel,2026-10-01,16:28,Policía: Mariaca y Zeballos fueron llevados a La Paz porque “grupos delincuenciales pretendían intervenir”,https://unitel.bo/noticias/seguridad/policia-mariaca-y-zeballos-fueron-llevados-a-la-paz-porque-grupos-delincuenciales-pretendian-intervenir-GM23853216
La Razon,2026-10-01,16:29,Más de 20 artistas se suman a la Solidatón Rosa ‘Ni una más’,https://larazon.bo/la-revista/2026/10/01/mas-de-20-artistas-se-suman-a-la-solidaton-rosa-ni-una-mas/
Red Uno,2026-10-01,16:30,"Polémica en la UMSS: Decano de Ciencias Sociales se declara ""evista"" y desata la indignación estudiantil",https://www.reduno.com.bo/noticias/polemica-en-la-umss-decano-de-ciencias-sociales-se-declara-evista-y-desata-la-indignacion-estudiantil-202610115565
El Deber,2026-10-01,16:31,Un hombre de 61 años es aprehendido tras ser sindicado de matar a su esposa,https://eldeber.com.bo/pais/hombre-61-anos-aprehendido-ser-sindicado-matar-esposa_1790886533
Unitel,2026-10-01,16:31,"Situación en la Fiscalía: “Han cerrado el sistema para no admitir las denuncias”, acusa el Gobierno",https://unitel.bo/noticias/seguridad/situacion-en-la-fiscalia-han-cerrado-el-sistema-para-no-admitir-las-denuncias-acusa-el-gobierno-DM23853347
La Razon,2026-10-01,16:32,CAF aprueba $us 224 MM para reactivar obras viales en el país,https://larazon.bo/economia-y-empresa/2026/10/01/caf-aprueba-us-224-mm-para-reactivar-obras-viales-en-el-pais/
Los Tiempos,2026-10-01,16:33,CAF aprobó USD 224 millones para reactivar obras viales estratégicas en Bolivia,https://www.lostiempos.com/actualidad/economia/20261001/caf-aprobo-usd-224-millones-reactivar-obras-viales-estrategicas-bolivia
La Razon,2026-10-01,16:34,Xiaomi anuncia beneficios exclusivos para los primeros compradores del nuevo REDMI Note 17 PRO,https://larazon.bo/espacio-empresarial/2026/10/01/xiaomi-anuncia-beneficios-exclusivos-para-los-primeros-compradores-del-nuevo-redmi-note-17-pro/
Opinion,2026-10-01,16:34,Mariaca presenta acción de libertad contra Rodrigo Paz y otras autoridades,https://www.opinion.com.bo/pais/mariaca-presenta-accion-libertad-rodrigo-paz-otras-autoridades/20261001163454996970.html
Red Uno,2026-10-01,16:36,"""Montaño usurpa funciones"": Vocero anuncia que el Fiscal General Interino será detenido",https://www.reduno.com.bo/noticias/montano-usurpa-funciones-vocero-anuncia-que-el-fiscal-general-interino-sera-detenido-202610116300
El Deber,2026-10-01,16:37,"El gas sigue en Bs 22,50, pero repartirlo a los barrios ya genera pérdidas, según distribuidores",https://eldeber.com.bo/economia/gas-sigue-bs-22-50-repartirlo-barrios-genera-perdidas-distribuidores_1790885968
La Razon,2026-10-01,16:38,Alcaldía de El Alto decomisa juguetes antiestrés ante alerta sobre su composición,https://larazon.bo/ciudades/2026/10/01/alcaldia-de-el-alto-decomisa-juguetes-antiestres-ante-alerta-sobre-su-composicion/
ANF,2026-10-01,16:39,"Tuto Quiroga pide investigar “todo”, incluidos los casos de “narcomaletas”, oro y bienes vinculados a Marset",https://www.noticiasfides.com/nacional/politica/tuto-quiroga-pide-investigar-todo-incluidos-los-casos-de-narcomaletas-oro-y-bienes-vinculados-a-marset
Vision 360,2026-10-01,16:39,El Manchester City reconocerá ser un club estado en su apelación para tratar de esquivar sanciones,https://www.vision360.bo/noticias/2026/10/01/70446-el-manchester-city-reconocera-ser-un-club-estado-en-su-apelacion-para-tratar-de-esquivar-sanciones
La Razon,2026-10-01,16:40,Autoridades indígenas reafirman ultimátum de desalojo a mineros,https://larazon.bo/sociedad/2026/10/01/autoridades-indigenas-reafirman-ultimatum-de-desalojo-a-mineros/
La Razon,2026-10-01,16:40,Elon Musk vuelve a asesorar al gobierno de Donald Trump,https://larazon.bo/mundo/2026/10/01/elon-musk-vuelve-a-asesorar-al-gobierno-de-donald-trump/
Opinion,2026-10-01,16:40,El Vocero acusa a Montaño de usurpar el cargo de Fiscal General y dice que lo detendrán,https://www.opinion.com.bo/pais/vocero-acusa-montano-usurpar-cargo-fiscal-general-dice-que-detendran/20261001164027996971.html
ANF,2026-10-01,16:42,¿Quiénes son los principales implicados en presuntos vínculos con el narcotráfico y Marset?,https://www.noticiasfides.com/nacional/seguridad/quienes-son-los-principales-implicados-en-presuntos-vinculos-con-el-narcotrafico-y-marset
El Deber,2026-10-01,16:42,Tuto Quiroga pide una investigación legislativa y exige al Gobierno abrir una oficina de la DEA,https://eldeber.com.bo/pais/tuto-quiroga-pide-investigacion-legislativa-exige-gobierno-abrir-oficina-dea_1790886839
Los Tiempos,2026-10-01,16:46,Putin advierte que Rusia usará todo su arsenal si la atacan,https://www.lostiempos.com/actualidad/mundo/20261001/putin-advierte-que-rusia-usara-todo-su-arsenal-si-atacan
Opinion,2026-10-01,16:47,Justicia revoca detención domiciliaria de Tatiana Marset y ordena su retorno a Palmasola,https://www.opinion.com.bo/policial/justicia-revoca-detencion-domiciliaria-tatiana-marset-ordena-retorno-palmasola/20261001164707996972.html
El Deber,2026-10-01,16:48,Rescatan a 10 loritos y arrestan a dos mujeres en el mercado La Ramada,https://eldeber.com.bo/santa-cruz/rescatan-10-loritos-arrestan-dos-mujeres-mercado-ramada_1790886899
La Razon,2026-10-01,16:48,EEUU cuestiona la independencia de la Fiscalía boliviana y respalda a Paz,https://larazon.bo/nacional/2026/10/01/eeuu-cuestiona-la-independencia-de-la-fiscalia-boliviana-y-respalda-a-paz/
El Diario,2026-10-01,16:49,Gobierno no reconoce a Montaño y pide su detención en medio de la crisis en la Fiscalía,https://www.eldiario.net/portal/2026/10/01/gobierno-no-reconoce-a-montano-y-pide-su-detencion-en-medio-de-la-crisis-en-la-fiscalia-1648/
Diez,2026-10-01,16:50,Futbolistas buscan asesoramiento legal para posibles indemnizaciones por el caso del City,https://diez.bo/futbol/futbolistas-buscan-asesoramiento-legal-para-posibles-indemnizaciones-por-el-caso-del-city_1790887806
La Razon,2026-10-01,16:50,Ministro Morales aborda nuevas oportunidades de financiamiento ante la CAF,https://larazon.bo/economia-y-empresa/2026/10/01/ministro-morales-aborda-nuevas-oportunidades-de-financiamiento-ante-la-caf/
Unitel,2026-10-01,16:50,"Policía interviene instalaciones de la Fiscalía de La Paz en busca del fiscal departamental, Carlos Torrez",https://unitel.bo/noticias/seguridad/policia-interviene-instalaciones-de-la-fiscalia-de-la-paz-en-busca-del-fiscal-departamental-carlos-torrez-NM23853824
La Razon,2026-10-01,16:53,El Segip recuerda que el sábado atenderá en todas sus oficinas del país,https://larazon.bo/sociedad/2026/10/01/el-segip-recuerda-que-el-sabado-atendera-en-todas-sus-oficinas-del-pais/
La Razon,2026-10-01,16:53,EEUU: A Europa ‘le conviene’ apoyar suministro de combustible,https://larazon.bo/mundo/2026/10/01/eeuu-a-europa-le-conviene-apoyar-suministro-de-combustible/
La Razon,2026-10-01,16:55,Fiscal general en ejercicio aparta al fiscal que debía tomar declaraciones a Mariaca,https://larazon.bo/nacional/2026/10/01/fiscal-general-en-ejercicio-aparta-al-fiscal-que-debia-tomar-declaraciones-a-mariaca/
El Diario,2026-10-01,16:56,"Suben el tomate, el huevo y la carne: los nuevos precios de la canasta familiar",https://www.eldiario.net/portal/2026/10/01/suben-el-tomate-el-huevo-y-la-carne-los-nuevos-precios-de-la-canasta-familiar-1655/
Vision 360,2026-10-01,16:58,Gobierno desconoce a Montaño y denuncia que opera un plan para frenar denuncias contra una organización criminal enquistada en la justicia,https://www.vision360.bo/noticias/2026/10/01/70449-gobierno-desconoce-a-montano-y-denuncia-que-opera-un-plan-para-frenar-denuncias-contra-una-organizacion-criminal-enquistada-en-la-justicia
Opinion,2026-10-01,16:59,Día del Árbol: lanzan aplicación que identifica ejemplares arbóreos y sus características,https://www.opinion.com.bo/cochabamba/dia-arbol-lanzan-aplicacion-que-identifica-ejemplares-arboreos-caracteristicas/20261001165910996974.html
El Deber,2026-10-01,17:03,Una alerta sobre grupos delincuenciales obligó a trasladar a Mariaca y Zeballos a La Paz,https://eldeber.com.bo/la-paz/alerta-grupos-delincuenciales-obligo-trasladar-mariaca-zeballos-paz_1790885364
La Razon,2026-10-01,17:03,‘El Gobierno se agarra de este fiscal para imputar a Mariaca’: Beller acusa a Mazzone de encubrimiento,https://larazon.bo/nacional/2026/10/01/el-gobierno-se-agarra-de-este-fiscal-para-imputar-a-mariaca-beller-acusa-a-mazzone-de-encubrimiento/
La Razon,2026-10-01,17:04,Cancillería informa que Chile suspende temporalmente destrucción de madera boliviana,https://larazon.bo/economia-y-empresa/2026/10/01/cancilleria-informa-que-chile-suspende-temporalmente-destruccion-de-madera-boliviana/
Los Tiempos,2026-10-01,17:04,"Ambulancia vinculada a Mariaca trasladaba Bs 3,5 millones y $us 10 mil",https://www.lostiempos.com/actualidad/seguridad/20261001/ambulancia-vinculada-mariaca-trasladaba-bs-35-millones-us-10-mil
Vision 360,2026-10-01,17:04,Portugal se reivindica en Copenhague en medio de la salida de Ronaldo,https://www.vision360.bo/noticias/2026/10/01/70452-portugal-se-reivindica-en-copenhague-en-medio-de-la-salida-de-ronaldo
Diez,2026-10-01,17:05,Zago sobre los incidentes en Santa Cruz: “No levanté la mano contra nadie”,https://diez.bo/futbol/zago-sobre-los-incidentes-en-santa-cruz-no-levante-la-mano-contra-nadie_1790888483
Red Uno,2026-10-01,17:09,Policías llegan a la Fiscalía de La Paz en busca del fiscal Luis Carlos Torrez,https://www.reduno.com.bo/noticias/policias-llegan-a-la-fiscalia-de-la-paz-en-busca-del-fiscal-luis-carlos-torrez-20261011740
Opinion,2026-10-01,17:14,Sacaba condona el 100% de multas e intereses por deudas tributarias de 1995 a 2024,https://www.opinion.com.bo/cochabamba/sacaba-condona-100-multas-intereses-deudas-tributarias-1995-2024/20261001171416996976.html
El Deber,2026-10-01,17:15,Galvez dice que ya están extrayendo información de celulares de Mariaca y Zeballos,https://eldeber.com.bo/la-paz/galvez-dice-estan-extrayendo-informacion-celulares-mariaca-zeballos_1790887771
Opinion,2026-10-01,17:16,Inicia la cuenta regresiva para la XIX Feria Internacional del Libro de Cochabamba,https://www.opinion.com.bo/cultura/inicia-cuenta-regresiva-xix-feria-internacional-libro-cochabamba/20261001171657996977.html
ANF,2026-10-01,17:17,"Policía revela que declaración del mayor Aparicio derivó en la captura de Mariaca, señalado como nexo con Marset",https://www.noticiasfides.com/nacional/seguridad/policia-revela-que-declaracion-del-mayor-aparicio-derivo-en-la-captura-de-mariaca-senalado-como-nexo-con-marset
Unitel,2026-10-01,17:18,"¿Quién es Rubén Aparicio, el mayor de la Policía involucrado en la investigación contra el fiscal Roger Mariaca?",https://unitel.bo/noticias/seguridad/quien-es-ruben-aparicio-el-mayor-de-la-policia-involucrado-en-la-investigacion-contra-el-fiscal-roger-mariaca-OM23854596
El Deber,2026-10-01,17:19,Fenavid 2026 llega con una amplia vitrina de audiovisuales bolivianos y latinoamericanos,https://eldeber.com.bo/cultura-y-entretenimiento/fenavid-2026-llega-amplia-vitrina-audiovisuales-bolivianos-latinoamericanos_1790889396
Opinion,2026-10-01,17:19,"Este mes, alistan campaña contra el dengue en la ciudad de Cochabamba",https://www.opinion.com.bo/cochabamba/mes-alistan-campana-dengue-ciudad-cochabamba/20261001171909996979.html
ANF,2026-10-01,17:23,Fiscal Mariaca presenta en Santa Cruz una acción de libertad contra el presidente Rodrigo Paz,https://www.noticiasfides.com/justicia/fiscal-mariaca-presenta-en-santa-cruz-una-accion-de-libertad-contra-el-presidente-rodrigo-paz
La Razon,2026-10-01,17:25,Dockweiler pide cambios en la Justicia tras aprehensión de fiscales,https://larazon.bo/nacional/2026/10/01/dockweiler-pide-cambios-en-la-justicia-tras-aprehension-de-fiscales/
El Deber,2026-10-01,17:28,Incautan cerca de 400 kilos de marihuana en dos operativos realizados en Beni,https://eldeber.com.bo/pais/incautan-cerca-400-kilos-marihuana-dos-operativos-realizados-beni_1790889373
Vision 360,2026-10-01,17:30,"Mariaca, Zeballos e Irusta presentan acción de libertad contra autoridades del Gobierno y la Policía",https://www.vision360.bo/noticias/2026/10/01/70458-mariaca-zeballos-e-irusta-presentan-accion-de-libertad-contra-autoridades-del-gobierno-y-la-policia
La Razon,2026-10-01,17:31,Gálvez vaticina un ‘octubre negro para el narcoterrorismo’,https://larazon.bo/nacional/2026/10/01/galvez-vaticina-un-octubre-negro-para-el-narcoterrorismo/
Red Uno,2026-10-01,17:31,"El Alto: operativo rescata 32 perros, 12 gatos y dos loros",https://www.reduno.com.bo/noticias/el-alto-operativo-rescata-32-perros-12-gatos-y-dos-loros-2026101171614
Unitel,2026-10-01,17:43,¿Tatiana Marset regresará a la cárcel de Palmasola? Esto dice su abogada,https://unitel.bo/noticias/seguridad/tatiana-marset-regresara-a-la-carcel-de-palmasola-esto-dice-su-abogada-HM23856155
Vision 360,2026-10-01,17:43,"Trump dice que sigue ""muy de cerca"" las ""importantes"" elecciones presidenciales de Brasil",https://www.vision360.bo/noticias/2026/10/01/70461-trump-dice-que-sigue-muy-de-cerca-las-importantes-elecciones-presidenciales-de-brasil
El Diario,2026-10-01,17:46,Bloquean la ruta Atocha-Tupiza luego de 12 días sin combustible,https://www.eldiario.net/portal/2026/10/01/bloquean-la-ruta-atocha-tupiza-luego-de-12-dias-sin-combustible-1746/
Diez,2026-10-01,17:47,Gambia cancela el amistoso ante Bolivia que debía jugarse este domingo,https://diez.bo/futbol/gambia-cancela-el-amistoso-ante-bolivia-que-debia-jugarse-este-domingo_1790891268
Unitel,2026-10-01,17:49,"Acción de libertad: A Roger Mariaca se le han vulnerado tres derechos, según su abogado",https://unitel.bo/noticias/seguridad/accion-de-libertad-a-roger-mariaca-se-le-han-vulnerado-tres-derechos-segun-su-abogado-EM23855526
El Deber,2026-10-01,17:52,Saucedo asevera que en los casos de Mariaca y el resto de autoridades aprehendidas se respetará el debido proceso,https://eldeber.com.bo/pais/saucedo-asevera-casos-mariaca-resto-autoridades-aprehendidas-respetara-debido-proceso_1790891246
Vision 360,2026-10-01,17:54,Bischof y Wirtz dan la primera victoria a la Alemania del entrenador Klopp,https://www.vision360.bo/noticias/2026/10/01/70467-bischof-y-wirtz-dan-la-primera-victoria-a-la-alemania-del-entrenador-klopp
Unitel,2026-10-01,17:55,Diputado del PDC denuncia que ofrecen hasta $us 40.000 en la ALP para “proteger” a Mariaca,https://unitel.bo/noticias/politica/diputado-del-pdc-denuncia-que-ofrecen-hasta-us-40000-en-la-alp-para-proteger-a-mariaca-JM23855682
La Razon,2026-10-01,17:56,"Francia, Argentina, Canadá y China muestran interés en operar el HUB de Viru Viru",https://larazon.bo/economia-y-empresa/2026/10/01/francia-argentina-canada-y-china-muestran-interes-en-operar-el-hub-de-viru-viru/
Vision 360,2026-10-01,17:57,Quiroga y Doria Medina coinciden en elección legal de nuevo Fiscal General y en que se investigue casos vinculados al Gobierno,https://www.vision360.bo/noticias/2026/10/01/70455-quiroga-y-doria-medina-coinciden-en-eleccion-legal-de-nuevo-fiscal-general-y-en-que-se-investigue-casos-vinculados-al-gobierno
El Deber,2026-10-01,17:59,EEUU cuestiona modelo de independencia de la Fiscalía y Bolivia agradece respaldo,https://eldeber.com.bo/pais/eeuu-cuestiona-modelo-independencia-fiscalia-bolivia-agradece-respaldo_1790891199
La Razon,2026-10-01,17:59,Saucedo evita pronunciarse sobre posible extradición de Mariaca y espera avances del caso,https://larazon.bo/nacional/2026/10/01/saucedo-evita-pronunciarse-sobre-posible-extradicion-de-mariaca-y-espera-avances-del-caso/
La Razon,2026-10-01,18:02,La Gestora distribuirá hasta fin de mes el Estado de Ahorro Previsional,https://larazon.bo/economia-y-empresa/2026/10/01/la-gestora-distribuira-hasta-fin-de-mes-el-estado-de-ahorro-previsional/
La Razon,2026-10-01,18:03,Gobierno impulsa jornada deportiva por el Día de las Personas con Discapacidad,https://larazon.bo/sociedad/2026/10/01/gobierno-impulsa-jornada-deportiva-por-el-dia-de-las-personas-con-discapacidad/
El Diario,2026-10-01,18:06,Protestas en Francia; Noruega indaga a 11 exministros; Renee Good: demanda a EE.UU.,https://www.eldiario.net/portal/2026/10/01/protestas-en-francia-noruega-indaga-a-11-exministros-renee-good-demanda-a-ee-uu-1806/
La Razon,2026-10-01,18:07,Entregan equipamiento e insumos médicos a seis centros de salud de La Paz y El Alto,https://larazon.bo/sociedad/2026/10/01/entregan-equipamiento-e-insumos-medicos-a-seis-centros-de-salud-de-la-paz-y-el-alto/
El Deber,2026-10-01,18:08,La revista Nómadas y la agencia 1947 presentan: “Un árbol no se mata solo”,https://eldeber.com.bo/cultura-y-entretenimiento/revista-nomadas-agencia-1947-presentan-arbol-no-mata-solo_1790892185
Red Uno,2026-10-01,18:08,El dólar paralelo supera la barrera de los 12 bolivianos al cierre de este jueves en el mercado informal,https://www.reduno.com.bo/noticias/el-dolar-paralelo-supera-la-barrera-de-los-12-bolivianos-al-cierre-de-este-jueves-en-el-mercado-informal-202610118352
El Deber,2026-10-01,18:11,Lo que el caso de la presunta violación grupal en la Universidad de Cornell dice sobre la dificultad de denunciar abusos en los campus de EEUU,https://eldeber.com.bo/bbc/lo-que-el-caso-de-la-presunta-violacion-grupal-en-la-universidad-de-cornell-dice-sobre-la-dificultad-de-denunciar-abusos-en-los-campus-de-ee-uu--20261011896
Opinion,2026-10-01,18:12,"Cuantifican más de Bs 3,5 millones y $us 10.000 hallados en ambulancia en el caso Mariaca",https://www.opinion.com.bo/pais/cuantifican-mas-bs-35-millones-us-10000-hallados-ambulancia-caso-mariaca/20261001181200996981.html
La Razon,2026-10-01,18:14,Estaño y antimonio destacan en cotización quincenal de minerales,https://larazon.bo/economia-y-empresa/2026/10/01/estano-y-antimonio-destacan-en-cotizacion-quincenal-de-minerales/
La Razon,2026-10-01,18:15,Fiscal Tejerina dice que Mariaca tiene caso de corte,https://larazon.bo/nacional/2026/10/01/fiscal-tejerina-dice-que-mariaca-tiene-caso-de-corte/
La Razon,2026-10-01,18:16,TSJ pone el caso Mariaca en manos de jueces y exige respeto al debido proceso,https://larazon.bo/nacional/2026/10/01/tsj-pone-el-caso-mariaca-en-manos-de-jueces-y-exige-respeto-al-debido-proceso/
Red Uno,2026-10-01,18:18,Presidente del TSJ pide respetar el debido proceso tras aprehensión de Mariaca,https://www.reduno.com.bo/noticias/presidente-del-tsj-pide-respetar-el-debido-proceso-tras-aprehension-de-mariaca-2026101174253
ANF,2026-10-01,18:21,Gobierno afirma que la Policía aprehenderá al nuevo fiscal general por obstruir proceso contra altas autoridades,https://www.noticiasfides.com/nacional/politica/gobierno-afirma-que-la-policia-aprehendera-al-nuevo-fiscal-general-por-obstruir-proceso-contra-altas-autoridades
La Razon,2026-10-01,18:21,Aprehenden en Sucre al edecán de Mariaca y allanan su domicilio,https://larazon.bo/nacional/2026/10/01/aprehenden-en-sucre-al-edecan-de-mariaca-y-allanan-su-domicilio/
Unitel,2026-10-01,18:23,Lara dice que preocupan las amenazas del Gobierno al fiscal Montaño y que se desconoce la Constitución,https://unitel.bo/noticias/politica/lara-dice-que-preocupan-las-amenazas-del-gobierno-al-fiscal-montano-y-que-se-desconoce-la-constitucion-IM23856842
La Razon,2026-10-01,18:26,Viacha: Clases presenciales en todos los colegios desde el lunes,https://larazon.bo/ciudades/2026/10/01/viacha-clases-presenciales-en-todos-los-colegios-desde-el-lunes/
Unitel,2026-10-01,18:26,TSJ: El fiscal Mariaca y otras autoridades aprehendidas deben pasar a disposición de una autoridad jurisdiccional,https://unitel.bo/noticias/seguridad/tsj-el-fiscal-mariaca-y-otras-autoridades-aprehendidas-deben-pasar-a-disposicion-de-una-autoridad-jurisdiccional-JM23856825
El Deber,2026-10-01,18:28,Vallegrande recibirá este viernes al presidente Paz y 23 alcaldes de los Valles,https://eldeber.com.bo/santa-cruz/vallegrande-recibira-este-viernes-15-alcaldes-valles-posiblemente-presidente-paz_1790893167
La Razon,2026-10-01,18:28,Gobierno destaca respaldo de EEUU a Paz en la lucha contra el crimen organizado,https://larazon.bo/nacional/2026/10/01/gobierno-destaca-respaldo-de-eeuu-a-paz-en-la-lucha-contra-el-crimen-organizado/
Opinion,2026-10-01,18:28,Hallan sin vida a una mujer en Tiquipaya y los feminicidios suben a 13 en Cochabamba,https://www.opinion.com.bo/policial/hallan-vida-mujer-tiquipaya-feminicidios-suben-13-cochabamba/20261001182820996983.html
Red Uno,2026-10-01,18:28,Canasta familiar: estos son los precios en el eje troncal del país,https://www.reduno.com.bo/noticias/canasta-familiar-estos-son-los-precios-en-el-eje-troncal-del-pais-202610118218
El Diario,2026-10-01,18:29,Aduana aplicará arancel cero para importación de gasolina de aviación,https://www.eldiario.net/portal/2026/10/01/aduana-aplicara-arancel-cero-para-importacion-de-gasolina-de-aviacion/
Opinion,2026-10-01,18:29,EEUU da su espaldarazo al Gobierno de Paz: “toma acciones audaces para combatir el narcotráfico”,https://www.opinion.com.bo/pais/eeuu-da-espaldarazo-gobierno-paz-toma-acciones-audaces-combatir-narcotrafico/20261001182943996985.html
Diez,2026-10-01,18:31,Jugadores de Gambia pidieron cancelar el amistoso ante Bolivia por el largo viaje,https://diez.bo/futbol/jugadores-de-gambia-pidieron-cancelar-el-amistoso-ante-bolivia-por-el-largo-viaje_1790893863
El Diario,2026-10-01,18:32,CAF aprueba $us 224 millones para reactivar obras viales,https://www.eldiario.net/portal/2026/10/01/caf-aprueba-us-224-millones-para-reactivar-obras-viales/
El Diario,2026-10-01,18:34,ALP sesionará para tratar situación de Mariaca y FGE,https://www.eldiario.net/portal/2026/10/01/alp-sesionara-para-tratar-situacion-de-mariaca-y-fge/
Diez,2026-10-01,18:36,FBF anuncia que solicitará sanciones económicas y deportivas drásticas contra Gambia,https://diez.bo/futbol/fbf-anuncia-que-solicitara-sanciones-economicas-y-deportivas-drasticas-contra-gambia_1790893499
El Diario,2026-10-01,18:36,Suspenden destrucción de madera boliviana incautada,https://www.eldiario.net/portal/2026/10/01/suspenden-destruccion-de-madera-boliviana-incautada/
La Razon,2026-10-01,18:37,Armada Boliviana interviene campamento minero en el río Beni,https://larazon.bo/ciudades/2026/10/01/armada-boliviana-interviene-campamento-minero-en-el-rio-beni/
El Diario,2026-10-01,18:38,Intervienen comercio irregular de animales,https://www.eldiario.net/portal/2026/10/01/intervienen-comercio-irregular-de-animales/
Opinion,2026-10-01,18:38,"¿Quién es Aparicio?, el Gobierno dice que dio información para la aprehensión de Mariaca y Zeballos",https://www.opinion.com.bo/pais/quien-es-aparicio-gobierno-dice-que-dio-informacion-aprehension-mariaca-zeballos/20261001183814996987.html
Red Uno,2026-10-01,18:39,Directorio de CAF aprueba crédito de $us 224 millones para Bolivia,https://www.reduno.com.bo/noticias/directorio-de-caf-aprueba-credito-de-us-224-millones-para-bolivia-202610118644
El Diario,2026-10-01,18:40,Segip abrirá este sábado de 08.00 a 14.00 en todo el país,https://www.eldiario.net/portal/2026/10/01/segip-abrira-este-sabado-de-08-00-a-14-00-en-todo-el-pais/
El Deber,2026-10-01,18:41,"Reportan lluvias y granizo en la capital de la frutilla, Comarapa",https://eldeber.com.bo/santa-cruz/reportan-lluvias-granizo-capital-frutilla-comarapa_1790894320
Unitel,2026-10-01,18:42,Gobierno declara prioridad nacional el Viru Viru Hub y dice que empresas de cuatro países mostraron interés,https://unitel.bo/noticias/economia/gobierno-declara-prioridad-nacional-el-viru-viru-hub-y-dice-que-empresas-de-cuatro-paises-mostraron-interes-KM23856963
El Diario,2026-10-01,18:43,Putin advierte que Rusia usará ‘todas las armas’ para defender Kaliningrado,https://www.eldiario.net/portal/2026/10/01/putin-advierte-que-rusia-usara-todas-las-armas-para-defender-kaliningrado-1845/
Opinion,2026-10-01,18:43,Analizarán el flujo de llamadas de los celulares de Mariaca y los otros aprehendidos,https://www.opinion.com.bo/pais/analizaran-flujo-llamadas-celulares-mariaca-otros-aprehendidos/20261001184327996989.html
Red Uno,2026-10-01,18:44,Cuarto intermedio en reunión de Comisión Técnica por pasajes en Santa Cruz,https://www.reduno.com.bo/noticias/cuarto-intermedio-en-reunion-de-comision-tecnica-por-pasajes-en-santa-cruz-202610118300
La Razon,2026-10-01,18:47,Tarija: Hallan más de 370 kilos de cocaína en camión frigorífico,https://larazon.bo/ciudades/2026/10/01/tarija-hallan-mas-de-370-kilos-de-cocaina-en-camion-frigorifico/
La Razon,2026-10-01,18:47,Jubilados piden solución urgente a fallas en pagos de pensiones,https://larazon.bo/sociedad/2026/10/01/jubilados-piden-solucion-urgente-a-fallas-en-pagos-de-pensiones/
El Deber,2026-10-01,18:48,"Mariaca, Irusta y Zeballos buscan su libertad en audiencia fijada para este viernes",https://eldeber.com.bo/la-paz/mariaca-irusta-zeballos-buscan-libertad-audiencia-fijada-este-viernes_1790894493
El Diario,2026-10-01,18:49,Nvidia vende la solución al problema que su propia industria creó,https://www.eldiario.net/portal/2026/10/01/nvidia-vende-la-solucion-al-problema-que-su-propia-industria-creo-1848/
La Razon,2026-10-01,18:50,Lara confronta al Gobierno por amenaza contra el fiscal general en ejercicio,https://larazon.bo/nacional/2026/10/01/lara-confronta-al-gobierno-por-amenaza-contra-el-fiscal-general-en-ejercicio/
Red Uno,2026-10-01,18:50,Intervienen presunto criadero clandestino en la zona sur y hallan graves indicios de crueldad animal,https://www.reduno.com.bo/noticias/intervienen-presunto-criadero-clandestino-en-la-zona-sur-y-hallan-graves-indicios-de-crueldad-animal-2026101182925
Vision 360,2026-10-01,18:51,Subsecretario de EEUU critica “independencia” de Fiscalía tras aprehensión de Mariaca por presunta corrupción,https://www.vision360.bo/noticias/2026/10/01/70470-subsecretario-de-eeuu-critica-independencia-de-fiscalia-tras-aprehension-de-mariaca-por-presunta-corrupcion
El Diario,2026-10-01,18:53,Ataque en escuela de Torreón deja una persona fallecida y cuatro heridos,https://www.eldiario.net/portal/2026/10/01/ataque-en-escuela-de-torreon-deja-una-persona-fallecida-y-cuatro-heridos-1855/
Unitel,2026-10-01,18:58,"Tras la aprehensión de Mariaca, legisladores de Libre y AP temen que la investigación del caso Cerimedo pierda celeridad",https://unitel.bo/noticias/politica/tras-la-aprehension-de-mariaca-legisladores-de-libre-y-ap-temen-que-la-investigacion-del-caso-cerimedo-pierda-celeridad-IM23857197
Red Uno,2026-10-01,19:04,Nueve funcionarios del Ministerio Público se abstuvieron de declarar y aguardan su audiencia cautelar,https://www.reduno.com.bo/noticias/nueve-funcionarios-del-ministerio-publico-se-abstuvieron-de-declarar-y-aguardan-su-audiencia-cautelar-2026101185519
Vision 360,2026-10-01,19:05,Lara lamenta amenazas de vocero presidencial y defiende legalidad de suplencia de Montaño ante aprehensión de Mariaca,https://www.vision360.bo/noticias/2026/10/01/70473-lara-lamenta-amenazas-de-vocero-presidencial-y-defiende-legalidad-de-suplencia-de-montano-ante-aprehension-de-mariaca
Unitel,2026-10-01,19:08,"Bolivia registró un saldo comercial superior a $us 2.000 millones entre enero y agosto de este año, según el INE",https://unitel.bo/noticias/economia/bolivia-registro-un-saldo-comercial-superior-a-us-2000-millones-entre-enero-y-agosto-de-este-ano-segun-el-ine-KM23857397
Vision 360,2026-10-01,19:12,La FBF pedirá “las sanciones más drásticas” para la Federación de Gambia,https://www.vision360.bo/noticias/2026/10/01/70476-la-fbf-pedira-las-sanciones-mas-drasticas-para-la-federacion-de-gambia
Diez,2026-10-01,19:16,Klopp consigue su primer triunfo como seleccionador de Alemania,https://diez.bo/futbol/klopp-consigue-su-primer-triunfo-como-seleccionador-de-alemania_1790896598
Red Uno,2026-10-01,19:19,Empresas de cuatro países buscan participar en licitación del HUB de Viru Viru,https://www.reduno.com.bo/noticias/empresas-de-cuatro-paises-buscan-participar-en-licitacion-del-hub-de-viru-viru-2026101185546
Diez,2026-10-01,19:20,Portugal vence a Dinamarca en medio de la polémica por Cristiano Ronaldo,https://diez.bo/futbol/portugal-vence-a-dinamarca-en-medio-de-la-polemica-por-cristiano-ronaldo_1790896815
Diez,2026-10-01,19:24,Haaland se queda sin marcar y Noruega cae ante Gales,https://diez.bo/futbol/haaland-se-queda-sin-marcar-y-noruega-cae-ante-gales_1790897051
Vision 360,2026-10-01,19:26,Hub Internacional Viru Viru: D.S. 5733 exime a Naabol de procesos habituales para compras internacionales expeditas,https://www.vision360.bo/noticias/2026/10/01/70464-hub-internacional-viru-viru-ds-5733-exime-a-naabol-de-procesos-habituales-para-compras-internacionales-expeditas
Diez,2026-10-01,19:27,Países Bajos salva un empate agónico ante Grecia en la Liga de Naciones,https://diez.bo/futbol/paises-bajos-salva-un-empate-agonico-ante-grecia-en-la-liga-de-naciones_1790897247
Opinion,2026-10-01,19:31,Aprehenden a edecán de Mariaca con más de Bs 1 millón en su poder,https://www.opinion.com.bo/pais/aprehenden-edecan-mariaca-mas-bs-1-millon-poder/20261001193105996991.html
Unitel,2026-10-01,19:32,Aprehenden en Sucre al edecán de Mariaca y hallan Bs 1 millón en su domicilio,https://unitel.bo/noticias/seguridad/aprehenden-en-sucre-al-edecan-de-mariaca-y-hallan-bs-1-millon-en-su-domicilio-DM23857949
Opinion,2026-10-01,19:44,De lista negra a aprehensiones: Esta es la cronología del giro de 180 grados de la justicia en Bolivia,https://www.opinion.com.bo/pais/lista-negra-aprehensiones-es-cronologia-giro-180-grados-justicia-bolivia/20261001194416996993.html
Unitel,2026-10-01,19:45,"Abogado confirma que este viernes será la audiencia de acción de libertad de Mariaca, Zeballos e Irusta",https://unitel.bo/noticias/seguridad/abogado-confirma-que-este-viernes-sera-la-audiencia-de-accion-de-libertad-de-mariaca-zeballos-e-irusta-JM23858166
La Razon,2026-10-01,19:47,"Bolivia se queda sin amistoso, Gambia cancela el partido",https://larazon.bo/marcas/2026/10/01/bolivia-se-queda-sin-amistoso-gambia-cancela-el-partido/
Opinion,2026-10-01,19:54,"De integrar un grupo de cumbia a Fiscal Superior; conoce a Irusta, aprehendido en caso cúpula fiscal",https://www.opinion.com.bo/pais/integrar-grupo-cumbia-fiscal-superior-conoce-irusta-aprehendido-caso-cupula-fiscal/20261001195408996995.html
Vision 360,2026-10-01,19:55,Más de 570 “Squishy Dumpling” son decomisados en El Alto tras alerta internacional,https://www.vision360.bo/noticias/2026/10/01/70479-mas-de-570-squishy-dumpling-son-decomisados-en-el-alto-tras-alerta-internacional
El Deber,2026-10-01,20:00,"Entre vecinos y transportistas, la Comisión Mixta del Concejo analiza la tarifa del servicio público",https://eldeber.com.bo/santa-cruz/vecinos-transportistas-comision-mixta-concejo-analiza-tarifa-servicio-publico_1790898183
Opinion,2026-10-01,20:00,"Muere Peppino Mazzullo, quien le dio vida a Topo Gigio durante décadas",https://www.opinion.com.bo/mundo/muere-peppino-mazzullo-quien-dio-vida-topo-gigio-decadas/20261001200024996997.html
Red Uno,2026-10-01,20:01,Abogado de Martín Irusta confirma audiencia de acción de libertad para este viernes,https://www.reduno.com.bo/noticias/abogado-de-martin-irusta-confirma-audiencia-de-accion-de-libertad-para-este-viernes-2026101192027
Los Tiempos,2026-10-01,20:03,Gobierno denuncia usurpación de funciones en Fiscalía General,https://www.lostiempos.com/actualidad/pais/20261001/gobierno-denuncia-usurpacion-funciones-fiscalia-general
Opinion,2026-10-01,20:07,¿Por qué y cómo fueron aprehendidas las 14 personas relacionadas a la denunciada cúpula fiscal?,https://www.opinion.com.bo/pais/que-como-fueron-aprehendidas-14-personas-relacionadas-denunciada-cupula-fiscal/20261001200738996999.html
Vision 360,2026-10-01,20:11,"Presidente del TSJ pide que Mariaca, Zeballos y otros aprehendidos pasen ante una autoridad jurisdiccional",https://www.vision360.bo/noticias/2026/10/01/70482-presidente-del-tsj-pide-que-mariaca-zeballos-y-otros-aprehendidos-pasen-ante-una-autoridad-jurisdiccional
La Razon,2026-10-01,20:12,Pumari pide una renovación de la justicia tras la ola de aprehensiones,https://larazon.bo/nacional/2026/10/01/pumari-pide-una-renovacion-de-la-justicia-tras-la-ola-de-aprehensiones/
Opinion,2026-10-01,20:13,Tuto Quiroga: He notado un poquito más nervioso a Evo Morales tras la aprehensión de Mariaca,https://www.opinion.com.bo/pais/tuto-quiroga-he-notado-poquito-mas-nervioso-evo-morales-aprehension-mariaca/20261001201331997001.html
La Razon,2026-10-01,20:15,The Strongest presentará denuncia por agresiones en el Tahuichi,https://larazon.bo/marcas/2026/10/01/the-strongest-presentara-denuncia-por-agresiones-en-el-tahuichi/
Los Tiempos,2026-10-01,20:15,¿Quién debe asumir ahora como Fiscal General?,https://www.lostiempos.com/actualidad/pais/20261001/quien-debe-asumir-ahora-como-fiscal-general
Unitel,2026-10-01,20:16,Minería ilegal: Entregan al papa León XVI evidencias del impacto del mercurio en la Amazonía,https://unitel.bo/noticias/mundo/mineria-ilegal-entregan-al-papa-leon-xvi-evidencias-del-impacto-del-mercurio-en-la-amazonia-JM23858515
La Razon,2026-10-01,20:19,Defensa de Irusta denuncia aprehensión ilegal y falta de acceso a la investigación,https://larazon.bo/nacional/2026/10/01/defensa-de-irusta-denuncia-aprehension-ilegal-y-falta-de-acceso-a-la-investigacion/
Opinion,2026-10-01,20:19,"Doria Medina dice que apoyaría a Paz si actúa así ""contra los corruptos cercanos al gobierno""",https://www.opinion.com.bo/pais/doria-medina-dice-que-apoyaria-paz-actua-asi-corruptos-cercanos-gobierno/20261001201910997002.html
Red Uno,2026-10-01,20:22,La Paz: Niños caminan 20 minutos por una ruta peligrosa para llegar a escuelita,https://www.reduno.com.bo/noticias/la-paz-ninos-caminan-20-minutos-por-una-ruta-peligrosa-para-llegar-a-escuelita-202610120857
El Deber,2026-10-01,20:23,Mariaca se abstiene de declarar ante la Felcn tras ser sindicado de dos delitos,https://eldeber.com.bo/pais/mariaca-abstiene-declarar-felcn-ser-sindicados-dos-delitos_1790896506
Unitel,2026-10-01,20:29,Ministro del Interior paraguayo: “Yo creo que Mariaca era amigo de Marset y lo protegía”,https://unitel.bo/noticias/seguridad/ministro-del-interior-paraguayo-yo-creo-que-mariaca-era-amigo-de-marset-y-lo-protegia-DM23858685
ANF,2026-10-01,20:30,Exfiscal: Roger Mariaca “preso o no preso sigue siendo fiscal general” hasta que la Asamblea tome una decisión,https://www.noticiasfides.com/nacional/politica/exfiscal-roger-mariaca-preso-o-no-preso-sigue-siendo-fiscal-general-hasta-que-la-asamblea-tome-una-decision
Vision 360,2026-10-01,20:33,Cancillería confirma que Fiscalía de Arica instruyó suspender temporalmente destrucción de madera boliviana,https://www.vision360.bo/noticias/2026/10/01/70485-cancilleria-confirma-que-fiscalia-de-arica-instruyo-suspender-temporalmente-destruccion-de-madera-boliviana
Unitel,2026-10-01,20:34,"EEUU ratifica respaldo a Paz: “El crimen organizado no puede infiltrarse y corromper al Estado boliviano”, dice vicesecretario",https://unitel.bo/noticias/politica/eeuu-ratifica-respaldo-a-paz-el-crimen-organizado-no-puede-infiltrarse-y-corromper-al-estado-boliviano-dice-vicesecretario-KM23858828
Red Uno,2026-10-01,20:40,Viacha: A un mes de las explosiones qué pasó con las casas afectadas,https://www.reduno.com.bo/noticias/viacha-a-un-mes-de-las-explosiones-que-paso-con-las-casas-afectadas-2026101201824
Diez,2026-10-01,20:44,Bolívar sufre más de la cuenta para vencer a GV San José en el Siles,https://diez.bo/futbol/bolivar-sufre-mas-de-la-cuenta-para-vencer-a-gv-san-jose-en-el-siles_1790901847
Los Tiempos,2026-10-01,20:44,Firmas extranjeras están interesadas en invertir en el ‘hub’ de Viru Viru,https://www.lostiempos.com/actualidad/economia/20261001/firmas-extranjeras-estan-interesadas-invertir-hub-viru-viru
Red Uno,2026-10-01,20:44,Exfiscales plantean renovar el Ministerio Público tras caso Mariaca,https://www.reduno.com.bo/noticias/exfiscales-plantean-renovar-el-ministerio-publico-tras-caso-mariaca-202610120234
Unitel,2026-10-01,20:46,Fiscal de Cochabamba sobre la aprehensión de Mariaca: “No debiera ser procesado en la justicia ordinaria”,https://unitel.bo/noticias/seguridad/fiscal-de-cochabamba-sobre-la-aprehension-de-mariaca-no-debiera-ser-procesado-en-la-justicia-ordinaria-IM23859450
El Deber,2026-10-01,20:50,Policía acordona la fiscalía de La Paz y está en busca de Luis Carlos Torrez,https://eldeber.com.bo/la-paz/policia-acordona-fiscalia-paz-esta-busca-luis-carlos-torrez_1790901520
Unitel,2026-10-01,20:50,“El camión del gas ya no llega”: Familias hacen filas desde la madrugada para conseguir garrafas de GLP en La Paz,https://unitel.bo/noticias/economia/el-camion-del-gas-ya-no-llega-familias-hacen-filas-desde-la-madrugada-para-conseguir-garrafas-de-glp-en-la-paz-EM23859195
Vision 360,2026-10-01,20:52,Aprehenden al edecán de Mariaca en Sucre; investigan la procedencia de Bs 1 millón hallados en su domicilio,https://www.vision360.bo/noticias/2026/10/01/70488-aprehenden-al-edecan-de-mariaca-en-sucre-investigan-la-procedencia-de-bs-1-millon-hallados-en-su-domicilio
Red Uno,2026-10-01,20:58,El Alto: capturan a tres “jaladores” de celulares en La Ceja,https://www.reduno.com.bo/noticias/el-alto-capturan-a-tres-jaladores-de-celulares-en-la-ceja-2026101203859
Red Uno,2026-10-01,21:01,Abogado de Zeballos denuncia aprehensión ilegal y desconoce cargos en su contra,https://www.reduno.com.bo/noticias/abogado-de-zeballos-denuncia-aprehension-ilegal-y-desconoce-cargos-en-su-contra-2026101204940
ANF,2026-10-01,21:06,Gobierno defiende aprehensión de Mariaca pese a admitir que debe enfrentar un juicio de responsabilidades,https://www.noticiasfides.com/nacional/politica/gobierno-defiende-aprehension-de-mariaca-pese-a-admitir-que-debe-enfrentar-un-juicio-de-responsabilidades
La Razon,2026-10-01,21:11,Bolívar es el primer clasificado a cuartos en la Copa Bolivia,https://larazon.bo/marcas/2026/10/01/bolivar-es-el-primer-clasificado-a-cuartos-en-la-copa-bolivia/
Red Uno,2026-10-01,21:11,Fedjuve rechaza el estudio de costos de transportistas; tras cuarto intermedio en reunión por pasaje,https://www.reduno.com.bo/noticias/fedjuve-rechaza-el-estudio-de-costos-de-transportistas-tras-cuarto-intermedio-en-reunion-por-pasaje-2026101204749
Vision 360,2026-10-01,21:12,Abogado de Cerimedo muestra optimismo ante posible liberación de su cliente en noviembre,https://www.vision360.bo/noticias/2026/10/01/70491-abogado-de-cerimedo-muestra-optimismo-ante-posible-liberacion-de-su-cliente-en-noviembre
Red Uno,2026-10-01,21:27,Distribuidores de GLP dejan de salir a los barrios de Santa Cruz por alza del diésel,https://www.reduno.com.bo/noticias/distribuidores-de-glp-dejan-de-salir-a-los-barrios-de-santa-cruz-por-alza-del-diesel-202610121109
El Deber,2026-10-01,21:29,"Putin advierte que Rusia está dispuesta a usar todas sus armas para proteger Kaliningrado, incluidas las nucleares",https://eldeber.com.bo/bbc/putin-advierte-que-rusia-esta-dispuesta-a-usar-todas-sus-armas-para-proteger-kaliningrado-incluidas-las-nucleares-202610121207
Unitel,2026-10-01,21:30,Cancelan el último debate electoral en Brasil por “interferencia indebida” de la Justicia,https://unitel.bo/noticias/mundo/cancelan-el-ultimo-debate-electoral-en-brasil-por-interferencia-indebida-de-la-justicia-MM23859555
Vision 360,2026-10-01,21:31,"Abogado: este viernes será la audiencia de acción de libertad de Mariaca, Zeballos e Irusta",https://www.vision360.bo/noticias/2026/10/01/70494-abogado-este-viernes-sera-la-audiencia-de-accion-de-libertad-de-mariaca-zeballos-e-irusta
Unitel,2026-10-01,21:37,"Tras meses en terapia intensiva, muere hombre víctima de una brutal golpiza",https://unitel.bo/noticias/seguridad/tras-meses-en-terapia-intensiva-muere-hombre-victima-de-una-brutal-golpiza-CM23859694
Red Uno,2026-10-01,21:48,Confirman macabro hallazgo en criadero clandestino de la zona sur: hallan restos de canes enterrados y quemados,https://www.reduno.com.bo/noticias/confirman-macabro-hallazgo-en-criadero-clandestino-de-la-zona-sur-hallan-restos-de-canes-enterrados-y-quemados-202610121409
Unitel,2026-10-01,21:53,Fiscal Mariaca pasa su segunda noche aprehendido a la espera de su imputación y la sesión de la Asamblea,https://unitel.bo/noticias/seguridad/fiscal-mariaca-pasa-su-segunda-noche-aprehendido-a-la-espera-de-su-imputacion-y-la-sesion-de-la-asamblea-FM23859792
Red Uno,2026-10-01,21:54,Transportistas anuncian bloqueo en San José de Chiquitos por falta de combustible,https://www.reduno.com.bo/noticias/transportistas-anuncian-bloqueo-en-san-jose-de-chiquitos-por-falta-de-combustible-2026101214635
Unitel,2026-10-01,21:54,Lara dice que aprehensión de Mariaca no constituye en la vacancia del cargo y que la Asamblea “no la puede fabricar”,https://unitel.bo/noticias/politica/lara-dice-que-aprehension-de-mariaca-no-constituye-en-la-vacancia-del-cargo-y-que-la-asamblea-no-la-puede-fabricar-FP23860014
El Deber,2026-10-01,22:00,Aprueban nueva estrategia regional para prevenir y controlar el dengue en las Américas,https://eldeber.com.bo/salud-y-bienestar/aprueban-nueva-estrategia-regional-prevenir-controlar-dengue-americas_1790906057
La Razon,2026-10-01,22:00,Creemos plantea que Paz designe por decreto a un Fiscal General interino,https://larazon.bo/nacional/2026/10/01/creemos-plantea-que-paz-designe-por-decreto-a-un-fiscal-general-interino/
Red Uno,2026-10-01,22:05,Alcaldía acelera limpieza de canales ante temporada de lluvias,https://www.reduno.com.bo/noticias/alcaldia-acelera-limpieza-de-canales-ante-temporada-de-lluvias-2026101213224
Red Uno,2026-10-01,22:18,Calles anegadas: Vecinos del barrio San Jorge piden pavimento,https://www.reduno.com.bo/noticias/calles-anegadas-vecinos-del-barrio-san-jorge-piden-pavimento-2026101215043
Red Uno,2026-10-01,22:19,"Familiares buscan a Flora Ruiz, desaparecida desde el 28 de septiembre​​​​​​​",https://www.reduno.com.bo/noticias/familiares-buscan-a-flora-ruiz-desaparecida-desde-el-28-de-septiembre-2026101221538
Red Uno,2026-10-01,22:22,Santistevan: “La Asamblea debe designar al Fiscal General interino”,https://www.reduno.com.bo/noticias/santistevan-la-asamblea-debe-designar-al-fiscal-general-interino-202610122511
Los Tiempos,2026-10-01,22:36,Cochabamba: encuentran restos de perros sacrificados en una vivienda,https://www.lostiempos.com/actualidad/cochabamba/20261001/cochabamba-encuentran-restos-perros-sacrificados-vivienda
Red Uno,2026-10-01,22:36,Cochabamba suma 13 feminicidios en lo que va del año y activistas claman por políticas de prevención urgentes,https://www.reduno.com.bo/noticias/cochabamba-suma-13-feminicidios-en-lo-que-va-del-ano-y-activistas-claman-por-politicas-de-prevencion-urgentes-2026101221840
Diez,2026-10-01,22:43,Blooming pierde ante Independiente y queda eliminado de la Copa Bolivia,https://diez.bo/futbol/blooming-pierde-ante-independiente-y-queda-eliminado-de-la-copa-bolivia_1790908779
La Razon,2026-10-01,22:44,¿Qué debe hacer la Asamblea para designar a un nuevo Fiscal General?,https://larazon.bo/nacional/2026/10/01/que-debe-hacer-la-asamblea-para-designar-a-un-nuevo-fiscal-general/
ERBOL,2026-10-01,22:46,Caso Mariaca genera remezón político y judicial entre pedido de libertad y la sombra de la extradición,https://erbol.com.bo/nacional/caso-mariaca-genera-remez%C3%B3n-pol%C3%ADtico-y-judicial-entre-pedido-de-libertad-y-la-sombra-de-la
El Deber,2026-10-01,22:59,Constitucionalista ve cuatro particularidades en el operativo para capturar a Mariaca,https://eldeber.com.bo/pais/constitucionalista-ve-cuatro-particularidades-operativo-capturar-mariaca_1790909140
El Deber,2026-10-01,23:04,¿Qué revelaciones dijo la jueza Livia Alarcón sobre Marset en entrevista exclusiva a EL DEBER?,https://eldeber.com.bo/santa-cruz/revelaciones-dijo-jueza-livia-alarcon-marset-entrevista-exclusiva-deber_1790910042
Red Uno,2026-10-01,23:05,Denuncian falta de medicamentos para pacientes con cáncer en el Oncológico,https://www.reduno.com.bo/noticias/denuncian-falta-de-medicamentos-para-pacientes-con-cancer-en-el-oncologico-202610122951
ERBOL,2026-10-01,23:08,Países del Escudo de las Américas dan apoyo “firme” a Bolivia tras acciones contra el narco y la corrupción,https://erbol.com.bo/mundo/pa%C3%ADses-del-escudo-de-las-am%C3%A9ricas-dan-apoyo-%E2%80%9Cfirme%E2%80%9D-bolivia-tras-acciones-contra-el-narco-y-la
Los Tiempos,2026-10-01,23:19,TSJ señala que Mariaca y otros aprehendidos deben pasar a disposición de un juez,https://www.lostiempos.com/actualidad/pais/20261001/tsj-senala-que-mariaca-otros-aprehendidos-deben-pasar-disposicion-juez
Red Uno,2026-10-01,23:19,Hombre denuncia que fue arrollado y no lo auxiliaron tras cobrar tarifa de parqueo,https://www.reduno.com.bo/noticias/hombre-denuncia-que-fue-arrollado-y-no-lo-auxiliaron-tras-cobrar-tarifa-de-parqueo-2026101225544
Los Tiempos,2026-10-01,23:23,Fiscal Irusta tiene audiencia por acción de libertad,https://www.lostiempos.com/actualidad/seguridad/20261001/fiscal-irusta-tiene-audiencia-accion-libertad
Red Uno,2026-10-01,23:42,¿A cuánto estará el dólar este viernes? El BCB publicó el nuevo valor,https://www.reduno.com.bo/noticias/a-cuanto-estara-el-dolar-este-viernes-el-bcb-publico-el-nuevo-valor-2026101233758
El Deber,2026-10-01,23:50,"EEUU: ""Las recientes operaciones en Bolivia cumplen con la visión acordada por 15 naciones bajo el Escudo de las Américas""",https://eldeber.com.bo/pais/eeuu-recientes-operaciones-bolivia-cumplen-vision-acordada-15-naciones-escudo-americas_1790913032
Vision 360,2026-10-02,00:00,Educados para un mundo que ya no existe,https://www.vision360.bo/noticias/2026/10/02/70299-educados-para-un-mundo-que-ya-no-existe
Vision 360,2026-10-02,00:00,"La Paz, te quiero verde",https://www.vision360.bo/noticias/2026/10/02/70383-la-paz-te-quiero-verde
El Diario,2026-10-02,00:14,Lenguaje y abstracción en la mirada de Yamilet Arauz,https://www.eldiario.net/portal/2026/10/02/lenguaje-y-abstraccion-en-la-mirada-de-yamilet-arauz/
El Diario,2026-10-02,00:18,"La Paz India Run 2026, una cita con el deporte y la salud",https://www.eldiario.net/portal/2026/10/02/la-paz-india-run-2026-una-cita-con-el-deporte-y-la-salud/
El Diario,2026-10-02,00:34,Suspenden destrucción de madera boliviana incautada,https://www.eldiario.net/portal/2026/10/02/suspenden-destruccion-de-madera-boliviana-incautada-2/
El Diario,2026-10-02,00:35,Investigan feminicidio de una mujer de 56 años en Tiquipaya,https://www.eldiario.net/portal/2026/10/02/investigan-feminicidio-de-una-mujer-de-56-anos-en-tiquipaya/
El Diario,2026-10-02,00:37,Policía tras exministro Eduardo Del Castillo,https://www.eldiario.net/portal/2026/10/02/policia-tras-exministro-eduardo-del-castillo/
El Diario,2026-10-02,00:38,Gobierno inicia desarticulación de organización ligada al narcotráfico,https://www.eldiario.net/portal/2026/10/02/gobierno-inicia-desarticulacion-de-organizacion-ligada-al-narcotrafico/
El Diario,2026-10-02,00:43,La neurociencia de la Dopamina y la atención profunda,https://www.eldiario.net/portal/2026/10/02/la-neurociencia-de-la-dopamina-y-la-atencion-profunda-4/
El Diario,2026-10-02,00:45,Código urbano El genoma secreto de tus palabras,https://www.eldiario.net/portal/2026/10/02/codigo-urbano-el-genoma-secreto-de-tus-palabras-3/
El Diario,2026-10-02,00:47,La adrenalina Y cómo descargarla,https://www.eldiario.net/portal/2026/10/02/la-adrenalina-y-como-descargarla-6/
La Razon,2026-10-02,01:11,"Tras desarticular ‘red narco’, la Asamblea debe definir situación del Fiscal General",https://larazon.bo/nacional/2026/10/02/cae-una-red-narco-y-la-asamblea-debe-definir-situacion-del-fiscal-general/
La Razon,2026-10-02,01:29,¿Cooperación o sustitución?,https://larazon.bo/opinion/columnistas/2026/10/02/cooperacion-o-sustitucion/
El Deber,2026-10-02,05:00,No podemos normalizar el abuso en el mercado de combustibles,https://eldeber.com.bo/opinion/no-podemos-normalizar-abuso-mercado-combustibles_1790895332
El Deber,2026-10-02,05:00,"La ilusión cambiaria, el costo para la banca y el riesgo del FMI",https://eldeber.com.bo/opinion/ilusion-cambiaria-costo-banca-riesgo-fmi_1790896151
El Deber,2026-10-02,05:00,Santa Cruz y la cuestión del excedente,https://eldeber.com.bo/opinion/santa-cruz-cuestion-excedente_1790896706
El Deber,2026-10-02,05:00,Cuando el autor entra al aula,https://eldeber.com.bo/opinion/cuando-autor-entra-aula_1790898825
El Deber,2026-10-02,05:00,La familia real de paseo,https://eldeber.com.bo/opinion/familia-real-paseo_1790899071
El Deber,2026-10-02,05:00,Cara a cara,https://eldeber.com.bo/opinion/cara-cara_1790899413
El Deber,2026-10-02,05:00,La justicia después de Mariaca,https://eldeber.com.bo/opinion/justicia-despues-mariaca_1790899593
El Diario,2026-10-02,05:46,Bolívar clasifica a cuartos de final de “Copa Paceña 2026”,https://www.eldiario.net/portal/2026/10/02/bolivar-clasifica-a-cuartos-de-final-de-copa-pacena-2026/
El Diario,2026-10-02,05:46,CAF aprueba $us 224 millones para carreteras,https://www.eldiario.net/portal/2026/10/02/caf-aprueba-us-224-millones-para-carreteras/
El Diario,2026-10-02,05:47,EEUU respalda acciones contra crimen organizado,https://www.eldiario.net/portal/2026/10/02/eeuu-respalda-acciones-contra-crimen-organizado/
El Diario,2026-10-02,05:48,Operativo halla Bs 3.532.100 y $us 10.000,https://www.eldiario.net/portal/2026/10/02/operativo-halla-bs-3-532-100-y-us-10-000/
El Diario,2026-10-02,05:49,Aprehensión de Mariaca abre crisis institucional en Fiscalía,https://www.eldiario.net/portal/2026/10/02/aprehension-de-mariaca-abre-crisis-institucional-en-fiscalia/
El Diario,2026-10-02,05:50,Santa Cruz ofrece mil becas en Inteligencia Artificial,https://www.eldiario.net/portal/2026/10/02/santa-cruz-ofrece-mil-becas-en-inteligencia-artificial/
El Diario,2026-10-02,05:50,Plantean reforma judicial con tecnología y control ciudadano,https://www.eldiario.net/portal/2026/10/02/plantean-reforma-judicial-con-tecnologia-y-control-ciudadano/
El Diario,2026-10-02,05:51,En Cochabamba adelantan limpieza por lluvias atípicas,https://www.eldiario.net/portal/2026/10/02/en-cochabamba-adelantan-limpieza-por-lluvias-atipicas/
El Diario,2026-10-02,05:52,Reúnen 1.500 propuestas para nueva política nacional,https://www.eldiario.net/portal/2026/10/02/reunen-1-500-propuestas-para-nueva-politica-nacional/
El Diario,2026-10-02,05:52,Segip abrirá este sábado de 08.00 a 14.00 en todo el país,https://www.eldiario.net/portal/2026/10/02/segip-abrira-este-sabado-de-08-00-a-14-00-en-todo-el-pais-2/
El Diario,2026-10-02,05:53,Invertirán Bs 81 millones en tratamiento de cuencas,https://www.eldiario.net/portal/2026/10/02/invertiran-bs-81-millones-en-tratamiento-de-cuencas-2/
Unitel,2026-10-02,05:53,"Mariaca guarda silencio y Zeballos declara ante un fiscal, ambos esperan ser puestos ante un juez",https://unitel.bo/noticias/seguridad/mariaca-guarda-silencio-y-zeballos-declara-ante-un-fiscal-ambos-esperan-ser-puestos-ante-un-juez-FP23864607
El Diario,2026-10-02,05:54,ABC anuncia corte de tráfico hacia Los Yungas,https://www.eldiario.net/portal/2026/10/02/abc-anuncia-corte-de-trafico-hacia-los-yungas/
El Diario,2026-10-02,05:54,Entregan equipamiento médico a 6 centros de salud,https://www.eldiario.net/portal/2026/10/02/entregan-equipamiento-medico-a-6-centros-de-salud/
El Diario,2026-10-02,05:55,Intervienen comercio irregular de animales,https://www.eldiario.net/portal/2026/10/02/intervienen-comercio-irregular-de-animales-2/
Unitel,2026-10-02,05:55,"Reportan el “secuestro” de una mujer en Montero: “Eran cuatro personas, han disparado”, dijo el esposo de la víctima",https://unitel.bo/noticias/seguridad/reportan-el-secuestro-de-una-mujer-en-montero-eran-cuatro-personas-han-disparado-dijo-el-esposo-de-la-victima-BP23864511
El Diario,2026-10-02,05:56,Dirnoplu activa aplicación móvil para evitar estafas,https://www.eldiario.net/portal/2026/10/02/dirnoplu-activa-aplicacion-movil-para-evitar-estafas-2/
El Diario,2026-10-02,05:57,Puerto Rico enfrenta tarifa eléctrica récord por demanda,https://www.eldiario.net/portal/2026/10/02/puerto-rico-enfrenta-tarifa-electrica-record-por-demanda/
El Diario,2026-10-02,05:57,Conversaciones comerciales del G20 logran pocos avances tras tensiones,https://www.eldiario.net/portal/2026/10/02/conversaciones-comerciales-del-g20-logran-pocos-avances-tras-tensiones/
El Diario,2026-10-02,05:59,Protestas en escuelas se convierten en violentas,https://www.eldiario.net/portal/2026/10/02/protestas-en-escuelas-se-convierten-en-violentas/
El Diario,2026-10-02,06:01,Ucrania lanza en combate su primer misil balístico,https://www.eldiario.net/portal/2026/10/02/ucrania-lanza-en-combate-su-primer-misil-balistico/
El Diario,2026-10-02,06:01,Oposición venezolana espera renovar Tribunal de Justicia,https://www.eldiario.net/portal/2026/10/02/oposicion-venezolana-espera-renovar-tribunal-de-justicia/
El Diario,2026-10-02,06:02,Trump se refiere al futuro de Venezuela,https://www.eldiario.net/portal/2026/10/02/trump-se-refiere-al-futuro-de-venezuela-2/
El Diario,2026-10-02,06:03,Aumentan secuestros en Haití de cara a elecciones generales,https://www.eldiario.net/portal/2026/10/02/aumentan-secuestros-en-haiti-de-cara-a-elecciones-generales/
El Diario,2026-10-02,06:04,Parlamentarios rechazan interinato y posible decreto,https://www.eldiario.net/portal/2026/10/02/parlamentarios-rechazan-interinato-y-posible-decreto/
El Diario,2026-10-02,06:04,Gobierno inició desmontaje de una estructura criminal,https://www.eldiario.net/portal/2026/10/02/gobierno-inicio-desmontaje-de-una-estructura-criminal/
El Diario,2026-10-02,06:05,Sucesión fiscal abre debate sobre procedimiento constitucional vigente,https://www.eldiario.net/portal/2026/10/02/sucesion-fiscal-abre-debate-sobre-procedimiento-constitucional-vigente/
El Diario,2026-10-02,06:05,Quiroga pide investigar casos de corrupción y narcotráfico,https://www.eldiario.net/portal/2026/10/02/quiroga-pide-investigar-casos-de-corrupcion-y-narcotrafico/
El Diario,2026-10-02,06:06,Bolivia en momento límite para reformar la justicia,https://www.eldiario.net/portal/2026/10/02/bolivia-en-momento-limite-para-reformar-la-justicia/
El Diario,2026-10-02,06:07,ALP sesionará para tratar situación de Mariaca y FGE,https://www.eldiario.net/portal/2026/10/02/alp-sesionara-para-tratar-situacion-de-mariaca-y-fge-2/
El Diario,2026-10-02,06:08,Horóscopo WM,https://www.eldiario.net/portal/2026/10/02/horoscopo-wm-844/
El Diario,2026-10-02,06:10,¿Ficción o realidad? Los oscuros secretos de “Verity” llegan al cine,https://www.eldiario.net/portal/2026/10/02/ficcion-o-realidad-los-oscuros-secretos-de-verity-llegan-al-cine/
El Diario,2026-10-02,06:11,Luck Ra y Thalía transforman el himno “A quién le importa”,https://www.eldiario.net/portal/2026/10/02/luck-ra-y-thalia-transforman-el-himno-a-quien-le-importa/
El Diario,2026-10-02,06:12,El mensaje tras las visas revocadas,https://www.eldiario.net/portal/2026/10/02/el-mensaje-tras-las-visas-revocadas/
El Diario,2026-10-02,06:14,El fonógrafo en Bolivia,https://www.eldiario.net/portal/2026/10/02/el-fonografo-en-bolivia/
El Diario,2026-10-02,06:15,Izquierdas y derechas,https://www.eldiario.net/portal/2026/10/02/izquierdas-y-derechas/
El Diario,2026-10-02,06:15,Educados para un mundo que ya no existe,https://www.eldiario.net/portal/2026/10/02/educados-para-un-mundo-que-ya-no-existe/
El Diario,2026-10-02,06:18,Piden al Gobierno intervenir en caso maderas retenidas en Chile,https://www.eldiario.net/portal/2026/10/02/piden-al-gobierno-intervenir-en-caso-maderas-retenidas-en-chile/
Unitel,2026-10-02,06:18,"Continúa el resguardo policial en las fiscalías de La Paz, Cochabamba, Sucre y Santa Cruz",https://unitel.bo/noticias/seguridad/continua-el-resguardo-policial-en-las-fiscalias-de-la-paz-cochabamba-sucre-y-santa-cruz-IP23864851
El Diario,2026-10-02,06:19,"Moody’s mejora calificación del país, pero persisten riesgos",https://www.eldiario.net/portal/2026/10/02/moodys-mejora-calificacion-del-pais-pero-persisten-riesgos/
El Diario,2026-10-02,06:20,Bolivia con superávit comercial de más de $us 2.000 millones,https://www.eldiario.net/portal/2026/10/02/bolivia-con-superavit-comercial-de-mas-de-us-2-000-millones/
El Diario,2026-10-02,06:21,El chantaje desde el Trópico pone en jaque al Estado de Derecho,https://www.eldiario.net/portal/2026/10/02/el-chantaje-desde-el-tropico-pone-en-jaque-al-estado-de-derecho/
El Diario,2026-10-02,06:22,¿En qué clase social usted se ubica?,https://www.eldiario.net/portal/2026/10/02/en-que-clase-social-usted-se-ubica/
El Diario,2026-10-02,06:22,Economía en crisis y función pública debilitada,https://www.eldiario.net/portal/2026/10/02/economia-en-crisis-y-funcion-publica-debilitada/
El Deber,2026-10-02,06:26,La caída de Mariaca sacude a la Fiscalía y el Gobierno avisa que esto “recién comienza”,https://eldeber.com.bo/pais/caida-mariaca-sacude-fiscalia-gobierno-avisa-esto-recien-comienza_1790936799
Unitel,2026-10-02,06:29,"Sismo de magnitud 3,4 sacude la provincia Chapare, en Cochabamba",https://unitel.bo/noticias/sociedad/sismo-de-magnitud-34-sacude-la-provincia-chapare-en-cochabamba-MP23864877
El Deber,2026-10-02,06:34,ALP debate hoy situación de Mariaca y las vías legales para su posible destitución,https://eldeber.com.bo/pais/alp-debate-hoy-situacion-mariaca-vias-legales-posible-destitucion_1790937285
Unitel,2026-10-02,06:36,Choferes del eje central denuncian distribución “irregular” de gasolina y largas horas de espera,https://unitel.bo/noticias/economia/choferes-del-eje-central-denuncian-distribucion-irregular-de-gasolina-y-largas-horas-de-espera-AP23865014
El Diario,2026-10-02,06:38,El Tigre anuncia demanda por agresión a Chacón,https://www.eldiario.net/portal/2026/10/02/el-tigre-anuncia-demanda-por-agresion-a-chacon/
El Diario,2026-10-02,06:38,Federación busca rival de emergencia para La Verde,https://www.eldiario.net/portal/2026/10/02/federacion-busca-rival-de-emergencia-para-la-verde/
Unitel,2026-10-02,06:40,EEUU y 13 Gobiernos “alientan a Bolivia a seguir con investigación y enjuiciamiento” a redes del narcotráfico,https://unitel.bo/noticias/seguridad/eeuu-y-13-gobiernos-alientan-a-bolivia-a-seguir-con-investigacion-y-enjuiciamiento-a-redes-del-narcotrafico-GP23865056
El Diario,2026-10-02,06:41,BOLÍVAR GANA Y SE ANOTA PARA CUARTOS,https://www.eldiario.net/portal/2026/10/02/bolivar-gana-y-se-anota-para-cuartos/
El Deber,2026-10-02,06:42,Mariaca se acoge al silencio y la Fiscalía prepara su imputación,https://eldeber.com.bo/pais/mariaca-acoge-silencio-fiscalia-prepara-imputacion_1790937757
Unitel,2026-10-02,06:45,"La Paz: Amplían el plazo del pago de impuestos de inmuebles, vehículos y patentes y no habrá otra prórroga",https://unitel.bo/noticias/economia/la-paz-amplian-el-plazo-del-pago-de-impuestos-de-inmuebles-vehiculos-y-patentes-y-no-habra-otra-prorroga-DP23865125
La Razon,2026-10-02,06:48,Independiente pasa a cuartos tras vencer 1-0 a Blooming,https://larazon.bo/marcas/2026/10/02/independiente-pasa-a-cuartos-tras-vencer-1-0-a-blooming/
El Deber,2026-10-02,06:49,Distribuidores de GLP paran reparto a los barrios y reclaman nuevas tarifas,https://eldeber.com.bo/economia/distribuidores-glp-paran-reparto-barrios-reclaman-nuevas-tarifas_1790938188
El Deber,2026-10-02,06:58,Daño a exportadores de madera activa reclamos contra Chile y al Gobierno,https://eldeber.com.bo/economia/dano-exportadores-madera-activa-reclamos-chile-gobierno_1790938728
Red Uno,2026-10-02,06:58,¿Cambiará el clima este viernes? Este es el pronóstico del Senamhi,https://www.reduno.com.bo/noticias/cambiara-el-clima-este-viernes-este-es-el-pronostico-del-senamhi-20261026278
Red Uno,2026-10-02,06:59,"Mariaca, Zeballos e Irusta pasan la noche en la Felcn de El Alto",https://www.reduno.com.bo/noticias/mariaca-zeballos-e-irusta-pasan-la-noche-en-la-felcn-de-el-alto-202610264915
Unitel,2026-10-02,07:04,Vuelve a descender la cotización del dólar en puertas del fin de semana,https://unitel.bo/noticias/economia/vuelve-a-descender-la-cotizacion-del-dolar-en-puertas-del-fin-de-semana-HP23865471
Unitel,2026-10-02,07:12,Lara denuncia que están montando un caso en su contra para aprehenderlo,https://unitel.bo/noticias/politica/lara-denuncia-que-estan-montando-un-caso-en-su-contra-para-aprehenderlo-JP23865581
La Razon,2026-10-02,07:14,"Ancelotti dice que Brasil ‘respeta’ a India, pese a diferencia",https://larazon.bo/marcas/2026/10/02/ancelotti-dice-que-brasil-respeta-a-india-pese-a-diferencia/
ERBOL,2026-10-02,07:15,“Temo por mi vida”: Lara denuncia que le estarían montando un caso para aprehenderlo,https://erbol.com.bo/nacional/%E2%80%9Ctemo-por-mi-vida%E2%80%9D-lara-denuncia-que-le-estar%C3%ADan-montando-un-caso-para-aprehenderlo
El Deber,2026-10-02,07:15,Con las lluvias proliferan los baches y brigadas refuerzan los trabajos,https://eldeber.com.bo/santa-cruz/lluvias-proliferan-baches-brigadas-refuerzan-trabajos_1790939719
Unitel,2026-10-02,07:16,"Piloto apuñalado en pleno vuelo: “Luchaba por mi vida, si no me levantaba, los pasajeros morían”",https://unitel.bo/noticias/mundo/piloto-apunalado-en-pleno-vuelo-luchaba-por-mi-vida-si-no-me-levantaba-los-pasajeros-morian-GP23865605
Opinion,2026-10-02,07:22,“Temo por mi vida”: Lara denuncia que le estarían montando un caso para aprehenderlo,https://www.opinion.com.bo/pais/temo-vida-lara-denuncia-que-estarian-montando-caso-aprehenderlo/20261002072217997005.html
La Razon,2026-10-02,07:23,Caso City tiene ‘consecuencias para laintegridad del fútbol’ según FA,https://larazon.bo/marcas/2026/10/02/caso-city-tiene-consecuencias-para-laintegridad-del-futbol-segun-fa/
Los Tiempos,2026-10-02,07:24,"Sismo de magnitud 3,4 sacude la provincia Chapare, en Cochabamba",https://www.lostiempos.com/actualidad/cochabamba/20261002/sismo-magnitud-34-sacude-provincia-chapare-cochabamba
Unitel,2026-10-02,07:26,"Santa Cruz, ¿con lluvia y frío?: Así estará el clima el fin de semana",https://unitel.bo/noticias/sociedad/santa-cruz-con-lluvia-y-frio-asi-estara-el-clima-el-fin-de-semana-CP23865777
Unitel,2026-10-02,07:27,"Oviedo sobre el caso Mariaca: “Es mucho más de fondo” que el video de Marset, “se desarticuló una estructura que buscaba instaurar un narcoestado”",https://unitel.bo/noticias/seguridad/oviedo-sobre-el-caso-mariaca-es-mucho-mas-de-fondo-que-el-video-de-marset-se-desarticulo-una-estructura-que-buscaba-instaurar-un-narcoestado-EP23866020
El Deber,2026-10-02,07:29,Los consejos de un experto para encontrar la almohada perfecta para ti,https://eldeber.com.bo/bbc/los-consejos-de-un-experto-para-encontrar-la-almohada-perfecta-para-ti-202610271846
Vision 360,2026-10-02,07:31,Lara denuncia que desde el Ejecutivo se prepara un “caso falso” para detenerlo y dice temer por su vida,https://www.vision360.bo/noticias/2026/10/02/70503-lara-denuncia-que-desde-el-ejecutivo-se-prepara-un-caso-falso-para-detenerlo-y-dice-temer-por-su-vida
La Razon,2026-10-02,07:34,La superestrella Duplantis renuncia a la temporada indoor en 2027,https://larazon.bo/marcas/2026/10/02/la-superestrella-duplantis-renuncia-a-la-temporada-indoor-en-2027/
Vision 360,2026-10-02,07:34,Rusia eleva la retórica agresiva contra Europa,https://www.vision360.bo/noticias/2026/10/02/70506-rusia-eleva-la-retorica-agresiva-contra-europa
El Deber,2026-10-02,07:35,"""No iba a permitir que los demás murieran"": el capitán del vuelo de Dubái a Israel relata el ataque de su copiloto en la cabina",https://eldeber.com.bo/bbc/-no-iba-a-permitir-que-los-demas-murieran-el-capitan-del-vuelo-de-dubai-a-israel-relata-el-ataque-de-su-copiloto-en-la-cabina-20261027444
La Razon,2026-10-02,07:45,Justiniano dice que ‘lo ideal’ sería que Mariaca ‘purgue sus penas’ en Bolivia,https://larazon.bo/nacional/2026/10/02/justiniano-dice-que-lo-ideal-seria-que-mariaca-purgue-sus-penas-en-bolivia/
El Deber,2026-10-02,07:46,"¡Tembló el Chapare! Un sismo de 3,4 se registró cerca de Sacaba este viernes",https://eldeber.com.bo/pais/temblo-chapare-sismo-3-4-registro-cerca-sacaba-este-viernes_1790941364
El Deber,2026-10-02,07:51,Elecciones en Brasil: una economía bajo presión a medida que se acercan las presidenciales,https://eldeber.com.bo/rfi/elecciones-en-brasil-una-economia-bajo-presion-a-medida-que-se-acercan-las-presidenciales-202610264912
Vision 360,2026-10-02,07:51,Escudo de las Américas felicita al Gobierno por sus acciones para enfrentar el narcotráfico y combatir la corrupción,https://www.vision360.bo/noticias/2026/10/02/70509-escudo-de-las-americas-felicita-al-gobierno-por-sus-acciones-para-enfrentar-el-narcotrafico-y-combatir-la-corrupcion
Unitel,2026-10-02,07:53,Felcv confirma feminicidio en la muerte de Teodosia y aprehende a su esposo como sospechoso,https://unitel.bo/noticias/seguridad/felcv-confirma-feminicidio-en-la-muerte-de-teodosia-y-aprehende-a-su-esposo-como-sospechoso-MP23866659
El Deber,2026-10-02,07:59,Escudo de las Américas felicita al gobierno de Paz y lo alienta a seguir con sus acciones contra “narcos” y corruptos,https://eldeber.com.bo/pais/escudo-americas-felicita-gobierno-paz-alienta-seguir-acciones-narcos-corruptos_1790941609
El Deber,2026-10-02,08:00,COMUNICADO DIGITAL | 2DA CONVOCATORIA AGTB IASA,https://eldeber.com.bo/comunicados/comunicado-digital-2da-convocatoria-agtb-iasa_1790867293
Vision 360,2026-10-02,08:00,Aurora busca sellar su pase a cuartos de final en su visita a Real Potosí,https://www.vision360.bo/noticias/2026/10/02/70497-aurora-busca-sellar-su-pase-a-cuartos-de-final-en-su-visita-a-real-potosi
La Razon,2026-10-02,08:01,Lara denuncia que están ‘montando’ un caso en su contra y teme por su vida,https://larazon.bo/nacional/2026/10/02/lara-denuncia-que-estan-montando-un-caso-en-su-contra-y-teme-por-su-vida/
Red Uno,2026-10-02,08:06,Vecinos acuden a agencias distribuidoras para conseguir garrafas de gas en Santa Cruz,https://www.reduno.com.bo/noticias/vecinos-acuden-a-agencias-distribuidoras-para-conseguir-garrafas-de-gas-en-santa-cruz-20261027390
Red Uno,2026-10-02,08:06,Martín Irusta es trasladado a La Paz para audiencia de acción de libertad,https://www.reduno.com.bo/noticias/martin-irusta-es-trasladado-a-la-paz-para-audiencia-de-accion-de-libertad-202610275556
El Deber,2026-10-02,08:10,4 comportamientos que acaban con una relación de pareja y 2 señales que indican que aún hay esperanza de salvarla,https://eldeber.com.bo/bbc/4-comportamientos-que-acaban-con-una-relacion-de-pareja-y-2-senales-que-indican-que-aun-hay-esperanza-de-salvarla-202610283522
Unitel,2026-10-02,08:17,“Las declaraciones son irresponsables”: Abogado de Mariaca responde al vocero y cree que amenaza a legisladores,https://unitel.bo/noticias/politica/las-declaraciones-son-irresponsables-abogado-de-mariaca-responde-al-vocero-y-cree-que-amenaza-a-legisladores-JP23866780
Unitel,2026-10-02,08:20,Gálvez: Mariaca fue elegido con sobornos y ahora vuelven los rumores de compra de votos para mantenerlo en el cargo,https://unitel.bo/noticias/politica/galvez-mariaca-fue-elegido-con-sobornos-y-ahora-vuelven-los-rumores-de-compra-de-votos-para-mantenerlo-en-el-cargo-MP23866831
Vision 360,2026-10-02,08:22,"Gobierno espera que el Legislativo cese el mandato de Roger Mariaca: “Esto es blanco y negro, aquí ya no hay gris”",https://www.vision360.bo/noticias/2026/10/02/70512-gobierno-espera-que-el-legislativo-cese-el-mandato-de-roger-mariaca-esto-es-blanco-y-negro-aqui-ya-no-hay-gris
El Deber,2026-10-02,08:24,Un juez restringe las visitas de Halle Berry a su hijo tras ser acusada de abusos físicos,https://eldeber.com.bo/sociales/juez-restringe-visitas-halle-berry-hijo-ser-acusada-abusos-fisicos_1790943854
Diez,2026-10-02,08:31,“Una falta clarísima”: Almada cuestiona el gol de Álvarez,https://diez.bo/blooming/una-falta-clarisima-almada-cuestiona-el-gol-de-alvarez_1790944295
El Deber,2026-10-02,08:31,"La esperanza de vida global vuelve al nivel anterior a la pandemia y se sitúa en 73,4 años",https://eldeber.com.bo/salud-y-bienestar/esperanza-vida-global-vuelve-nivel-anterior-pandemia-situa-73-4-anos_1790944277
Diez,2026-10-02,08:34,Paulucci apunta a la Liga para salvar los objetivos de Blooming,https://diez.bo/blooming/paulucci-apunta-a-la-liga-para-salvar-los-objetivos-de-blooming_1790944470
Red Uno,2026-10-02,08:34,Domicilios de Mariaca y Zeballos permanecen bajo resguardo policial tras sus aprehensiones,https://www.reduno.com.bo/noticias/domicilios-de-mariaca-y-zeballos-permanecen-bajo-resguardo-policial-tras-sus-aprehensiones-202610282417
La Razon,2026-10-02,08:36,Ancelotti arropa en Brasil a Vinícius de flojo presente con el Madrid,https://larazon.bo/marcas/2026/10/02/ancelotti-arropa-en-brasil-a-vinicius-de-flojo-presente-con-el-madrid/
Diez,2026-10-02,08:37,Oriente visitará a Guabirá con el gabinete médico lleno,https://diez.bo/oriente-petrolero/oriente-visitara-a-guabira-con-el-gabinete-medico-lleno_1790944646
Red Uno,2026-10-02,08:37,“Nos asaltaron y se llevaron a mi esposa”: denuncian secuestro de una mujer en Montero,https://www.reduno.com.bo/noticias/nos-asaltaron-y-se-llevaron-a-mi-esposa-denuncian-secuestro-de-una-mujer-en-montero-202610282424
El Deber,2026-10-02,08:39,"Gobierno dice que el narcoterrorismo financió elección de Mariaca y que ahora quiere ""comprar votos"" en la Asamblea",https://eldeber.com.bo/pais/gobierno-dice-narcoterrorismo-financio-eleccion-mariaca-ahora-quiere-comprar-votos-asamblea_1790944676
Los Tiempos,2026-10-02,08:39,Brasil: los indecisos pueden inclinar la balanza en unas elecciones muy polarizadas,https://www.lostiempos.com/actualidad/mundo/20261002/brasil-indecisos-pueden-inclinar-balanza-elecciones-muy-polarizadas
Diez,2026-10-02,08:40,Guabirá confirma hinchada visitante y refuerza la seguridad ante Oriente,https://diez.bo/futbol/guabira-confirma-hinchada-visitante-y-refuerza-la-seguridad-ante-oriente_1790944838
Los Tiempos,2026-10-02,08:42,Cancillería: Chile frena destrucción de presunta narcomadera incautada,https://www.lostiempos.com/actualidad/pais/20261002/cancilleria-chile-frena-destruccion-presunta-narcomadera-incautada
Los Tiempos,2026-10-02,08:44,Crecen las filas para la gasolina y las distribuidores de garrafas de GLP paran por el alza del diésel,https://www.lostiempos.com/actualidad/economia/20261002/crecen-filas-gasolina-distribuidores-garrafas-glp-paran-alza-del-diesel
Red Uno,2026-10-02,08:46,“Temo por mi vida”: Lara denuncia que buscan involucrarlo en un caso para aprehenderlo,https://www.reduno.com.bo/noticias/temo-por-mi-vida-lara-denuncia-que-buscan-involucrarlo-en-un-caso-para-aprehenderlo-20261028232
Los Tiempos,2026-10-02,08:47,"Moscoso, el número uno del mundo del ranking International Racquetball Tour",https://www.lostiempos.com/deportes/multideportivo/20261002/moscoso-numero-uno-del-mundo-del-ranking-international-racquetball
Los Tiempos,2026-10-02,08:49,Cochabamba conmemora el Día del Árbol con jornadas de forestación,https://www.lostiempos.com/actualidad/cochabamba/20261002/cochabamba-conmemora-dia-del-arbol-jornadas-forestacion
ERBOL,2026-10-02,08:50,Sesión por caso Mariaca: Gobierno denuncia rumores de compra de votos parlamentarios,https://erbol.com.bo/nacional/sesi%C3%B3n-por-caso-mariaca-gobierno-denuncia-rumores-de-compra-de-votos-parlamentarios
El Deber,2026-10-02,08:50,"Colegio de Abogados califica como ""irregular” la asunción de Luis Montaño como fiscal general",https://eldeber.com.bo/pais/colegio-abogados-califica-irregular-asuncion-luis-montano-fiscal-general_1790944629
Red Uno,2026-10-02,08:50,"Un sismo de 3,4 se registra en Cochabamba y se siente en varios edificios",https://www.reduno.com.bo/noticias/un-sismo-de-3-4-se-registra-en-cochabamba-y-se-siente-en-varios-edificios-202610284518
Los Tiempos,2026-10-02,08:51,Premio Nobel de Literatura: sin listas oficiales y bajo un estricto secretismo,https://www.lostiempos.com/doble-click/cultura/20261002/premio-nobel-literatura-listas-oficiales-estricto-secretismo
Los Tiempos,2026-10-02,08:54,tras aprehensión de mariaca Gobierno amenaza a quien no apoye su política contra el “narcoterrorismo”,https://www.lostiempos.com/actualidad/seguridad/20261002/aprehension-mariaca-gobierno-amenaza-quien-no-apoye-su-politica-contra
Unitel,2026-10-02,08:55,Derrumbe en mina del Cerro Rico de Potosí deja como saldo tres muertos y dos heridos,https://unitel.bo/noticias/seguridad/derrumbe-en-mina-del-cerro-rico-de-potosi-deja-como-saldo-tres-muertos-y-dos-heridos-GP23867265
Diez,2026-10-02,08:56,Aurora busca sellar su clasificación a cuartos de la Copa Bolivia,https://diez.bo/futbol/aurora-busca-sellar-su-clasificacion-a-cuartos-de-la-copa-bolivia_1790945818
Unitel,2026-10-02,08:56,Instalan audiencia de acción de libertad presentada por defensa del fiscal Martín Irusta,https://unitel.bo/noticias/seguridad/instalan-audiencia-de-accion-de-libertad-presentada-por-defensa-del-fiscal-martin-irusta-NP23866568
El Deber,2026-10-02,08:58,La conmoción por el ataque con machetes y explosivos en una escuela de México en la que murió la subdirectora y por el que acusan a dos hermanos exalumnos,https://eldeber.com.bo/bbc/la-conmocion-por-el-ataque-con-machetes-y-explosivos-en-una-escuela-de-mexico-en-la-que-murio-la-subdirectora-y-por-el-que-acusan-a-dos-hermanos-exalumnos-20261029300
Vision 360,2026-10-02,08:58,Jugadores de la Selección nacional dejan la concentración en la mañana de este viernes,https://www.vision360.bo/noticias/2026/10/02/70515-jugadores-de-la-seleccion-nacional-dejan-la-concentracion-en-la-manana-de-este-viernes
Los Tiempos,2026-10-02,08:59,El Ejecutivo desconoce a Fiscal interino y lo busca para aprehenderlo,https://www.lostiempos.com/actualidad/seguridad/20261002/ejecutivo-desconoce-fiscal-interino-busca-aprehenderlo
Opinion,2026-10-02,08:59,Gálvez denuncia sobornos en elección de Mariaca y compra de votos para el nuevo fiscal General,https://www.opinion.com.bo/pais/galvez-denuncia-sobornos-eleccion-mariaca-compra-votos-nuevo-fiscal-general/20261002085955997006.html
Vision 360,2026-10-02,08:59,Macron convoca hoy una videoconferencia del G7 sobre la situación energética mundial,https://www.vision360.bo/noticias/2026/10/02/70518-macron-convoca-hoy-una-videoconferencia-del-g7-sobre-la-situacion-energetica-mundial
ANF,2026-10-02,09:02,“Temo por mi integridad física y por mi vida”: Vicepresidente denuncia que el Gobierno busca acallarlo,https://www.noticiasfides.com/nacional/politica/temo-por-mi-integridad-fisica-y-por-mi-vida-vicepresidente-denuncia-que-el-gobierno-busca-acallarlo
La Razon,2026-10-02,09:02,Gálvez denuncia que Mariaca fue elegido con ‘sobornos’ y hoy vuelven a surgir rumores,https://larazon.bo/nacional/2026/10/02/galvez-denuncia-que-mariaca-fue-elegido-con-sobornos-y-hoy-vuelven-a-surgir-rumores/
Los Tiempos,2026-10-02,09:03,"fiscales, civiles y policías Con aprehensiones, Gobierno dice que desmantela una organización criminal",https://www.lostiempos.com/actualidad/seguridad/20261002/fiscales-civiles-policias-aprehensiones-gobierno-dice-que-desmantela
Diez,2026-10-02,09:05,Messi ya está en Argentina para su despedida de la selección,https://diez.bo/futbol/messi-ya-esta-en-argentina-para-su-despedida-de-la-seleccion_1790946340
Los Tiempos,2026-10-02,09:06,Legislativo debate hoy cómo se elegirá al nuevo Fiscal General,https://www.lostiempos.com/actualidad/pais/20261002/legislativo-debate-hoy-como-se-elegira-al-nuevo-fiscal-general
Red Uno,2026-10-02,09:07,Aprehendidos por caso Mariaca aguardan su declaración y situación jurídica,https://www.reduno.com.bo/noticias/aprehendidos-por-caso-mariaca-aguardan-su-declaracion-y-situacion-juridica-202610275541
El Diario,2026-10-02,09:08,El hidrógeno verde es una alternativa para la crisis,https://www.eldiario.net/portal/2026/10/02/el-hidrogeno-verde-es-una-alternativa-para-la-crisis-0907/
Unitel,2026-10-02,09:08,Distribución de garrafas vuelve a los barrios de Santa Cruz tras acuerdo con Gobierno,https://unitel.bo/noticias/economia/distribucion-de-garrafas-vuelve-a-los-barrios-de-santa-cruz-tras-acuerdo-con-gobierno-HP23867635
Vision 360,2026-10-02,09:18,"Bruselas advierte a EEUU: prohibir las exportaciones de diésel ""socavaría la confianza""",https://www.vision360.bo/noticias/2026/10/02/70524-bruselas-advierte-a-eeuu-prohibir-las-exportaciones-de-diesel-socavaria-la-confianza
Diez,2026-10-02,09:22,La Verde se desconcentrará y la dirigencia evaluará el desempeño,https://diez.bo/futbol/la-verde-se-desconcentrara-y-la-dirigencia-evaluara-el-desempeno_1790947379
La Razon,2026-10-02,09:26,Vocero exhorta a la Asamblea a apartar temporalmente a Mariaca del cargo,https://larazon.bo/nacional/2026/10/02/vocero-exhorta-a-la-asamblea-a-apartar-temporalmente-a-mariaca-del-cargo/
Los Tiempos,2026-10-02,09:27,Gálvez denuncia sobornos en elección de Mariaca y compra de votos para el nuevo fiscal General,https://www.lostiempos.com/actualidad/pais/20261002/galvez-denuncia-sobornos-eleccion-mariaca-compra-votos-nuevo-fiscal-general
El Deber,2026-10-02,09:29,Montero: sujetos armados interceptan a una familia a bordo de un vehículo y secuestran a una mujer,https://eldeber.com.bo/santa-cruz/montero-sujetos-armados-interceptan-familia-bordo-vehiculo-secuestran-mujer_1790946007
Red Uno,2026-10-02,09:30,Asamblea entra en cuarto intermedio y acelera modificación de la Ley del Ministerio Público,https://www.reduno.com.bo/noticias/asamblea-entra-en-cuarto-intermedio-y-acelera-modificacion-de-la-ley-del-ministerio-publico-2026102980
Unitel,2026-10-02,09:30,En vivo: Tres ministros acompañan desde la testera la sesión de la Asamblea que definirá futuro de Mariaca,https://unitel.bo/noticias/politica/en-vivo-tres-ministros-acompanan-desde-la-testera-la-sesion-de-la-asamblea-que-definira-futuro-de-mariaca-IP23866187
El Deber,2026-10-02,09:32,"Pippo “coronará” eternamente en El Arenal: inauguran una corona y un mosaico ""de la fama"" en su honor",https://eldeber.com.bo/santa-cruz/pippo-coronara-eternamente-arenal-inauguran-corona-mosaico-fama-honor_1790946992
El Diario,2026-10-02,09:33,Bloqueo paraliza San José de Chiquitos por falta de combustible,https://www.eldiario.net/portal/2026/10/02/bloqueo-paraliza-san-jose-de-chiquitos-por-falta-de-combustible-0933/
Red Uno,2026-10-02,09:33,Presidente del TSE encabezará misión de observación electoral de UNIORE en las elecciones regionales y municipales de Perú,https://www.reduno.com.bo/noticias/presidente-del-tse-encabezara-mision-de-observacion-electoral-de-uniore-en-las-elecciones-regionales-y-municipales-de-peru-202610293014
ANF,2026-10-02,09:34,Vocero presidencial: “La elección del fiscal general del Estado se gestó con sobornos a algunos asambleístas”,https://www.noticiasfides.com/nacional/politica/vocero-presidencial-la-eleccion-del-fiscal-general-del-estado-se-gesto-con-sobornos-a-algunos-asambleistas
Red Uno,2026-10-02,09:36,Warnes se viste de tradición para celebrar a la Virgen del Rosario,https://www.reduno.com.bo/noticias/warnes-se-viste-de-tradicion-para-celebrar-a-la-virgen-del-rosario-20261029656
Vision 360,2026-10-02,09:36,Este viernes se define el futuro judicial del fiscal general Roger Mariaca,https://www.vision360.bo/noticias/2026/10/02/70521-este-viernes-se-define-el-futuro-judicial-del-fiscal-general-roger-mariaca
La Razon,2026-10-02,09:37,EEUU y 13 países cierran filas y apoyan a Bolivia en su lucha contra el narcotráfico,https://larazon.bo/nacional/2026/10/02/eeuu-y-13-paises-cierran-filas-y-apoyan-a-bolivia-en-su-lucha-contra-el-narcotrafico/
Red Uno,2026-10-02,09:39,Alarcón rompe el silencio sobre el video y pone su celular a disposición de la justicia,https://www.reduno.com.bo/noticias/alarcon-rompe-el-silencio-sobre-el-video-y-pone-su-celular-a-disposicion-de-la-justicia-202610291112
Vision 360,2026-10-02,09:39,Gobierno descarta que el fiscal Roger Mariaca vaya a juicio de responsabilidades y reconoce que conocía de su relación con Marset desde marzo,https://www.vision360.bo/noticias/2026/10/02/70527-gobierno-descarta-que-el-fiscal-roger-mariaca-vaya-a-juicio-de-responsabilidades-y-reconoce-que-conocia-de-su-relacion-con-marset-desde-marzo
ANF,2026-10-02,09:41,Policía de Chile hace uso de cañones de agua y gases lacrimógenos para sofocar una protesta contra el Gobierno,https://www.noticiasfides.com/mundo/policia-de-chile-hace-uso-de-canones-de-agua-y-gases-lacrimogenos-para-sofocar-una-protesta-contra-el-gobierno
La Razon,2026-10-02,09:43,Sabalenka reaparece con un triunfo en el torneo de Pekín,https://larazon.bo/marcas/2026/10/02/sabalenka-reaparece-con-un-triunfo-en-el-torneo-de-pekin/
ANF,2026-10-02,09:44,El Brent cae por debajo de los 100 dólares ante la posibilidad de nuevas liberaciones de reservas de crudo,https://www.noticiasfides.com/mundo/el-brent-cae-por-debajo-de-los-100-dolares-ante-la-posibilidad-de-nuevas-liberaciones-de-reservas-de-crudo
ANF,2026-10-02,09:46,"EEUU suspende sus servicios consulares en Brasil por ""motivos de seguridad""",https://www.noticiasfides.com/mundo/eeuu-suspende-sus-servicios-consulares-en-brasil-por-motivos-de-seguridad
La Razon,2026-10-02,09:50,Instalan audiencia de acción de libertad del fiscal Martín Irusta,https://larazon.bo/nacional/2026/10/02/instalan-audiencia-de-accion-de-libertad-del-fiscal-martin-irusta/
Opinion,2026-10-02,09:57,“Trump se mantiene firme junto a Paz”: EEUU respalda las acciones del Gobierno boliviano,https://www.opinion.com.bo/pais/trump-mantiene-firme-junto-paz-eeuu-respalda-acciones-gobierno-boliviano/20261002095706997008.html
Red Uno,2026-10-02,10:00,Identifican a la mujer presuntamente secuestrada en Montero; Policía activa su búsqueda,https://www.reduno.com.bo/noticias/identifican-a-la-mujer-presuntamente-secuestrada-en-montero-policia-activa-su-busqueda-202610294645
Unitel,2026-10-02,10:02,Niegan acción de libertad interpuesta por la defensa del fiscal Martín Irusta,https://unitel.bo/noticias/seguridad/niegan-accion-de-libertad-interpuesta-por-la-defensa-del-fiscal-martin-irusta-PP23868654
Vision 360,2026-10-02,10:02,La cuna china de la porcelana: de fuente de patrimonio milenario a 'escuela' de artistas,https://www.vision360.bo/noticias/2026/10/02/70530-la-cuna-china-de-la-porcelana-de-fuente-de-patrimonio-milenario-a-escuela-de-artistas
El Deber,2026-10-02,10:04,"Por qué los católicos votan más a Lula, los evangélicos a Bolsonaro y cómo una polémica por la virgen de Aparecida influye en las elecciones de Brasil",https://eldeber.com.bo/bbc/por-que-los-catolicos-votan-mas-a-lula-los-evangelicos-a-bolsonaro-y-como-una-polemica-por-la-virgen-de-aparecida-influye-en-las-elecciones-de-brasil-202610294835
Unitel,2026-10-02,10:04,El abogado de Mariaca dice que Oviedo “no conoce la ley” y denuncia “ilicitudes” en la aprehensión y otras acciones,https://unitel.bo/noticias/seguridad/el-abogado-de-mariaca-dice-que-oviedo-no-conoce-la-ley-y-denuncia-ilicitudes-en-la-aprehension-y-otras-acciones-EP23868783
El Deber,2026-10-02,10:07,China: la investigación contra el cáncer avanza paradójicamente por el gran número de casos,https://eldeber.com.bo/rfi/china-la-investigacion-contra-el-cancer-avanza-paradojicamente-por-el-gran-numero-de-casos-2026102103050
Red Uno,2026-10-02,10:08,Se instala audiencia de acción de libertad de Martín Irusta en La Paz,https://www.reduno.com.bo/noticias/se-instala-audiencia-de-accion-de-libertad-de-martin-irusta-en-la-paz-202610294938
La Razon,2026-10-02,10:10,Messi arriba a Argentina para su despedida con la Albiceleste,https://larazon.bo/marcas/2026/10/02/messi-arriba-a-argentina-para-su-despedida-con-la-albiceleste/
El Deber,2026-10-02,10:11,Ascensión de Guarayos: Alcaldía pone en marcha programa de arborización urbana,https://eldeber.com.bo/santa-cruz/ascension-guarayos-alcaldia-pone-marcha-programa-arborizacion-urbana_1790948121
El Deber,2026-10-02,10:16,Segip abre oficina en San Javier para facilitar trámite de cédula a la población,https://eldeber.com.bo/santa-cruz/segip-abre-oficina-san-javier-facilitar-tramite-cedula-poblacion_1790949763
Vision 360,2026-10-02,10:17,Los incendios incontrolables en Indonesia acorralan al Gobierno y a empresas responsables,https://www.vision360.bo/noticias/2026/10/02/70536-los-incendios-incontrolables-en-indonesia-acorralan-al-gobierno-y-a-empresas-responsables
Red Uno,2026-10-02,10:19,Escudo de las Américas respalda a Bolivia en su lucha contra el narcotráfico y la corrupción,https://www.reduno.com.bo/noticias/escudo-de-las-americas-respalda-a-bolivia-en-su-lucha-contra-el-narcotrafico-y-la-corrupcion-202610210956
Diez,2026-10-02,10:20,Venezuela saca un valioso empate sin goles ante Corea del Sur,https://diez.bo/futbol/venezuela-saca-un-valioso-empate-sin-goles-ante-corea-del-sur_1790950839
Vision 360,2026-10-02,10:21,El Gobierno de Singapur lanza un servicio de citas para emparejar a empleados públicos,https://www.vision360.bo/noticias/2026/10/02/70539-el-gobierno-de-singapur-lanza-un-servicio-de-citas-para-emparejar-a-empleados-publicos
El Deber,2026-10-02,10:22,"Bogotá se prepara para recibir este viernes a BTS, el fenómeno que llevó el K-pop al mundo",https://eldeber.com.bo/cultura-y-entretenimiento/bogota-prepara-recibir-este-viernes-bts-fenomeno-llevo-k-pop-mundo_1790950973
El Diario,2026-10-02,10:22,Siete horas sin paso en la ruta a Yolosa para ascender en bici al cielo,https://www.eldiario.net/portal/2026/10/02/siete-horas-sin-paso-en-la-ruta-a-yolosa-para-ascender-en-bici-al-cielo-1021/
El Deber,2026-10-02,10:26,Asamblea instala sesión para definir el futuro de la Fiscalía General tras aprehensión de Mariaca,https://eldeber.com.bo/pais/asamblea-instala-sesion-definir-futuro-fiscalia-general-aprehension-mariaca_1790951119
Vision 360,2026-10-02,10:26,El Reino Unido opta por un perfil bajo ante la escalada de Milei sobre las Malvinas,https://www.vision360.bo/noticias/2026/10/02/70542-el-reino-unido-opta-por-un-perfil-bajo-ante-la-escalada-de-milei-sobre-las-malvinas
Los Tiempos,2026-10-02,10:29,Lara desde España: “Temo por mi integridad física y por mi vida”,https://www.lostiempos.com/actualidad/pais/20261002/lara-espana-temo-mi-integridad-fisica-mi-vida
La Razon,2026-10-02,10:30,Se instala la sesión del Legislativo que definirá el futuro del fiscal Mariaca,https://larazon.bo/nacional/2026/10/02/se-instala-la-sesion-del-legislativo-que-definira-el-futuro-del-fiscal-mariaca/
El Deber,2026-10-02,10:31,Justicia analiza la acción de libertad planteada por el fiscal Martín Irusta,https://eldeber.com.bo/pais/justicia-analiza-accion-libertad-planteada-fiscal-martin-irusta_1790951191
Vision 360,2026-10-02,10:31,Bolsonaro y Lula se muestran cercanos al pueblo en sus últimas propagandas en TV,https://www.vision360.bo/noticias/2026/10/02/70545-bolsonaro-y-lula-se-muestran-cercanos-al-pueblo-en-sus-ultimas-propagandas-en-tv
Vision 360,2026-10-02,10:31,Gambia deberá pagar “un fuerte resarcimiento económico” a Bolivia,https://www.vision360.bo/noticias/2026/10/02/70533-gambia-debera-pagar-un-fuerte-resarcimiento-economico-a-bolivia
Vision 360,2026-10-02,10:33,Taiwán y Guatemala impulsan inversiones en autobuses eléctricos y tecnología,https://www.vision360.bo/noticias/2026/10/02/70548-taiwan-y-guatemala-impulsan-inversiones-en-autobuses-electricos-y-tecnologia
ANF,2026-10-02,10:36,Asamblea inicia sesión para analizar el caso de Mariaca y la situación del Ministerio Público,https://www.noticiasfides.com/nacional/politica/asamblea-inicia-sesion-para-analizar-el-caso-de-mariaca-y-la-situacion-del-ministerio-publico
El Deber,2026-10-02,10:37,Una mítica guitarra de Oasis y letras de Freddie Mercury triunfan en subasta en Londres,https://eldeber.com.bo/cultura-y-entretenimiento/mitica-guitarra-oasis-letras-freddie-mercury-triunfan-subasta-londres_1790950749
El Diario,2026-10-02,10:40,Falla geológica Tunari atraviesa Sacaba y motiva refuerzo de prevención sísmica en colegios,https://www.eldiario.net/portal/2026/10/02/falla-geologica-tunari-atraviesa-sacaba-y-motiva-refuerzo-de-prevencion-sismica-en-colegios-1030/
Opinion,2026-10-02,10:40,"Presentan acción de libertad para Mariaca, Zeballos e Irusta",https://www.opinion.com.bo/pais/presentan-accion-libertad-mariaca-irusta-zeballos-audiencia-curso/20261002104042997010.html
La Razon,2026-10-02,10:42,Oviedo dice que estructura vinculada a Mariaca presionaba a legisladores y organizaciones,https://larazon.bo/nacional/2026/10/02/oviedo-dice-que-estructura-vinculada-a-mariaca-presionaba-a-legisladores-y-organizaciones/
Unitel,2026-10-02,10:43,Fiscalía General defiende la legalidad de la sucesión y garantiza continuidad del servicio en el país,https://unitel.bo/noticias/politica/fiscalia-general-defiende-la-legalidad-de-la-sucesion-y-garantiza-continuidad-del-servicio-en-el-pais-BP23869686
Diez,2026-10-02,10:44,Las pruebas médicas descartan una lesión de Raphinha,https://diez.bo/futbol/las-pruebas-medicas-descartan-una-lesion-de-raphinha_1790952248
El Deber,2026-10-02,10:45,Tres ministros se presentan en la Asamblea que analiza la situación de la Fiscalía General,https://eldeber.com.bo/pais/tres-ministros-presentan-asamblea-analiza-situacion-fiscalia-general_1790952264
El Deber,2026-10-02,10:48,"Ruta, puentes y producción, así empieza la reunión entre el Gobierno y los alcaldes de los Valles",https://eldeber.com.bo/santa-cruz/ruta-puentes-produccion-asi-arranca-reunion-gobierno-alcaldes-valles_1790951381
El Deber,2026-10-02,10:50,"El dólar flexible baja 10 centavos y se cotiza este viernes en Bs 11,90",https://eldeber.com.bo/economia/dolar-flexible-baja-10-centavos-cotiza-este-viernes-bs-11-90_1790952526
ANF,2026-10-02,10:52,¿Qué alternativas puede construir Bolivia para diversificar su economía?,https://www.noticiasfides.com/innovacion-y-educacion/que-alternativas-puede-construir-bolivia-para-diversificar-su-economia
Red Uno,2026-10-02,10:53,Suben las temperaturas en Santa Cruz y se prevén lluvias este fin de semana: revise el pronóstico,https://www.reduno.com.bo/noticias/suben-las-temperaturas-en-santa-cruz-y-se-preven-lluvias-este-fin-de-semana-revise-el-pronostico-2026102104726
El Deber,2026-10-02,10:55,"Las IA manipulan y mienten para garantizar su ""preservación"" y alcanzar los objetivos",https://eldeber.com.bo/rfi/las-ia-manipulan-y-mienten-para-garantizar-su-preservacion-y-alcanzar-los-objetivos-2026102111050
El Deber,2026-10-02,10:56,CAF aprueba crédito de 224 millones de dólares para reactivar obras viales en Bolivia,https://eldeber.com.bo/economia/caf-aprueba-credito-224-millones-dolares-reactivar-obras-viales-bolivia_1790952723
El Diario,2026-10-02,10:56,Camargo bloquea dos carreteras por falta de combustible,https://www.eldiario.net/portal/2026/10/02/camargo-bloquea-dos-carreteras-por-falta-de-combustible-1055/
Opinion,2026-10-02,10:56,"Desarrollo sostenible en Cochabamba: cómo academia, municipio y empresas pueden convertir alianzas en resultados",https://www.opinion.com.bo/innovacion-educativa/desarrollo-sostenible-cochabamba-como-academia-municipio-empresas-pueden-convertir-alianzas-resultados/20261002105644997012.html
El Deber,2026-10-02,10:59,Niegan acción de libertad presentada por el fiscal Martin Irusta,https://eldeber.com.bo/pais/niegan-accion-libertad-presentada-fiscal-martin-irusta_1790953080
Red Uno,2026-10-02,10:59,Filas por gasolina crecen en Cochabamba; Asosur atribuye la situación a la sobredemanda,https://www.reduno.com.bo/noticias/filas-por-gasolina-crecen-en-cochabamba-asosur-atribuye-la-situacion-a-la-sobredemanda-20261028955
La Razon,2026-10-02,11:00,Abogado califica de ‘irresponsables’ las declaraciones del vocero sobre ‘sobornos’,https://larazon.bo/nacional/2026/10/02/abogado-califica-de-irresponsables-las-declaraciones-del-vocero-sobre-sobornos/
Unitel,2026-10-02,11:03,Legisladores exigen informe escrito a los tres ministros que llegaron a la Asamblea para tratar el caso Mariaca,https://unitel.bo/noticias/politica/legisladores-exigen-informe-escrito-a-los-tres-ministros-que-llegaron-a-la-asamblea-para-tratar-el-caso-mariaca-FP23869941
Red Uno,2026-10-02,11:06,¿Te están cobrando por imprimir la declaración del Juancito Pinto? Esto dice Educación,https://www.reduno.com.bo/noticias/te-estan-cobrando-por-imprimir-la-declaracion-del-juancito-pinto-esto-dice-educacion-202610210555
Red Uno,2026-10-02,11:08,Niegan acción de libertad presentada por la defensa de Martín Irusta,https://www.reduno.com.bo/noticias/niegan-accion-de-libertad-presentada-por-la-defensa-de-martin-irusta-2026102105744
Vision 360,2026-10-02,11:08,Lionel Messi llega a Argentina para su despedida de la selección,https://www.vision360.bo/noticias/2026/10/02/70551-lionel-messi-llega-a-argentina-para-su-despedida-de-la-seleccion
El Diario,2026-10-02,11:10,Por 20 años el narcoterrorismo influyó en decisiones políticas,https://www.eldiario.net/portal/2026/10/02/por-20-anos-el-narcoterrorismo-influyo-en-decisiones-politicas/
Vision 360,2026-10-02,11:11,Del Granado sostiene que la ALP debe definir la suplencia del fiscal general: “no corresponde una asunción automática”,https://www.vision360.bo/noticias/2026/10/02/70554-del-granado-sostiene-que-la-alp-debe-definir-la-suplencia-del-fiscal-general-no-corresponde-una-asuncion-automatica
El Diario,2026-10-02,11:12,"Sismo de magnitud 3,4 se registra en el Chapare",https://www.eldiario.net/portal/2026/10/02/sismo-de-magnitud-34-se-registra-en-el-chapare/
Red Uno,2026-10-02,11:12,Camargo bloquea las vías a Potosí y Tarija por falta de combustible,https://www.reduno.com.bo/noticias/camargo-bloquea-las-vias-a-potosi-y-tarija-por-falta-de-combustible-202610211533
Red Uno,2026-10-02,11:12,Santa Cruz recibe convención internacional de tatuajes con artistas de varios países,https://www.reduno.com.bo/noticias/santa-cruz-recibe-convencion-internacional-de-tatuajes-con-artistas-de-varios-paises-202610295941
Unitel,2026-10-02,11:12,"Tras la aprehensión de Mariaca, el vicepresidente Lara denuncia un plan del Ejecutivo para armarle un caso y detenerlo",https://unitel.bo/noticias/politica/tras-la-aprehension-de-mariaca-el-vicepresidente-lara-denuncia-un-plan-del-ejecutivo-para-armarle-un-caso-y-detenerlo-EO23870127
ANF,2026-10-02,11:13,Fiscal departamental de Santa Cruz es imputado por organización criminal y tráfico de sustancias controladas,https://www.noticiasfides.com/nacional/seguridad/fiscal-departamental-de-santa-cruz-es-imputado-por-organizacion-criminal-y-trafico-de-sustancias-controladas
El Diario,2026-10-02,11:14,Lula y Bolsonaro no asisten al último debate electoral,https://www.eldiario.net/portal/2026/10/02/lula-y-bolsonaro-no-asisten-al-ultimo-debate-electoral/
El Diario,2026-10-02,11:15,Denuncian que cuatro personas secuestraron a una mujer en Montero,https://www.eldiario.net/portal/2026/10/02/denuncian-que-cuatro-personas-secuestraron-a-una-mujer-en-montero/
Los Tiempos,2026-10-02,11:15,"Presentan acción de libertad para Mariaca, Irusta y Zeballos; arranca una audiencia",https://www.lostiempos.com/actualidad/pais/20261002/presentan-accion-libertad-mariaca-irusta-zeballos-arranca-audiencia
Red Uno,2026-10-02,11:15,Herrera insta a la ALP a definir conducción de la Fiscalía para “salvar la institucionalidad”,https://www.reduno.com.bo/noticias/herrera-insta-a-la-alp-a-definir-conduccion-de-la-fiscalia-para-salvar-la-institucionalidad-2026102840
Red Uno,2026-10-02,11:15,"Tras acuerdo con el Gobierno, camiones con garrafas vuelven a los barrios de Santa Cruz",https://www.reduno.com.bo/noticias/tras-acuerdo-con-el-gobierno-camiones-con-garrafas-vuelven-a-los-barrios-de-santa-cruz-202610292846
El Deber,2026-10-02,11:16,Caso Mariaca: ¿quién debe investigarlo y qué ocurre con la jefatura del Ministerio Público?,https://eldeber.com.bo/pais/caso-mariaca-quien-debe-investigarlo-ocurre-jefatura-ministerio-publico_1790953179
El Diario,2026-10-02,11:17,Realizarán al menos 35 cirugías de mano,https://www.eldiario.net/portal/2026/10/02/realizaran-al-menos-35-cirugias-de-mano/
Unitel,2026-10-02,11:17,Luis Carlos Torrez renuncia a la Fiscalía Departamental de La Paz,https://unitel.bo/noticias/seguridad/luis-carlos-torrez-renuncia-a-la-fiscalia-departamental-de-la-paz-EO23870163
El Deber,2026-10-02,11:19,"El fiscal de La Paz, Luis Carlos Tórrez, renuncia al cargo en medio de la búsqueda policial y el cerco a la Fiscalía",https://eldeber.com.bo/pais/fiscal-paz-luis-carlos-torrez-renuncia-cargo-medio-busqueda-policial-cerco-fiscalia_1790954265
La Razon,2026-10-02,11:19,Justicia niega acción de libertad planteada por defensa del fiscal Martín Irusta,https://larazon.bo/nacional/2026/10/02/justicia-niega-accion-de-libertad-planteada-por-defensa-del-fiscal-martin-irusta/
Red Uno,2026-10-02,11:22,"Comunarios retienen a tres sospechosos de robo y queman su vehículo en Tarata, Cochabamba",https://www.reduno.com.bo/noticias/comunarios-retienen-a-tres-sospechosos-de-robo-y-queman-su-vehiculo-en-tarata-cochabamba-202610284958
Unitel,2026-10-02,11:22,Lula y Flávio Bolsonaro juegan al vale todo antes de primera vuelta en Brasil,https://unitel.bo/noticias/mundo/lula-y-flavio-bolsonaro-juegan-al-vale-todo-antes-de-primera-vuelta-en-brasil-EO23870567
Diez,2026-10-02,11:24,Marcha atrás: Guabirá-Oriente se jugará a las 17:15,https://diez.bo/futbol/marcha-atras-guabira-oriente-se-jugara-a-las-17-15_1790954672
Unitel,2026-10-02,11:24,Cochabamba: Acusado del feminicidio de Teodosia confiesa el crimen y se somete a un procedimiento abreviado,https://unitel.bo/noticias/seguridad/cochabamba-acusado-del-feminicidio-de-teodosia-confiesa-el-crimen-y-se-somete-a-un-procedimiento-abreviado-GO23870611
Unitel,2026-10-02,11:25,"En la sesión por el caso Mariaca se tratará la modificación de la Ley Orgánica del Ministerio Público, anuncia presidente del Senado",https://unitel.bo/noticias/politica/en-la-sesion-por-el-caso-mariaca-se-tratara-la-modificacion-de-la-ley-organica-del-ministerio-publico-anuncia-presidente-del-senado-IO23870549
ANF,2026-10-02,11:26,Acoso y violencia política: mujeres electas resisten mientras la Ley 243 no garantiza protección,https://www.noticiasfides.com/nacional/politica/acoso-y-violencia-politica-mujeres-electas-resisten-mientras-la-ley-243-no-garantiza-proteccion
Los Tiempos,2026-10-02,11:26,"El Gobierno exige a la ALP destituir a Roger Mariaca del cargo de Fiscal: ""Están del lado del bien o del lado del delito""",https://www.lostiempos.com/actualidad/pais/20261002/gobierno-exige-alp-destituir-roger-mariaca-del-cargo-fiscal-estan-del-lado
Red Uno,2026-10-02,11:27,Rivero defiende la designación de Montaño y cuestiona que se hable de “usurpación de funciones”,https://www.reduno.com.bo/noticias/rivero-defiende-la-designacion-de-montano-y-cuestiona-que-se-hable-de-usurpacion-de-funciones-202610293223
El Diario,2026-10-02,11:29,Amplían el plazo para pagar impuestos sin multas ni sanciones,https://www.eldiario.net/portal/2026/10/02/amplian-el-plazo-para-pagar-impuestos-sin-multas-ni-sanciones-1128/
ANF,2026-10-02,11:31,Ministro de Gobierno afirma que investigación contra el fiscal general del Estado comenzó hace 10 meses,https://www.noticiasfides.com/nacional/seguridad/ministro-de-gobierno-afirma-que-investigacion-contra-el-fiscal-general-del-estado-comenzo-hace-10-meses
Vision 360,2026-10-02,11:32,"Bancada de Libre cierra filas en defensa de “Tuto” y desafía al ministro Oviedo a dar celeridad a los casos “Maletas”, “Cerimedo” y “Oro”",https://www.vision360.bo/noticias/2026/10/02/70557-bancada-de-libre-cierra-filas-en-defensa-de-tuto-y-desafia-al-ministro-oviedo-a-dar-celeridad-a-los-casos-maletas-cerimedo-y-oro
La Razon,2026-10-02,11:33,Lula y Flávio Bolsonaro juegan al vale todo antes de la elección,https://larazon.bo/mundo/2026/10/02/lula-y-flavio-bolsonaro-juegan-al-vale-todo-antes-de-la-eleccion/
Red Uno,2026-10-02,11:34,"Fiscal de La Paz, Luis Carlos Torrez, presenta su renuncia irrevocable al cargo",https://www.reduno.com.bo/noticias/luis-torrez-presenta-su-renuncia-irrevocable-como-fiscal-de-la-paz-2026102112354
Red Uno,2026-10-02,11:35,Reportan incendio en un restaurante de la plaza de comidas de un cine en Cochabamba,https://www.reduno.com.bo/noticias/reportan-incendio-en-un-restaurante-de-la-plaza-de-comidas-de-un-cine-en-cochabamba-2026102112534
Red Uno,2026-10-02,11:37,Canes policiales se roban las miradas en plena sesión de la ALP,https://www.reduno.com.bo/noticias/canes-policiales-llaman-la-atencion-durante-sesion-de-la-alp-2026102105147
Vision 360,2026-10-02,11:37,Justicia rechaza recurso del fiscal Irusta vinculado al crimen organizado y vuelve a celdas policiales,https://www.vision360.bo/noticias/2026/10/02/70563-justicia-rechaza-recurso-del-fiscal-irusta-vinculado-al-crimen-organizado-y-vuelve-a-celdas-policiales
El Deber,2026-10-02,11:38,BYD alcanza las 1.000 unidades vendidas en Bolivia,https://eldeber.com.bo/te-puede-interesar/byd-alcanza-1-000-unidades-vendidas-bolivia_1790955516
Los Tiempos,2026-10-02,11:38,"“Va a ser un octubre negro, pero para el narcoterrorismo”, afirmó el vocero presidencial",https://www.lostiempos.com/actualidad/pais/20261002/va-ser-octubre-negro-pero-narcoterrorismo-afirmo-vocero-presidencial
La Razon,2026-10-02,11:47,Petrobras descubre más petróleo en las costas de la Amazonía,https://larazon.bo/mundo/2026/10/02/petrobras-descubre-mas-petroleo-en-las-costas-de-la-amazonia/
Red Uno,2026-10-02,11:49,"¡Atención, Beni! Cierran dos tramos de carretera por las intensas lluvias",https://www.reduno.com.bo/noticias/atencion-beni-cierran-dos-tramos-de-carretera-por-las-intensas-lluvias-2026102111315
ANF,2026-10-02,11:50,Justicia niega acción de libertad presentada por el fiscal Martín Irusta y retorna a dependencias de la FELCN,https://www.noticiasfides.com/justicia/justicia-niega-accion-de-libertad-presentada-por-el-fiscal-martin-irusta-y-retorna-a-dependencias-de-la-felcn
Red Uno,2026-10-02,11:53,¿Viajas por carretera? La ABC alerta sobre restricciones y desvíos en seis departamentos,https://www.reduno.com.bo/noticias/viajas-por-carretera-la-abc-alerta-sobre-restricciones-y-desvios-en-seis-departamentos-2026102114635
La Razon,2026-10-02,11:54,Legislativo escucha informes sobre caso Mariaca y debatirá ajustes a Ley del Ministerio Público,https://larazon.bo/nacional/2026/10/02/legislativo-pide-informes-sobre-caso-mariaca-y-debatira-ajustes-a-ley-del-ministerio-publico/
Red Uno,2026-10-02,11:58,Quillacollo: inspeccionan botadero de Cotapachi en medio de sexto día de conflicto por la basura,https://www.reduno.com.bo/noticias/quillacollo-inspeccionan-botadero-de-cotapachi-en-medio-de-sexto-dia-de-conflicto-por-la-basura-2026102105546
Red Uno,2026-10-02,12:02,"Rescatan a 32 perros, 12 gatos y dos loros de la venta clandestina en El Alto",https://www.reduno.com.bo/noticias/rescatan-a-32-perros-12-gatos-y-dos-loros-de-la-venta-clandestina-en-el-alto-202610210351
La Razon,2026-10-02,12:03,Se registra un bloqueo en Camargo por falta de combustible,https://larazon.bo/ciudades/2026/10/02/se-registra-un-bloqueo-en-camargo-por-falta-de-combustible/
Red Uno,2026-10-02,12:03,Caso Mariaca: trasladan a La Paz a 4 aprehendidos y los millones hallados en ambulancia,https://www.reduno.com.bo/noticias/caso-mariaca-trasladan-a-la-paz-a-4-aprehendidos-y-los-millones-hallados-en-ambulancia-2026102115134
Red Uno,2026-10-02,12:03,Alcaldía de El Alto decomisa más de 570 unidades de “Squishy Dumpling” ante alerta por su composición,https://www.reduno.com.bo/noticias/alcaldia-de-el-alto-decomisa-mas-de-570-unidades-de-squishy-dumpling-ante-alerta-por-su-composicion-2026102111425
ANF,2026-10-02,12:08,"Tras la detención de fiscales, Luis Carlos Torrez renuncia a su cargo de fiscal departamental de La Paz",https://www.noticiasfides.com/nacional/seguridad/tras-la-detencion-de-fiscales-luis-carlos-torrez-renuncia-a-su-cargo-de-fiscal-departamental-de-la-paz
Unitel,2026-10-02,12:09,Santa Cruz: Concejo y transportistas retoman reunión por el pasaje bajo advertencia de paro de 48 horas,https://unitel.bo/noticias/economia/santa-cruz-concejo-y-transportistas-retoman-reunion-por-el-pasaje-bajo-advertencia-de-paro-de-48-horas-HO23871556
Unitel,2026-10-02,12:10,"En sesión del Legislativo, Oviedo vincula a Mariaca con Marset y se retira sin responder preguntas",https://unitel.bo/noticias/politica/en-sesion-del-legislativo-oviedo-vincula-a-mariaca-con-marset-y-se-retira-sin-responder-preguntas-FO23871400
Red Uno,2026-10-02,12:11,“Se ha cometido una aprehensión ilegal”: defensa de Mariaca cuestiona procedimiento,https://www.reduno.com.bo/noticias/se-ha-cometido-una-aprehension-ilegal-defensa-de-mariaca-cuestiona-procedimiento-2026102111541
Unitel,2026-10-02,12:12,"Muere a los 100 años Peppino Mazzullo, la voz detrás del querido Topo Gigio",https://unitel.bo/noticias/mundo/muere-a-los-100-anos-peppino-mazzullo-la-voz-detras-del-querido-topo-gigio-CO23871366
Vision 360,2026-10-02,12:13,Renuncia el fiscal departamental de La Paz en medio de las pesquisas en torno al Ministerio Público,https://www.vision360.bo/noticias/2026/10/02/70569-renuncia-el-fiscal-departamental-de-la-paz-en-medio-de-las-pesquisas-en-torno-al-ministerio-publico
El Deber,2026-10-02,12:14,En Paraguay retienen un camión con más de 20 kilos de droga proveniente de Bolivia,https://eldeber.com.bo/pais/paraguay-retienen-camion-20-kilos-droga-proveniente-bolivia_1790956929
El Deber,2026-10-02,12:18,Sedes alista campaña de cirugías de fístulas para reducir infecciones en pacientes que dializan,https://eldeber.com.bo/santa-cruz/sedes-alista-campana-cirugias-fistulas-reducir-infecciones-pacientes-dialisis_1790957923
Unitel,2026-10-02,12:18,"Caso Mariaca: Trasladan a La Paz a los cuatro aprehendidos que trasladaban más de Bs 3,5 millones en una ambulancia",https://unitel.bo/noticias/seguridad/caso-mariaca-trasladan-a-la-paz-a-los-cuatro-aprehendidos-que-trasladaban-mas-de-bs-35-millones-en-una-ambulancia-FO23871958
ERBOL,2026-10-02,12:19,Asamblea sesiona entre denuncias de compra de votos con dinero del narcotráfico y el “Escudo de las Américas”,https://erbol.com.bo/nacional/asamblea-sesiona-entre-denuncias-de-compra-de-votos-con-dinero-del-narcotr%C3%A1fico-y-el-
El Deber,2026-10-02,12:19,La exportación de soya supera a la de hidrocarburos y genera $us 787 millones hasta agosto,https://eldeber.com.bo/economia/exportacion-soya-supera-hidrocarburos-genera-us-787-millones-agosto_1790954900
La Razon,2026-10-02,12:19,"Con Oviedo, Justiniano y Aramayo, arranca el debate por el caso Mariaca",https://larazon.bo/nacional/2026/10/02/con-oviedo-justiniano-y-aramayo-arranca-el-debate-por-el-caso-mariaca/
Red Uno,2026-10-02,12:20,¿Cuánto bajó? así se movió el dólar oficial del 28 de septiembre al 2 de octubre,https://www.reduno.com.bo/noticias/cuanto-bajo-asi-se-movio-el-dolar-oficial-del-28-de-septiembre-al-2-de-octubre-202610212743
El Deber,2026-10-02,12:21,Festival del Sonso cerrará los festejos de septiembre en las cabañas del río Piraí,https://eldeber.com.bo/santa-cruz/festival-sonso-cerrara-festejos-septiembre-cabanas-rio-pirai_1790958013
La Razon,2026-10-02,12:26,Luis Torrez renuncia de forma irrevocable a la Fiscalía Departamental de La Paz,https://larazon.bo/nacional/2026/10/02/luis-torrez-renuncia-de-forma-irrevocable-a-la-fiscalia-departamental-de-la-paz/
Opinion,2026-10-02,12:28,¿Puede una profesión sobrevivir sin aprender cosas nuevas? El título ya no es el final,https://www.opinion.com.bo/innovacion-educativa/puede-profesion-sobrevivir-aprender-cosas-nuevas-titulo-es-final/20261002122842997014.html
Red Uno,2026-10-02,12:29,Secuestro de veterinaria en Montero: Policía confirma que habrían pedido dinero por su liberación,https://www.reduno.com.bo/noticias/secuestro-de-veterinaria-en-montero-policia-confirma-que-habrian-pedido-dinero-por-su-liberacion-2026102121949
El Deber,2026-10-02,12:34,"El Ministerio Público aclara que trabaja con ""normalidad"" pese a aprehensión de fiscales",https://eldeber.com.bo/pais/ministerio-publico-aclara-trabaja-normalidad-pese-aprehension-fiscales_1790958412
La Razon,2026-10-02,12:37,El G7 liberará hasta 100 millones de barriles de diésel y petróleo,https://larazon.bo/mundo/2026/10/02/el-g7-liberara-hasta-100-millones-de-barriles-de-diesel-y-petroleo/
Red Uno,2026-10-02,12:37,Cochabamba: Segip atenderá este sábado trámites de cédula de identidad,https://www.reduno.com.bo/noticias/cochabamba-segip-atendera-este-sabado-tramites-de-cedula-de-identidad-2026102113734
Diez,2026-10-02,12:39,La FBF activa la devolución de entradas tras la cancelación de Bolivia-Gambia,https://diez.bo/futbol/la-fbf-activa-la-devolucion-de-entradas-tras-la-cancelacion-de-bolivia-gambia_1790959159
Red Uno,2026-10-02,12:42,Amplían hasta el 31 de diciembre el plazo para pagar impuestos municipales de 2025 en La Paz,https://www.reduno.com.bo/noticias/amplian-hasta-el-31-de-diciembre-el-plazo-para-pagar-impuestos-municipales-de-2025-en-la-paz-2026102123659
El Deber,2026-10-02,12:44,Becky G participará en la Semana Billboard de la Música Latina 2026,https://eldeber.com.bo/cultura-y-entretenimiento/becky-g-participara-semana-billboard-musica-latina-2026_1790959450
Unitel,2026-10-02,12:45,"Caso Mariaca: llegan a La Paz los aprehendidos con Bs 3,5 millones y otro grupo será cautelado en Santa Cruz",https://unitel.bo/noticias/seguridad/caso-mariaca-llegan-a-la-paz-los-aprehendidos-con-bs-35-millones-y-otro-grupo-sera-cautelado-en-santa-cruz-JO23872218
El Diario,2026-10-02,12:46,Intervención policial precipita la renuncia del fiscal departamental de La Paz,https://www.eldiario.net/portal/2026/10/02/intervencion-policial-precipita-la-renuncia-del-fiscal-departamental-de-la-paz-1241/
La Razon,2026-10-02,12:48,Comibol cumple 74 años y con 7 proyectos de exploración en carpeta,https://larazon.bo/economia-y-empresa/2026/10/02/combibol-cumple-74-anos-y-7-proyectos-de-exploracion-en-carpeta/
Red Uno,2026-10-02,12:48,Estación de Peaje de Caracollo será parte de la ruta bioceánica con sistema de Telepeaje,https://www.reduno.com.bo/noticias/estacion-de-peaje-de-caracollo-sera-parte-de-la-ruta-bioceanica-con-sistema-de-telepeaje-202610212412
El Deber,2026-10-02,12:49,Michael Douglas revela una relación secreta con Kathleen Turner que ocultaron por 40 años,https://eldeber.com.bo/sociales/michael-douglas-revela-relacion-secreta-kathleen-turner-ocultaron-40-anos_1790959766
Red Uno,2026-10-02,12:50,Operativo de Diprove permite recuperar tres vehículos en Cochabamba,https://www.reduno.com.bo/noticias/operativo-de-diprove-permite-recuperar-tres-vehiculos-en-cochabamba-202610211535
ANF,2026-10-02,12:51,Fiscalía imputa a Mariaca por tráfico de sustancias controladas y organización criminal y pide su detención en la cárcel,https://www.noticiasfides.com/nacional/seguridad/fiscalia-imputa-a-mariaca-por-trafico-de-sustancias-controladas-y-organizacion-criminal-y-pide-su-detencion-en-la-carcel
La Razon,2026-10-02,12:52,Legislativo alista proyecto para modificar la suplencia por prelación del fiscal general,https://larazon.bo/nacional/2026/10/02/legislativo-alista-proyecto-para-modificar-la-suplencia-por-prelacion-del-fiscal-general/
Red Uno,2026-10-02,12:52,Censo Agropecuario 2026: brigadas recorrerán los nueve departamentos,https://www.reduno.com.bo/noticias/censo-agropecuario-2026-brigadas-recorreran-los-nueve-departamentos-202610211132
Unitel,2026-10-02,12:53,"Fiscalía imputa a Mariaca y pide detención para él y sus “cómplices”, dice Oviedo",https://unitel.bo/noticias/seguridad/fiscalia-imputa-a-mariaca-y-pide-detencion-para-el-y-sus-complices-dice-oviedo-GO23872271
El Diario,2026-10-02,12:54,Bolivia tiene 3 desafíos para combatir la corrupción,https://www.eldiario.net/portal/2026/10/02/bolivia-tiene-3-desafios-para-combatir-la-corrupcion/
Opinion,2026-10-02,12:54,Asamblea sesiona entre denuncias de compra de votos con dinero de narcotráfico y “Escudo de las Américas”,https://www.opinion.com.bo/pais/asamblea-sesiona-entre-denuncias-compra-votos-dinero-narcotrafico-escudo-americas/20261002125449997015.html
Vision 360,2026-10-02,12:54,"Legislativo define suerte de Roger Mariaca en medio de tensiones, denuncias y presiones",https://www.vision360.bo/noticias/2026/10/02/70581-legislativo-define-suerte-de-roger-mariaca-en-medio-de-tensiones-denuncias-y-presiones
La Razon,2026-10-02,12:55,‘Conecta Productiva’ apunta a superar Bs 1 MM en negocios,https://larazon.bo/economia-y-empresa/2026/10/02/conecta-productiva-apunta-a-superar-bs-1-mm-en-negocios/
La Razon,2026-10-02,12:55,Investigan biocidio y tratos crueles en un criadero clandestino de Cochabamba,https://larazon.bo/ciudades/2026/10/02/investigan-biocidio-y-tratos-crueles-en-un-criadero-clandestino-de-cochabamba/
El Diario,2026-10-02,12:56,Canasta familiar: conozca los precios en mercados de La Paz,https://www.eldiario.net/portal/2026/10/02/canasta-familiar-conozca-los-precios-en-mercados-de-la-paz/
Red Uno,2026-10-02,12:56,Ministro Oviedo informa en la Asamblea sobre la investigación contra Mariaca,https://www.reduno.com.bo/noticias/ministro-oviedo-informa-en-la-asamblea-sobre-la-investigacion-contra-mariaca-2026102124331
El Diario,2026-10-02,12:58,Filas por gasolina persisten ciudades del eje central,https://www.eldiario.net/portal/2026/10/02/filas-por-gasolina-persisten-ciudades-del-eje-central/
Red Uno,2026-10-02,13:00,¿Qué pasó con el dólar en el mercado paralelo esta semana? Así cambió su cotización,https://www.reduno.com.bo/noticias/que-paso-con-el-dolar-en-el-mercado-paralelo-esta-semana-asi-cambio-su-cotizacion-202610212380
Vision 360,2026-10-02,13:00,Las pruebas médicas que el Barcelona le realizó a Raphinha descartaron una lesión,https://www.vision360.bo/noticias/2026/10/02/70572-las-pruebas-medicas-que-el-barcelona-le-realizo-a-raphinha-descartaron-una-lesion
El Diario,2026-10-02,13:01,Movimiento “Cucaracha” exige dimisión de funcionario electoral,https://www.eldiario.net/portal/2026/10/02/movimiento-cucaracha-exige-dimision-de-funcionario-electoral/
El Diario,2026-10-02,13:02,Rechazan acción de libertad presentada por Martín Irusta,https://www.eldiario.net/portal/2026/10/02/rechazan-accion-de-libertad-presentada-por-martin-irusta/
Opinion,2026-10-02,13:04,Justicia deniega Acción de Libertad para el fiscal Martín Irusta,https://www.opinion.com.bo/pais/justicia-deniega-accion-libertad-fiscal-martin-irusta/20261002130430997017.html
La Razon,2026-10-02,13:05,Deuda externa bruta asciende a $us 17.257 MM al primer semestre de 2026,https://larazon.bo/economia-y-empresa/2026/10/02/deuda-externa-asciende-a-us-17-257-mm-al-primer-semestre-de-2026/
La Razon,2026-10-02,13:09,Argentina ofrece ciudadanía a cambio de inversiones,https://larazon.bo/mundo/2026/10/02/argentina-ofrece-ciudadania-a-cambio-de-inversiones/
Unitel,2026-10-02,13:09,Santa Cruz: Policía despliega operativo en Montero tras el secuestro de una mujer,https://unitel.bo/noticias/seguridad/santa-cruz-policia-despliega-operativo-en-montero-tras-el-secuestro-de-una-mujer-GO23872477
Red Uno,2026-10-02,13:15,Una boda lejos de los reflectores: Jim Carrey se habría casado en secreto con su pareja,https://www.reduno.com.bo/noticias/una-boda-lejos-de-los-reflectores-jim-carrey-se-habria-casado-en-secreto-con-su-pareja-2026102125058
Red Uno,2026-10-02,13:17,Billie Eilish perdió 100.000 seguidores tras mostrar un dibujo,https://www.reduno.com.bo/noticias/billie-eilish-perdio-100-000-seguidores-tras-mostrar-un-dibujo-202610213918
La Razon,2026-10-02,13:20,Crispín denuncia supuestos pagos por QR en sesión del Legislativo,https://larazon.bo/nacional/2026/10/02/crispin-denuncia-supuestos-pagos-por-qr-en-sesion-del-legislativo/
La Razon,2026-10-02,13:20,Santa Cruz: Distribución de garrafas se normaliza tras acuerdo con el Gobierno,https://larazon.bo/sociedad/2026/10/02/santa-cruz-distribucion-de-garrafas-se-normaliza-tras-acuerdo-con-el-gobierno/
Vision 360,2026-10-02,13:21,Los comunicados contradictorios de la Vicepresidencia: primero respaldó la convocatoria por el caso Mariaca y luego la cuestionó,https://www.vision360.bo/noticias/2026/10/02/70560-los-comunicados-contradictorios-de-la-vicepresidencia-primero-respaldo-la-convocatoria-por-el-caso-mariaca-y-luego-la-cuestiono
Red Uno,2026-10-02,13:23,¿Piensa comprar dólares? Revise las cotizaciones de este viernes,https://www.reduno.com.bo/noticias/piensa-comprar-dolares-revise-las-cotizaciones-de-este-viernes-202610213718
Unitel,2026-10-02,13:25,Efectivos policiales resguardan el Palacio de Justicia de la capital cruceña,https://unitel.bo/noticias/seguridad/efectivos-policiales-resguardan-el-palacio-de-justicia-de-la-capital-crucena-KO23872800
ANF,2026-10-02,13:26,"Secuestran a una veterinaria en Montero, los delincuentes exigen un pago por su liberación",https://www.noticiasfides.com/nacional/seguridad/secuestran-a-una-veterinaria-en-montero-los-delincuentes-exigen-un-pago-por-su-liberacion
La Razon,2026-10-02,13:28,Gobierno alerta que el ‘negociado’ del diésel se trasladó a la gasolina,https://larazon.bo/economia-y-empresa/2026/10/02/gobierno-alerta-que-el-negociado-del-diesel-se-traslado-a-la-gasolina/
Unitel,2026-10-02,13:29,"Del Granado: “Estamos ante una suplencia por ausencia, no ante una cesación o destitución del fiscal general”",https://unitel.bo/noticias/politica/del-granado-estamos-ante-una-suplencia-por-ausencia-no-ante-una-cesacion-o-destitucion-del-fiscal-general-PO23872940
La Razon,2026-10-02,13:37,Lucas Careaga inicia su camino para llegar a la Formula Uno,https://larazon.bo/marcas/2026/10/02/lucas-careaga-inicia-su-camino-para-llegar-a-la-formula-uno/
Unitel,2026-10-02,13:38,"Fiscalía pide seis meses de cárcel para Mariaca, Irusta y Zeballos en cárceles de La Paz",https://unitel.bo/noticias/seguridad/fiscalia-pide-seis-meses-de-carcel-para-mariaca-irusta-y-zeballos-en-carceles-de-la-paz-CO23874006
El Deber,2026-10-02,13:39,Trasladan a La Paz a los cuatro aprehendidos por el dinero incautado en una ambulancia vinculada a Mariaca,https://eldeber.com.bo/pais/trasladan-paz-cuatro-aprehendidos-dinero-incautado-ambulancia-vinculada-mariaca_1790962643
El Deber,2026-10-02,13:43,"Imputan a Mariaca, Zeballos, Aparicio e Irusta por dos delitos y piden su encarcelamiento",https://eldeber.com.bo/pais/imputan-mariaca-zeballos-aparicio-irusta-dos-delitos-piden-encarcelamiento_1790960462
Unitel,2026-10-02,13:44,Senador de Libre: “Tuto hubiera limpiado todo esto el primer mes y aprehendía a Evo a las 24 horas de su Gobierno”,https://unitel.bo/noticias/politica/senador-de-libre-tuto-hubiera-limpiado-todo-esto-el-primer-mes-y-aprehendia-a-evo-a-las-24-horas-de-su-gobierno-EO23874154
El Deber,2026-10-02,13:45,Ministro de Gobierno vincula a Marset con Mariaca “como parte de una organización criminal”,https://eldeber.com.bo/pais/ministro-gobierno-vincula-marset-mariaca-parte-organizacion-criminal_1790962895
Vision 360,2026-10-02,13:45,El contrabando migra a la gasolina y la ANH activa control en línea para bloquear carguíos ilegales,https://www.vision360.bo/noticias/2026/10/02/70590-el-contrabando-migra-a-la-gasolina-y-la-anh-activa-control-en-linea-para-bloquear-carguios-ilegales
La Razon,2026-10-02,13:49,La violencia de género cobra otra vida; la víctima es Teodosia,https://larazon.bo/ciudades/2026/10/02/la-violencia-de-genero-cobra-otra-vida-la-victima-es-teodosia/
Red Uno,2026-10-02,13:51,Transportistas en Santa Cruz insisten en pasaje de Bs 4 y advierten con paro de 48 horas desde el lunes,https://www.reduno.com.bo/noticias/transportistas-en-santa-cruz-insisten-en-pasaje-de-bs-4-y-advierten-con-paro-de-48-horas-desde-el-lunes-202610213468
Opinion,2026-10-02,13:54,Fiscalía imputa a Mariaca por dos delitos y pide su detención en el penal de San Pedro,https://www.opinion.com.bo/pais/fiscalia-imputa-mariaca-dos-delitos-pide-detencion-penal-san-pedro/20261002135404997018.html
ANF,2026-10-02,13:59,Régimen Penitenciario asegura que en las cárceles “no se venden celdas” ni existen reclusos con privilegios,https://www.noticiasfides.com/nacional/seguridad/regimen-penitenciario-asegura-que-en-las-carceles-no-se-venden-celdas-ni-existen-reclusos-con-privilegios
Vision 360,2026-10-02,14:00,"""Serás siempre nuestro capitán"", pancartas en Lisboa apoyan a Cristiano Ronaldo",https://www.vision360.bo/noticias/2026/10/02/70578-seras-siempre-nuestro-capitan-pancartas-en-lisboa-apoyan-a-cristiano-ronaldo
Red Uno,2026-10-02,14:02,Policía resguarda el Palacio de Justicia de Santa Cruz,https://www.reduno.com.bo/noticias/policia-resguarda-el-palacio-de-justicia-de-santa-cruz-202610213400
Los Tiempos,2026-10-02,14:03,Fiscalía imputa a Mariaca por dos delitos y pide su detención en el penal de San Pedro,https://www.lostiempos.com/actualidad/seguridad/20261002/fiscalia-imputa-mariaca-dos-delitos-pide-su-detencion-penal-san-pedro
La Razon,2026-10-02,14:04,Hidrocarburos activa sistema de vigilancia para controlar venta de carburantes,https://larazon.bo/economia-y-empresa/2026/10/02/hidrocarburos-activa-sistema-de-vigilancia-para-controlar-venta-de-carburantes/
Opinion,2026-10-02,14:06,El ‘Perdonazo Tributario’ termina este 5 de octubre; advierten que ya no se extiende,https://www.opinion.com.bo/cochabamba/perdonazo-tributario-termina-5-octubre-advierten-que-extiende/20261002140614997020.html
El Deber,2026-10-02,14:08,"""He presenciado casi 500 ejecuciones, pero ninguna como la de Christa Pike""",https://eldeber.com.bo/bbc/-he-presenciado-casi-500-ejecuciones-pero-ninguna-como-la-de-christa-pike--2026102144540
ANF,2026-10-02,14:10,"Tras el caso Mariaca, presentan proyecto para modificar la Ley del Ministerio Público y quitar inmunidad a autoridades",https://www.noticiasfides.com/nacional/politica/tras-el-caso-mariaca-presentan-proyecto-para-modificar-la-ley-del-ministerio-publico-y-quitar-inmunidad-a-autoridades
El Deber,2026-10-02,14:16,"Rechazan acción de libertad para los fiscales Mariaca, Zeballos e Irusta",https://eldeber.com.bo/santa-cruz/rechazan-accion-libertad-fiscales-mariaca-zebalos-irusta_1790963695
La Razon,2026-10-02,14:16,ENDE ejecutará megaproyecto energético en el norte amazónico,https://larazon.bo/economia-y-empresa/2026/10/02/ende-ejecutara-megaproyecto-energetico-en-el-norte-amazonico/
El Deber,2026-10-02,14:23,El partido de Lula ve injerencia de EEUU por suspender sus servicios consulares en Brasil,https://eldeber.com.bo/mundo/partido-lula-ve-injerencia-eeuu-suspender-servicios-consulares-brasil_1790964974
Opinion,2026-10-02,14:23,Desde Libre plantean modificar la ley 260 y designar un Fiscal Interventor,https://www.opinion.com.bo/pais/libre-plantean-modificar-ley-260-designar-fiscal-interventor/20261002142339997022.html
La Razon,2026-10-02,14:25,Obras Públicas destaca la ubicación de Viru Viru para potenciar el HUB,https://larazon.bo/economia-y-empresa/2026/10/02/obras-publicas-destaca-la-ubicacion-de-viru-viru-para-potenciar-el-hub/
La Razon,2026-10-02,14:27,Caos en debate presidencial de Brasil genera críticas por censura,https://larazon.bo/mundo/2026/10/02/caos-en-debate-presidencial-de-brasil-genera-criticas-por-censura/
Red Uno,2026-10-02,14:28,Justicia rechaza acción de libertad presentada a favor de Mariaca y Zeballos,https://www.reduno.com.bo/noticias/justicia-rechaza-accion-de-libertad-presentada-a-favor-de-mariaca-y-zeballos-202610214280
Unitel,2026-10-02,14:32,ALP acuerda que Senadores y Diputados sesionen por “tiempo y materia” para tratar cambios a la Ley del Ministerio Público,https://unitel.bo/noticias/politica/alp-acuerda-que-senadores-y-diputados-sesionen-por-tiempo-y-materia-para-tratar-cambios-a-la-ley-del-ministerio-publico-HO23875736
Unitel,2026-10-02,14:35,Policía de Chuquisaca descarta aprehensión del edecán de Roger Mariaca,https://unitel.bo/noticias/seguridad/policia-de-chuquisaca-descarta-aprehension-del-edecan-de-roger-mariaca-NO23875769
ANF,2026-10-02,14:38,Denuncian que un presunto delegado del Escudo de las Américas sobornó a asambleístas para destituir a Mariaca,https://www.noticiasfides.com/nacional/politica/denuncian-que-un-presunto-delegado-del-escudo-de-las-americas-soborno-a-asambleistas-para-destituir-a-mariaca
Diez,2026-10-02,14:39,Lucas Careaga inicia su camino para llegar a la Formula Uno,https://diez.bo/multideportivo/lucas-careaga-inicia-su-camino-para-llegar-a-la-formula-uno_1790966353
Los Tiempos,2026-10-02,14:40,Desde Libre plantean modificar la ley 260 y designar un Fiscal Interventor,https://www.lostiempos.com/actualidad/pais/20261002/libre-plantean-modificar-ley-260-designar-fiscal-interventor
La Razon,2026-10-02,14:42,"Justicia rechaza acción de libertad de Mariaca, Zeballos e Irusta",https://larazon.bo/nacional/2026/10/02/justicia-rechaza-accion-de-libertad-de-mariaca-zeballos-e-irusta/
Diez,2026-10-02,14:43,La justicia francesa archiva la demanda de Mbappé contra el PSG por acoso moral,https://diez.bo/fuera-de-juego/la-justicia-francesa-archiva-la-demanda-de-mbappe-contra-el-psg-por-acoso-moral_1790966582
La Razon,2026-10-02,14:44,"A un mes de Intervención a YPFB y ANH, Gobierno reporta 31 aprehendidos",https://larazon.bo/economia-y-empresa/2026/10/02/a-un-mes-de-intervencion-a-ypfb-y-anh-gobierno-reporta-31-aprehendidos/
El Deber,2026-10-02,14:51,La Guardia: Realizan encuesta entomológica para medir presencia del mosquito transmisor del dengue,https://eldeber.com.bo/santa-cruz/guardia-realizan-encuesta-entomologica-medir-presencia-mosquito-transmisor-dengue_1790966383
El Deber,2026-10-02,14:54,Aprehendidos allegados al fiscal Mariaca comparecen ante el juez acusados por uso indebido de bienes y servicios,https://eldeber.com.bo/santa-cruz/aprehendidos-allegados-fiscal-mariaca-comparecen-juez-acusados-uso-indebido-bienes-servicios_1790966768
Unitel,2026-10-02,14:54,Intervención a YPFB: Aprehenden a 31 personas y decomisan 24 vehículos que desviaban combustible,https://unitel.bo/noticias/economia/intervencion-a-ypfb-aprehenden-a-31-personas-y-decomisan-24-vehiculos-que-desviaban-combustible-JO23877961
Red Uno,2026-10-02,14:55,"Fiscalía imputa a Mariaca, Zeballos, Irusta y Aparicio y pide seis meses de detención preventiva",https://www.reduno.com.bo/noticias/fiscalia-imputa-a-mariaca-zeballos-irusta-y-aparicio-y-pide-seis-meses-de-detencion-preventiva-202610214201
Vision 360,2026-10-02,14:55,Productores de leche de Brasil aumentan su eficiencia mediante la aplicación de nuevas tecnologías,https://www.vision360.bo/noticias/2026/10/02/70596-productores-de-leche-de-brasil-aumentan-su-eficiencia-mediante-la-aplicacion-de-nuevas-tecnologias
Vision 360,2026-10-02,14:55,"Fiscalía imputa a Mariaca, Zeballos e Irusta por dos delitos y pide 6 meses de detención mientras son investigados",https://www.vision360.bo/noticias/2026/10/02/70593-fiscalia-imputa-a-mariaca-zeballos-e-irusta-por-dos-delitos-y-pide-6-meses-de-detencion-mientras-son-investigados
Opinion,2026-10-02,14:56,Defensoría pide a las autoridades mesura en el caso de la Fiscalía para evitar incertidumbre,https://www.opinion.com.bo/pais/defensoria-pide-autoridades-mesura-caso-fiscalia-evitar-incertidumbre/20261002145620997024.html
Unitel,2026-10-02,14:56,Cámaras de Senadores y Diputados fijan hora para este viernes para tratar la modificación de la Ley del Ministerio Público,https://unitel.bo/noticias/politica/camaras-de-senadores-y-diputados-fijan-hora-para-este-viernes-para-tratar-la-modificacion-de-la-ley-del-ministerio-publico-OO23876686
La Razon,2026-10-02,15:00,Chile: Una boliviana y su hijo son detenidos por llevar hoja de coca,https://larazon.bo/ciudades/2026/10/02/chile-una-boliviana-y-su-hijo-son-detenidos-por-llevar-hoja-de-coca/
El Deber,2026-10-02,15:01,¡Hubo acuerdo! Asamblea avanza con ley corta para nombrar fiscal general de manera interina,https://eldeber.com.bo/la-paz/hubo-acuerdo-asamblea-avanza-ley-corta-nombrar-fiscal-general-manera-interina_1790967552
Vision 360,2026-10-02,15:03,"En 24 horas, Montaño pasa de asumir la Fiscalía General a ser observado por el Ejecutivo",https://www.vision360.bo/noticias/2026/10/02/70587-en-24-horas-montano-pasa-de-asumir-la-fiscalia-general-a-ser-observado-por-el-ejecutivo
ANF,2026-10-02,15:04,Bolivia presente en la QS Higher Ed Summit Americas 2026 para debatir cómo hacer visible la excelencia universitaria,https://www.noticiasfides.com/innovacion-y-educacion/bolivia-presente-en-la-qs-higher-ed-summit-americas-2026-para-debatir-como-hacer-visible-la-excelencia-universitaria
Vision 360,2026-10-02,15:04,"Muere Ricardo Soulé, fundador de Vox Dei y pionero del rock argentino",https://www.vision360.bo/noticias/2026/10/02/70602-muere-ricardo-soule-fundador-de-vox-dei-y-pionero-del-rock-argentino
La Razon,2026-10-02,15:08,Confirman secuestro de una mujer en Santa Cruz,https://larazon.bo/ciudades/2026/10/02/confirman-secuestro-de-una-mujer-en-santa-cruz/
El Deber,2026-10-02,15:09,Paola Aguirre pide no convertir las investigaciones al Ministerio Público en una pugna de poder,https://eldeber.com.bo/santa-cruz/paola-aguirre-pide-no-convertir-investigaciones-ministerio-publico-pugna-poder_1790967286
Vision 360,2026-10-02,15:11,Omán pretende extraer agua del aire para regar invernaderos,https://www.vision360.bo/noticias/2026/10/02/70605-oman-pretende-extraer-agua-del-aire-para-regar-invernaderos
La Razon,2026-10-02,15:12,"Santa Cruz: Concejo, transportistas y otros sectores retoman diálogo por pasajes",https://larazon.bo/ciudades/2026/10/02/santa-cruz-concejo-transportistas-y-otros-sectores-retoman-dialogo-por-pasajes/
Vision 360,2026-10-02,15:12,La investigadora Gavi Alavi recibe el Premio Marie Curie 2026 por sus estudios sobre la dinámica del carbono en ecosistemas andinos,https://www.vision360.bo/noticias/2026/10/02/70599-la-investigadora-gavi-alavi-recibe-el-premio-marie-curie-2026-por-sus-estudios-sobre-la-dinamica-del-carbono-en-ecosistemas-andinos
La Razon,2026-10-02,15:13,"Mariaca, Zeballos, Irusta y un policía son imputados por dos delitos",https://larazon.bo/nacional/2026/10/02/mariaca-zeballos-irusta-y-un-policia-son-imputados-por-dos-delitos/
ANF,2026-10-02,15:19,"Imputación contra Mariaca, Zeballos, Irusta y Aparicio se basa principalmente en la lista de EEUU y el video de Marset",https://www.noticiasfides.com/nacional/seguridad/imputacion-contra-mariaca-zeballos-irusta-y-aparicio-se-basa-principalmente-en-la-lista-de-eeuu-y-el-video-de-marset
Vision 360,2026-10-02,15:20,Legislativo decide hacer ajustes legales para resolver la destitución de Roger Mariaca,https://www.vision360.bo/noticias/2026/10/02/70611-legislativo-decide-hacer-ajustes-legales-para-resolver-la-destitucion-de-roger-mariaca
El Diario,2026-10-02,15:21,Eliminación de la subvención al diésel pasa negocio del contrabando a la gasolina,https://www.eldiario.net/portal/2026/10/02/eliminacion-de-la-subvencion-al-diesel-pasa-negocio-del-contrabando-a-la-gasolina/
Opinion,2026-10-02,15:22,Aduana destruye más de 42 toneladas de ropa usada comisada en La Paz,https://www.opinion.com.bo/pais/aduana-destruye-mas-42-toneladas-ropa-usada-comisada-paz/20261002152255997026.html
El Diario,2026-10-02,15:23,Reformas normativas pueden acabar con la injerencia política en la justicia,https://www.eldiario.net/portal/2026/10/02/reformas-normativas-pueden-acabar-con-la-injerencia-politica-en-la-justicia/
El Diario,2026-10-02,15:24,"Dólar se cotiza en Bs.12,20, pero conseguirlo todavía es difícil",https://www.eldiario.net/portal/2026/10/02/dolar-se-cotiza-en-bs-1220-pero-conseguirlo-todavia-es-dificil-1524/
La Razon,2026-10-02,15:24,Cochabamba: comunarios retienen a sospechosos de robo,https://larazon.bo/ciudades/2026/10/02/cochabamba-comunarios-retienen-a-sospechosos-de-robo/
La Razon,2026-10-02,15:25,La Asamblea acelera una ley corta para elegir al Fiscal General interino,https://larazon.bo/nacional/2026/10/02/la-asamblea-acelera-una-ley-corta-para-elegir-al-fiscal-general-interino/
Unitel,2026-10-02,15:27,Senado remite a comisión proyecto que modifica la Ley del Ministerio Público,https://unitel.bo/noticias/politica/senado-remite-a-comision-proyecto-que-modifica-la-ley-del-ministerio-publico-HO23877990
Red Uno,2026-10-02,15:28,Oruro confirma primer caso importado de lepra en casi 10 años,https://www.reduno.com.bo/noticias/oruro-confirma-primer-caso-importado-de-lepra-en-casi-10-anos-202610213525
Unitel,2026-10-02,15:29,Libre propone que fiscales de departamento sean elegidos por las Asambleas Departamentales,https://unitel.bo/noticias/politica/libre-propone-que-fiscales-de-departamento-sean-elegidos-por-las-asambleas-departamentales-JO23878166
El Diario,2026-10-02,15:30,Torrez renuncia a la Fiscalía Departamental de La Paz,https://www.eldiario.net/portal/2026/10/02/torrez-renuncia-a-la-fiscalia-departamental-de-la-paz/
El Deber,2026-10-02,15:31,Suben a 13 los casos de feminicidio en Cochabamba; la última víctima fue estrangulada por su pareja,https://eldeber.com.bo/cochabamba/suben-13-casos-feminicidio-cochabamba-ultima-victima-fue-estrangulada-pareja_1790960292
Opinion,2026-10-02,15:31,"En un mes de intervención a la ANH, bloquean 6.700 placas, incautan 17 millones de litros combustible y aprehenden a 31 personas",https://www.opinion.com.bo/pais/mes-intervencion-anh-bloquean-6700-placas-incautan-17-millones-litros-combustible-aprehenden-31-personas/20261002153138997027.html
Vision 360,2026-10-02,15:31,La OEA aprueba una resolución que exige elecciones en Nicaragua y la liberación de presos,https://www.vision360.bo/noticias/2026/10/02/70614-la-oea-aprueba-una-resolucion-que-exige-elecciones-en-nicaragua-y-la-liberacion-de-presos
El Diario,2026-10-02,15:32,Congreso rechaza dos decretos para afrontar crisis de vivienda,https://www.eldiario.net/portal/2026/10/02/congreso-rechaza-dos-decretos-para-afrontar-crisis-de-vivienda/
La Razon,2026-10-02,15:33,"Sismo de magnitud 3,4 sacudió el Chapare en Cochabamba",https://larazon.bo/sociedad/2026/10/02/sismo-de-magnitud-34-sacudio-el-chapare-en-cochabamba/
Vision 360,2026-10-02,15:33,Lucas Careaga inicia su camino para llegar a la Fórmula Uno,https://www.vision360.bo/noticias/2026/10/02/70608-lucas-careaga-inicia-su-camino-para-llegar-a-la-formula-uno
El Diario,2026-10-02,15:34,Choferes proponen tarifa de hasta Bs 7,https://www.eldiario.net/portal/2026/10/02/choferes-proponen-tarifa-de-hasta-bs-7/
La Razon,2026-10-02,15:34,Santa Cruz: Rescatan 10 loros neonatos ofertados en un mercado,https://larazon.bo/sociedad/2026/10/02/santa-cruz-rescatan-10-loros-neonatos-ofertados-en-un-mercado/
Diez,2026-10-02,15:35,La prensa portuguesa ve el inicio de una nueva etapa sin Cristiano,https://diez.bo/futbol/la-prensa-portuguesa-ve-el-inicio-de-una-nueva-etapa-sin-cristiano_1790969703
Red Uno,2026-10-02,15:35,"“Hay un auto aplastado, hay heridos”: Choque múltiple en la circunvalación de Buena Vista",https://www.reduno.com.bo/noticias/hay-un-auto-aplastado-hay-heridos-choque-multiple-en-la-circunvalacion-de-buena-vista-2026102153047
El Diario,2026-10-02,15:36,Presidente del TSE encabezará misión de la UNIORE en Perú,https://www.eldiario.net/portal/2026/10/02/presidente-del-tse-encabezara-mision-de-la-uniore-en-peru/
ERBOL,2026-10-02,15:38,Asamblea perfila reformar la Ley 260 para allanar solución al tema del fiscal general,https://erbol.com.bo/nacional/asamblea-perfila-reformar-la-ley-260-para-allanar-soluci%C3%B3n-al-tema-del-fiscal-general
El Deber,2026-10-02,15:41,Asamblea Legislativa Plurinacional propone 5 pasos para nombrar fiscal general,https://eldeber.com.bo/pais/asamblea-legislativa-plurinacional-propone-5-pasos-nombrar-fiscal-general_1790969689
Diez,2026-10-02,15:43,Tarija acoge el Campeonato Panamericano de Ciclismo Máster,https://diez.bo/multideportivo/tarija-acoge-el-campeonato-panamericano-de-ciclismo-master_1790970223
Opinion,2026-10-02,15:43,Asamblea define trabajar en una ley corta para nombrar un Fiscal General interino,https://www.opinion.com.bo/pais/asamblea-define-trabajar-ley-corta-nombrar-fiscal-general-interino/20261002154339997031.html
Red Uno,2026-10-02,15:43,“Recuperarla con vida”: Policía intensifica búsqueda de mujer secuestrada en Montero,https://www.reduno.com.bo/noticias/recuperarla-con-vida-policia-intensifica-busqueda-de-mujer-secuestrada-en-montero-2026102135515
El Deber,2026-10-02,15:45,Accidente en la carretera Santa Cruz - Cochabamba deja al menos una persona fallecida,https://eldeber.com.bo/santa-cruz/accidente-carretera-santa-cruz-cochabamba-deja-menos-persona-fallecida_1790969359
Red Uno,2026-10-02,15:45,Analista plantea que la Asamblea designe un Fiscal General interino y luego elija al nuevo titular,https://www.reduno.com.bo/noticias/analista-plantea-que-la-asamblea-designe-un-fiscal-general-interino-y-luego-elija-al-nuevo-titular-2026102133215
Red Uno,2026-10-02,15:47,Precio del diésel deja micros fuera de servicio mientras sigue la discusión por el pasaje,https://www.reduno.com.bo/noticias/precio-del-diesel-deja-micros-fuera-de-servicio-mientras-sigue-la-discusion-por-el-pasaje-2026102133928
El Deber,2026-10-02,15:52,"“¡Oviedo, falta Evo y Del Castillo!”, le gritaron los legisladores al ministro de Gobierno",https://eldeber.com.bo/la-paz/oviedo-falta-evo-castillo-le-gritaron-legisladores-ministro-gobierno_1790970209
La Razon,2026-10-02,15:55,América Latina ve más positiva la influencia China que la de EEUU,https://larazon.bo/mundo/2026/10/02/america-latina-ve-mas-positiva-la-influencia-china-que-la-de-eeuu/
Vision 360,2026-10-02,15:56,Investigadores brasileños descubrieron una nueva especie de rana de cristal,https://www.vision360.bo/noticias/2026/10/02/70617-investigadores-brasilenos-descubrieron-una-nueva-especie-de-rana-de-cristal
Red Uno,2026-10-02,15:57,Feminicidio en Tiquipaya: esto es lo que reveló la autopsia de Teodosia,https://www.reduno.com.bo/noticias/feminicidio-en-tiquipaya-esto-es-lo-que-revelo-la-autopsia-de-teodosia-2026102141955
Red Uno,2026-10-02,16:04,Diputados sesionará este viernes para tratar cambios a la Ley del Ministerio Público,https://www.reduno.com.bo/noticias/diputados-sesionara-este-viernes-para-tratar-cambios-a-la-ley-del-ministerio-publico-202610215283
Vision 360,2026-10-02,16:10,Un miembro de la Embajada de EEUU asiste a sesión que trata el caso Mariaca y senadora denuncia pagos a legisladores,https://www.vision360.bo/noticias/2026/10/02/70620-un-miembro-de-la-embajada-de-eeuu-asiste-a-sesion-que-trata-el-caso-mariaca-y-senadora-denuncia-pagos-a-legisladores
ANF,2026-10-02,16:11,Proyecto oficialista busca que el Legislativo destituya al fiscal general y elija a su sucesor en una misma sesión,https://www.noticiasfides.com/nacional/politica/proyecto-oficialista-busca-que-el-legislativo-destituya-al-fiscal-general-y-elija-a-su-sucesor-en-una-misma-sesion
La Razon,2026-10-02,16:12,Los avasallamientos en Bolognia avanzan pese a intervención municipal,https://larazon.bo/sociedad/2026/10/02/los-avasallamientos-en-bolognia-avanzan-pese-a-intervencion-municipal/
Red Uno,2026-10-02,16:12,Policía mantiene resguardo preventivo en la Fiscalía de Cochabamba,https://www.reduno.com.bo/noticias/policia-mantiene-resguardo-preventivo-en-la-fiscalia-de-cochabamba-2026102151755
Unitel,2026-10-02,16:12,Imputación señala que Irusta intentó “sustraer documentación confidencial” y “borrar el rastro documental”,https://unitel.bo/noticias/seguridad/imputacion-senala-que-irusta-intento-sustraer-documentacion-confidencial-y-borrar-el-rastro-documental-BO23879091
El Deber,2026-10-02,16:13,Semana de furia y fuego: las violentas protestas estudiantiles en Francia que han dejado más de 1.000 escuelas afectadas y cientos de detenidos,https://eldeber.com.bo/bbc/semana-de-furia-y-fuego-las-violentas-protestas-estudiantiles-en-francia-que-han-dejado-mas-de-1-000-escuelas-afectadas-y-cientos-de-detenidos-202610213516
Opinion,2026-10-02,16:14,Bolivia suma 65 feminicidios; el último caso se registró en Cochabamba,https://www.opinion.com.bo/policial/bolivia-suma-65-feminicidios-ultimo-caso-registro-cochabamba/20261002161433997035.html
Unitel,2026-10-02,16:16,Fiscalía presume que Mariaca “protegió” y “permitió a Marset el almacenamiento y salida” de drogas del país,https://unitel.bo/noticias/seguridad/fiscalia-presume-que-mariaca-protegio-y-permitio-a-marset-el-almacenamiento-y-salida-de-drogas-del-pais-JO23879202
La Razon,2026-10-02,16:20,Exposoya reúne a más de 500 productores y pone foco en la productividad,https://larazon.bo/economia-y-empresa/2026/10/02/exposoya-reune-a-mas-de-500-productores-y-pone-foco-en-la-productividad/
Opinion,2026-10-02,16:20,Senado entra en cuarto intermedio y deriva a comisión dos proyectos para modificar la Ley 260,https://www.opinion.com.bo/pais/senado-entra-cuarto-intermedio-deriva-comision-dos-proyectos-modificar-ley-260/20261002162036997036.html
Vision 360,2026-10-02,16:21,Defensoría pide mesura ante situación del Ministerio Público y advierte sobre riesgos para la ciudadanía,https://www.vision360.bo/noticias/2026/10/02/70623-defensoria-pide-mesura-ante-situacion-del-ministerio-publico-y-advierte-sobre-riesgos-para-la-ciudadania
La Razon,2026-10-02,16:26,"Fiscalía solicita seis meses de cárcel para Mariaca, Zeballos e Irusta",https://larazon.bo/nacional/2026/10/02/fiscalia-solicita-seis-meses-de-carcel-para-mariaca-zeballos-e-irusta/
La Razon,2026-10-02,16:26,Argentina anuncia millonaria inversión de minera suiza Glencore,https://larazon.bo/mundo/2026/10/02/argentina-anuncia-millonaria-inversion-de-minera-suiza-glencore/
La Razon,2026-10-02,16:26,CBDI abre diálogo con Banco Mundial sobre inversión y crecimiento urbano,https://larazon.bo/economia-y-empresa/2026/10/02/cbdi-abre-dialogo-con-banco-mundial-sobre-inversion-y-crecimiento-urbano/
Los Tiempos,2026-10-02,16:29,Concejo de Cochabamba declara el 4 de octubre Día Municipal de Protección y Bienestar de los Animales,https://www.lostiempos.com/actualidad/cochabamba/20261002/concejo-cochabamba-declara-4-octubre-dia-municipal-proteccion
Unitel,2026-10-02,16:29,¿Cuál será el precio del pasaje? Alcaldía cruceña presenta el estudio de costos de los micros,https://unitel.bo/noticias/sociedad/cual-sera-el-precio-del-pasaje-alcaldia-crucena-presenta-el-estudio-de-costos-de-los-micros-OO23879474
Los Tiempos,2026-10-02,16:30,ALP debatirá ley corta para nombrar un fiscal general interino,https://www.lostiempos.com/actualidad/pais/20261002/alp-debatira-ley-corta-nombrar-fiscal-general-interino
Unitel,2026-10-02,16:33,Proyecto de ley define en qué caso se faculta a la ALP a suspender de forma definitiva al fiscal general,https://unitel.bo/noticias/politica/proyecto-de-ley-define-en-que-caso-se-faculta-a-la-alp-a-suspender-de-forma-definitiva-al-fiscal-general-LO23879750
Vision 360,2026-10-02,16:39,México busca prohibir contenido digital que incite a violencia tras ataque en escuela,https://www.vision360.bo/noticias/2026/10/02/70635-mexico-busca-prohibir-contenido-digital-que-incite-a-violencia-tras-ataque-en-escuela
El Deber,2026-10-02,16:46,Recolectan firmas para exigir la reducción del 50% de sueldos y eliminación de rentas vitalicias,https://eldeber.com.bo/pais/recolectan-firmas-exigir-reduccion-50-sueldos-eliminacion-rentas-vitalicias_1790973995
El Deber,2026-10-02,16:47,Dinero vinculado a Mariaca llega a La Paz y la Policía investiga a dos clínicas,https://eldeber.com.bo/la-paz/dinero-vinculado-mariaca-llega-paz-policia-investiga-dos-clinicas_1790973533
La Razon,2026-10-02,16:47,Embajada de la India conmemoró el natalicio de Gandhi y el Día de la No Violencia,https://larazon.bo/ciudades/2026/10/02/embajada-de-la-india-conmemoro-el-natalicio-de-gandhi-y-el-dia-de-la-no-violencia/
Unitel,2026-10-02,16:47,¿Cuánto dinero tenía en su poder Roger Mariaca al momento de su aprehensión?,https://unitel.bo/noticias/seguridad/cuanto-dinero-tenia-en-su-poder-roger-mariaca-al-momento-de-su-aprehension-GO23879971
La Razon,2026-10-02,16:51,Petróleo baja ligeramente con anuncio de liberación de reservas,https://larazon.bo/mundo/2026/10/02/petroleo-baja-ligeramente-con-anuncio-de-liberacion-de-reservas/
Red Uno,2026-10-02,16:51,“Tarifa transitoria de Bs 4”: Transporte urbano ratifica paro de 48 horas para lunes y martes en Santa Cruz,https://www.reduno.com.bo/noticias/tarifa-transitoria-de-bs-4-transporte-urbano-ratifica-paro-de-48-horas-para-lunes-y-martes-en-santa-cruz-202610216240
Unitel,2026-10-02,16:51,Comisión del Senado aprueba proyecto que modifica la Ley del Ministerio Público y será remitido al pleno,https://unitel.bo/noticias/politica/comision-del-senado-aprueba-proyecto-que-modifica-la-ley-del-ministerio-publico-y-sera-remitido-al-pleno-HB23880117
El Deber,2026-10-02,16:54,Aseguran que ya hay recursos para mejorar el tramo Santa Cruz de la Sierra - Samaipata,https://eldeber.com.bo/santa-cruz/aseguran-hay-recursos-mejorar-tramo-santa-cruz-sierra-samaipata_1790974044
El Deber,2026-10-02,16:59,"Enfermera: ""El doctor Víctor Paz amaba a Tarija y quería mucho a su gente""",https://eldeber.com.bo/pais/enfermera-doctor-victor-paz-amaba-tarija-queria-mucho-gente_1790974761
El Deber,2026-10-02,16:59,La Policía busca a tres sujetos por el secuestro de una mujer,https://eldeber.com.bo/santa-cruz/policia-busca-tres-sujetos-secuestro-mujer_1790974437
El Deber,2026-10-02,17:03,Vagoneta cargó 215 litros en tanque para 96; Gobierno alerta desvíos de gasolina,https://eldeber.com.bo/economia/vagoneta-cargo-215-litros-tanque-96-gobierno-alerta-desvios-gasolina_1790973600
Vision 360,2026-10-02,17:04,"Senadora revela que normativa chilena dispone incineración de cargas con cantidades menores al 0,5% de sustancias controladas",https://www.vision360.bo/noticias/2026/10/02/70632-senadora-revela-que-normativa-chilena-dispone-incineracion-de-cargas-con-cantidades-menores-al-0_5por_ciento-de-sustancias-controladas
Diez,2026-10-02,17:05,De Bruyne brilla con un doblete en la victoria de Bélgica ante Turquía,https://diez.bo/futbol/de-bruyne-brilla-con-un-doblete-en-la-victoria-de-belgica-ante-turquia_1790975132
La Razon,2026-10-02,17:05,Las protestas estudiantiles se propagan en Francia,https://larazon.bo/mundo/2026/10/02/las-protestas-estudiantiles-se-propagan-en-francia/
La Razon,2026-10-02,17:05,Senado envía a comisión proyecto para modificar la Ley del Ministerio Público,https://larazon.bo/nacional/2026/10/02/senado-envia-a-comision-proyecto-para-modificar-la-ley-del-ministerio-publico/
Red Uno,2026-10-02,17:08,Imputan formalmente a Roger Mariaca y tres allegados por tráfico de drogas y organización criminal,https://www.reduno.com.bo/noticias/imputan-formalmente-a-roger-mariaca-y-tres-allegados-por-trafico-de-drogas-y-organizacion-criminal-20261021643
El Deber,2026-10-02,17:10,Transporte público insiste en el incremento del pasaje; la Alcaldía cuestiona y tiene otro estudio de costos,https://eldeber.com.bo/santa-cruz/estudio-costo-alcaldia-pasaje-debe-pasar-bs-3-bs-3-50_1790975356
Unitel,2026-10-02,17:14,Senado aprueba proyecto de ley para suspender definitivamente al fiscal general y lo remite a Diputados,https://unitel.bo/noticias/politica/senado-aprueba-proyecto-de-ley-para-suspender-definitivamente-al-fiscal-general-y-lo-remite-a-diputados-DB23880740
Diez,2026-10-02,17:15,Italia frena a Francia y arruina la fiesta de Zidane,https://diez.bo/futbol/italia-frena-a-francia-y-arruina-la-fiesta-de-zidane_1790975740
El Deber,2026-10-02,17:16,El Congreso de EEUU menos productivo en más de medio siglo cierra antes de legislativas,https://eldeber.com.bo/mundo/congreso-ee-uu-menos-productivo-medio-siglo-cierra-antes-legislativas_1790975616
Los Tiempos,2026-10-02,17:16,Policía busca a veterinaria secuestrada en Montero,https://www.lostiempos.com/actualidad/seguridad/20261002/policia-busca-veterinaria-secuestrada-montero
Red Uno,2026-10-02,17:16,Comisión del Senado inicia sesión para analizar cambios a la Ley del Ministerio Público,https://www.reduno.com.bo/noticias/comision-del-senado-inicia-sesion-para-analizar-cambios-a-la-ley-del-ministerio-publico-202610217110
El Deber,2026-10-02,17:21,El glaciar argentino Perito Moreno registra un retroceso récord: mil metros en cien días,https://eldeber.com.bo/mundo/glaciar-argentino-perito-moreno-registra-retroceso-record-mil-metros-cien-dias_1790976085
Unitel,2026-10-02,17:25,Caso Mariaca: Dictan libertad irrestricta para tres choferes de la Fiscalía,https://unitel.bo/noticias/seguridad/caso-mariaca-dictan-libertad-irrestricta-para-tres-choferes-de-la-fiscalia-EB23881041
El Deber,2026-10-02,17:27,Juez pide a Gobierno de Trump argumentos para restringir visas a estudiantes y periodistas,https://eldeber.com.bo/mundo/juez-pide-gobierno-trump-argumentos-restringir-visas-estudiantes-periodistas_1790976449
La Razon,2026-10-02,17:31,El Gobierno inspecciona Yalaca tras denuncias de actividad minera en Senda Verde,https://larazon.bo/ciudades/2026/10/02/el-gobierno-inspecciona-yalaca-tras-denuncias-de-actividad-minera-en-senda-verde/
Los Tiempos,2026-10-02,17:33,Liberarán 100 millones de barriles de diésel para abaratarlo,https://www.lostiempos.com/actualidad/mundo/20261002/liberaran-100-millones-barriles-diesel-abaratarlo
La Razon,2026-10-02,17:35,Ormachea rechaza que el Ejecutivo designe al Fiscal General por decreto,https://larazon.bo/nacional/2026/10/02/ormachea-rechaza-que-el-ejecutivo-designe-al-fiscal-general-por-decreto/
ANF,2026-10-02,17:36,Tribunal de Santa Cruz también rechaza acción de libertad planteada por la defensa del fiscal Mariaca,https://www.noticiasfides.com/justicia/tribunal-de-santa-cruz-tambien-rechaza-accion-de-libertad-planteada-por-la-defensa-del-fiscal-mariaca
La Razon,2026-10-02,17:36,Paraguay construye megacentro de procesamiento de datos de $us 12.000 MM,https://larazon.bo/economia-y-empresa/2026/10/02/paraguay-construye-megacentro-de-procesamiento-de-datos-de-us-12-000-mm/
Unitel,2026-10-02,17:38,Una vagoneta tipo taxi terminó debajo de dos trailers en accidente en la vía Santa Cruz - Cochabamba,https://unitel.bo/noticias/politica/una-vagoneta-tipo-taxi-termino-debajo-de-dos-trailers-en-accidente-en-la-via-santa-cruz-cochabamba-PB23881934
Unitel,2026-10-02,17:41,Un hombre muere linchado y otros dos sobreviven a brutal golpiza por intento de robo de vehículo en Tarata,https://unitel.bo/noticias/seguridad/un-hombre-muere-linchado-y-otros-dos-sobreviven-a-brutal-golpiza-por-intento-de-robo-de-vehiculo-en-tarata-HB23882041
Vision 360,2026-10-02,17:41,Gobernación inspecciona el río Beni ante denuncia de posible contaminación por mercurio,https://www.vision360.bo/noticias/2026/10/02/70638-gobernacion-inspecciona-el-rio-beni-ante-denuncia-de-posible-contaminacion-por-mercurio
El Deber,2026-10-02,17:42,Justicia otorga libertad irrestricta a choferes de la Fiscalía,https://eldeber.com.bo/santa-cruz/justicia-otorga-libertad-irrestricta-choferes-fiscalia_1790977189
La Razon,2026-10-02,17:43,Gobierno plantea una agenda de sostenibilidad e innovación para la minería,https://larazon.bo/economia-y-empresa/2026/10/02/gobierno-plantea-una-agenda-de-sostenibilidad-e-innovacion-para-la-mineria/
El Diario,2026-10-02,17:50,Brasil investiga posible injerencia; G7 libera petróleo; EE.UU. refuerza tropas en Oriente Medio,https://www.eldiario.net/portal/2026/10/02/brasil-investiga-posible-injerencia-g7-libera-petroleo-ee-uu-refuerza-tropas-en-oriente-medio-1750/
La Razon,2026-10-02,17:52,Santa Cruz acelera proyectos para convertir a Viru Viru en un HUB internacional,https://larazon.bo/economia-y-empresa/2026/10/02/santa-cruz-acelera-proyectos-para-convertir-a-viru-viru-en-un-hub-internacional/
Diez,2026-10-02,17:53,San Antonio pierde ante ABB y queda pendiente de otros resultados,https://diez.bo/futbol/san-antonio-pierde-ante-abb-y-queda-pendiente-de-otros-resultados_1790978024
La Razon,2026-10-02,17:53,Senado aprueba en grande proyecto para modificar la Ley del Ministerio Público,https://larazon.bo/nacional/2026/10/02/senado-aprueba-en-grande-proyecto-para-modificar-la-ley-del-ministerio-publico/
Unitel,2026-10-02,17:53,Diputados aprueban dispensación de trámite y comienzan a tratar proyecto de ley para suspender al fiscal general,https://unitel.bo/noticias/politica/diputados-aprueban-dispensacion-de-tramite-y-comienzan-a-tratar-proyecto-de-ley-para-suspender-al-fiscal-general-NB23881628
Red Uno,2026-10-02,17:54,Intervención a ANH y YPFB: Gobierno frena desvío de 14 millones de litros de combustible y aprehende a 31 personas,https://www.reduno.com.bo/noticias/intervencion-a-anh-y-ypfb-gobierno-frena-desvio-de-14-millones-de-litros-de-combustible-y-aprehende-a-31-personas-2026102154114
El Deber,2026-10-02,17:56,Senado aprueba proyecto de ley para elección de fiscal general interino,https://eldeber.com.bo/pais/senado-inicia-tratamiento-proyecto-consensuado-elegir-fiscal-interino_1790978109
La Razon,2026-10-02,17:58,Puerto de Arica y Puerto Seco de Oruro sellan alianza logística,https://larazon.bo/economia-y-empresa/2026/10/02/puerto-de-arica-y-puerto-seco-de-oruro-sellan-alianza-logistica/
La Razon,2026-10-02,17:58,Senado da luz verde a cambios en la Ley del Ministerio Público,https://larazon.bo/nacional/2026/10/02/senado-da-luz-verde-a-cambios-en-la-ley-del-ministerio-publico/
Red Uno,2026-10-02,17:58,Senado aprueba la modificación de la ley del Ministerio Público y abre la vía para suspender a Mariaca,https://www.reduno.com.bo/noticias/senado-aprueba-la-modificacion-de-la-ley-del-ministerio-publico-y-abre-la-via-para-suspender-a-mariaca-202610217560
La Razon,2026-10-02,17:59,Realizan encuesta entomológica para medir presencia del dengue en La Guardia,https://larazon.bo/ciudades/2026/10/02/realizan-encuesta-entomologica-para-medir-presencia-del-dengue-en-la-guardia/
El Deber,2026-10-02,18:00,CBDI propicia diálogo entre la nueva representante del Grupo Banco Mundial en Bolivia y mujeres líderes políticas de Santa Cruz,https://eldeber.com.bo/te-puede-interesar/cbdi-propicia-dialogo-nueva-representante-grupo-banco-mundial-bolivia-mujeres-lideres-politicas-santa-cruz_1790977732
La Razon,2026-10-02,18:00,Santa Cruz: Gobernador destaca resultados de la gestión ambiental del departamento,https://larazon.bo/ciudades/2026/10/02/santa-cruz-gobernador-destaca-resultados-de-la-gestion-ambiental-del-departamento/
La Razon,2026-10-02,18:03,Embajada de India impulsa un desafió para emprendedores bolivianos,https://larazon.bo/sociedad/2026/10/02/embajada-de-india-impulsa-un-desafio-para-emprendedores-bolivianos/
Opinion,2026-10-02,18:04,"Intervención ANH: Bloquean 6.700 placas, incautan 17 millones de litros combustible y aprehenden a 31 personas",https://www.opinion.com.bo/pais/intervencion-anh-bloquean-6700-placas-incautan-17-millones-litros-combustible-aprehenden-31-personas/20261002180408997037.html
Vision 360,2026-10-02,18:04,Senado aprueba proyecto que modifica la Ley del Ministerio Público y establece suspensión del fiscal general,https://www.vision360.bo/noticias/2026/10/02/70644-senado-aprueba-proyecto-que-modifica-la-ley-del-ministerio-publico-y-establece-suspension-del-fiscal-general
El Deber,2026-10-02,18:05,Sepa qué acordaron los alcaldes de los Valles cruceños y cochabambinos en Vallegrande,https://eldeber.com.bo/santa-cruz/sepa-acordaron-alcaldes-valles-crucenos-cochabambinos-vallegrande_1790977168
El Diario,2026-10-02,18:05,Científicos buscan respuestas a muerte de crías de ballena,https://www.eldiario.net/portal/2026/10/02/cientificos-buscan-respuestas-a-muerte-de-crias-de-ballena/
El Diario,2026-10-02,18:08,Oruro confirma caso importado de lepra,https://www.eldiario.net/portal/2026/10/02/oruro-confirma-caso-importado-de-lepra/
La Razon,2026-10-02,18:08,Cochabamba y Santa Cruz pactan rutas libres para el traslado de alimentos,https://larazon.bo/economia-y-empresa/2026/10/02/cochabamba-y-santa-cruz-pactan-rutas-libres-para-el-traslado-de-alimentos/
El Diario,2026-10-02,18:10,"Ministerio Público pide seis meses de prisión para Mariaca, Zeballos e Irusta",https://www.eldiario.net/portal/2026/10/02/ministerio-publico-pide-seis-meses-de-prision-para-mariaca-zeballos-e-irusta/
Red Uno,2026-10-02,18:10,Justicia dispone libertad irrestricta para nueve funcionarios del Ministerio Público,https://www.reduno.com.bo/noticias/justicia-dispone-libertad-irrestricta-para-nueve-funcionarios-del-ministerio-publico-2026102175631
El Diario,2026-10-02,18:12,Amplían plazo para pagar impuestos municipales 2025,https://www.eldiario.net/portal/2026/10/02/amplian-plazo-para-pagar-impuestos-municipales-2025/
El Diario,2026-10-02,18:14,CPE del MAS creó un monstruo en la figura del fiscal general,https://www.eldiario.net/portal/2026/10/02/cpe-del-mas-creo-un-monstruo-en-la-figura-del-fiscal-general/
La Razon,2026-10-02,18:15,Cochabamba fija el 4 de octubre Día de Protección de los Animales,https://larazon.bo/sociedad/2026/10/02/cochabamba-fija-el-4-de-octubre-dia-de-proteccion-de-los-animales/
ANF,2026-10-02,18:16,"Senado aprueba proyecto de ley que busca destituir al fiscal general y designar a un interino, y lo remite a Diputados",https://www.noticiasfides.com/nacional/politica/senado-aprueba-proyecto-de-ley-que-busca-destituir-al-fiscal-general-y-designar-a-un-interino-y-lo-remite-a-diputados
Red Uno,2026-10-02,18:17,Pasaje de micros: transportistas y Concejo Municipal se reúnen en mesas de trabajo,https://www.reduno.com.bo/noticias/pasaje-de-micros-transportistas-y-concejo-municipal-se-reunen-en-mesas-de-trabajo-2026102164543
Vision 360,2026-10-02,18:18,Trump elogia a Europa por la liberación de diésel y descarta prohibir su exportación,https://www.vision360.bo/noticias/2026/10/02/70647-trump-elogia-a-europa-por-la-liberacion-de-diesel-y-descarta-prohibir-su-exportacion
Red Uno,2026-10-02,18:19,El dólar paralelo cierra este viernes 2 de octubre con variaciones a la baja,https://www.reduno.com.bo/noticias/el-dolar-paralelo-cierra-este-viernes-2-de-octubre-con-variaciones-a-la-baja-2026102181329
La Razon,2026-10-02,18:21,Mariaca y otros tres imputados afrontan esta madrugada su audiencia cautelar,https://larazon.bo/nacional/2026/10/02/mariaca-y-otros-tres-imputados-afrontan-esta-madrugada-su-audiencia-cautelar/
Unitel,2026-10-02,18:21,"Postergan audiencia de Mariaca, Zeballos, Irusta y Aparicio para este sábado a las cinco de la mañana",https://unitel.bo/noticias/seguridad/postergan-audiencia-de-mariaca-zeballos-irusta-y-aparicio-para-este-sabado-a-las-cinco-de-la-manana-EB23882262
La Razon,2026-10-02,18:23,Minería apunta a ampliar participación de mujeres profesionales en el área,https://larazon.bo/economia-y-empresa/2026/10/02/mineria-apunta-a-ampliar-participacion-de-mujeres-profesionales-en-el-area/
El Diario,2026-10-02,18:26,"Combustible, precios, justicia y clima marcan la semana",https://www.eldiario.net/portal/2026/10/02/combustible-precios-justicia-y-clima-marcan-la-semana-1825/
La Razon,2026-10-02,18:26,La Aduana destruye más de 42 toneladas de prendería usada,https://larazon.bo/ciudades/2026/10/02/la-aduana-destruye-mas-de-42-toneladas-de-prenderia-usada/
El Diario,2026-10-02,18:27,"La pobreza en Argentina sube al 32,3% y alcanza a uno de cada tres habitantes",https://www.eldiario.net/portal/2026/10/02/la-pobreza-en-argentina-sube-al-323-y-alcanza-a-uno-de-cada-tres-habitantes-1825/
Red Uno,2026-10-02,18:27,Redes de contrabando usan vehículos a GNV para acaparar gasolina tras el fin del subsidio al diésel,https://www.reduno.com.bo/noticias/redes-de-contrabando-usan-vehiculos-a-gnv-para-acaparar-gasolina-tras-el-fin-del-subsidio-al-diesel-202610215500
La Razon,2026-10-02,18:28,Pumari atribuye la crisis de la justicia a su vínculo con la política,https://larazon.bo/nacional/2026/10/02/pumari-atribuye-la-crisis-de-la-justicia-a-su-vinculo-con-la-politica/
Unitel,2026-10-02,18:29,FMI da luz verde a acuerdo con Bolivia y aprueba primer desembolso de $us 214 millones,https://unitel.bo/noticias/economia/fmi-da-luz-verde-a-acuerdo-con-bolivia-y-aprueba-primer-desembolso-de-us-214-millones-BB23882524
Diez,2026-10-02,18:32,Se definieron los cruces de los equipos cruceños en la Copa Simón Bolívar,https://diez.bo/futbol/se-definieron-los-cruces-de-los-equipos-crucenos-en-la-copa-simon-bolivar_1790980338
La Razon,2026-10-02,18:32,Oruro confirma primer caso importado de lepra,https://larazon.bo/ciudades/2026/10/02/oruro-confirma-primer-caso-importado-de-lepra/
La Razon,2026-10-02,18:33,Diputados inicia sesión para tratar reforma a la Ley 260 tras aprobación del Senado,https://larazon.bo/nacional/2026/10/02/diputados-inicia-sesion-para-tratar-reforma-a-la-ley-260-tras-aprobacion-del-senado/
El Diario,2026-10-02,18:34,Arco marino de 550 años se derrumba en Hawái,https://www.eldiario.net/portal/2026/10/02/arco-marino-de-550-anos-se-derrumba-en-hawai-1835/
La Razon,2026-10-02,18:34,Blanco: ‘No vamos a largar un gasolinazo sin un análisis previo’,https://larazon.bo/economia-y-empresa/2026/10/02/blanco-no-vamos-a-largar-un-gasolinazo-sin-un-analisis-previo/
El Deber,2026-10-02,18:35,Cámara de Diputados aprobó el tratamiento de la ley para la destitución del fiscal general,https://eldeber.com.bo/santa-cruz/camara-diputados-inicia-tratamiento-ley-destitucion-fiscal-general_1790979965
Vision 360,2026-10-02,18:35,Alcaldía de La Paz firma acuerdos para ofrecer 1.024 becas de inglés a estudiantes y jóvenes,https://www.vision360.bo/noticias/2026/10/02/70650-alcaldia-de-la-paz-firma-acuerdos-para-ofrecer-1024-becas-de-ingles-a-estudiantes-y-jovenes
El Deber,2026-10-02,18:36,"Música de Abajo, el 'rockumental' sobre la banda Scoria llega al Fenavid 2026",https://eldeber.com.bo/cultura-y-entretenimiento/musica-abajo-rockumental-banda-scoria-llega-fenavid-2026_1790980401
La Razon,2026-10-02,18:37,"Estudio realizado por la Alcaldía de Santa Cruz plantea un pasaje de Bs 3,50",https://larazon.bo/ciudades/2026/10/02/estudio-realizado-por-la-alcaldia-de-santa-cruz-plantea-un-pasaje-de-bs-350/
El Diario,2026-10-02,18:38,OEA exige a Nicaragua liberar presos políticos y garantizar elecciones libres,https://www.eldiario.net/portal/2026/10/02/oea-exige-a-nicaragua-liberar-presos-politicos-y-garantizar-elecciones-libres-1840/
La Razon,2026-10-02,18:39,En Beni continúa la disminución del nivel de los ríos,https://larazon.bo/ciudades/2026/10/02/en-beni-continua-la-disminucion-del-nivel-de-los-rios/
La Razon,2026-10-02,18:39,FMI aprueba acuerdo con Bolivia y habilita desembolso inmediato de $us 214 MM,https://larazon.bo/economia-y-empresa/2026/10/02/fmi-aprueba-acuerdo-con-bolivia-y-habilita-desembolso-inmediato-de-us-214-mm/
El Diario,2026-10-02,18:40,Riada deja un centenar de incidencias por inundaciones en Madrigueras (Albacete),https://www.eldiario.net/portal/2026/10/02/riada-deja-un-centenar-de-incidencias-por-inundaciones-en-madrigueras-albacete-1839/
ANF,2026-10-02,18:47,FMI habilita primer “desembolso inmediato” de $us 214 millones del préstamo de $us 1.900 millones,https://www.noticiasfides.com/economia/fmi-habilita-primer-desembolso-inmediato-de-us-214-millones-del-prestamo-de-us-1-900-millones
Vision 360,2026-10-02,18:48,"Perú y Chile, probables rivales de la Selección nacional para la fecha FIFA de noviembre",https://www.vision360.bo/noticias/2026/10/02/70656-peru-y-chile-probables-rivales-de-la-seleccion-nacional-para-la-fecha-fifa-de-noviembre
Vision 360,2026-10-02,18:49,Senado aprueba proyecto que viabiliza la suplencia del fiscal general cuando esté aprehendido e imputado por delitos graves,https://www.vision360.bo/noticias/2026/10/02/70653-senado-aprueba-proyecto-que-viabiliza-la-suplencia-del-fiscal-general-cuando-este-aprehendido-e-imputado-por-delitos-graves
El Deber,2026-10-02,18:53,"Video de Marset, datos de la UIF y celulares sostienen la imputación contra Mariaca",https://eldeber.com.bo/pais/video-marset-datos-uif-celulares-sostienen-imputacion-mariaca_1790980712
El Deber,2026-10-02,19:00,Capturan a ocho peruanos que ingresaron al país para cometer robos en domicilios,https://eldeber.com.bo/santa-cruz/capturan-ocho-peruanos-ingresaron-pais-cometer-robos-domicilios_1790979009
Vision 360,2026-10-02,19:00,FMI aprueba crédito de $us 1.900 millones para Bolivia y habilita primer desembolso de $us 214 millones,https://www.vision360.bo/noticias/2026/10/02/70659-fmi-aprueba-credito-de-us-1900-millones-para-bolivia-y-habilita-primer-desembolso-de-us-214-millones
ERBOL,2026-10-02,19:06,Messi ya se encuentra en Argentina para su despedida,https://erbol.com.bo/deporte/messi-ya-se-encuentra-en-argentina-para-su-despedida
El Deber,2026-10-02,19:07,Sepa cómo estará el clima este fin de semana en Santa Cruz,https://eldeber.com.bo/santa-cruz/sepa-estara-clima-este-fin-semana-santa-cruz_1790981230
ERBOL,2026-10-02,19:08,Se sortearon los cruces de octavos de final de la Copa Simón Bolívar,https://erbol.com.bo/deporte/se-sortearon-los-cruces-de-octavos-de-final-de-la-copa-sim%C3%B3n-bol%C3%ADvar
El Deber,2026-10-02,19:11,Policía de Chuquisaca niega aprehensión del edecán de Mariaca,https://eldeber.com.bo/pais/policia-chuquisaca-niega-aprehension-edecan-mariaca_1790981367
Unitel,2026-10-02,19:11,"Santa Cruz: Comisión aprueba informe técnico que fija la tarifa de Bs 3,50 para mayores y pasa a sesión del Concejo",https://unitel.bo/noticias/sociedad/santa-cruz-comision-aprueba-informe-tecnico-que-fija-la-tarifa-de-bs-350-para-mayores-y-pasa-a-sesion-del-concejo-KB23882910
ERBOL,2026-10-02,19:14,Bolívar venció a GV San José 3 a 2 y está clasificado,https://erbol.com.bo/deporte/bol%C3%ADvar-venci%C3%B3-gv-san-jos%C3%A9-3-2-y-est%C3%A1-clasificado
Red Uno,2026-10-02,19:16,"Alcaldía cruceña presentó estudio técnico que propone Bs. 3,50 para pasaje de transporte urbano",https://www.reduno.com.bo/noticias/alcaldia-crucena-presento-estudio-tecnico-que-propone-bs-3-50-para-pasaje-de-transporte-urbano-2026102183329
La Razon,2026-10-02,19:17,Diputados aprueba dispensación para tratar modificación a Ley del Ministerio Público,https://larazon.bo/nacional/2026/10/02/diputados-aprueba-dispensacion-para-tratar-modificacion-a-ley-del-ministerio-publico/
El Deber,2026-10-02,19:18,Reportan 53 focos de calor en el oriente boliviano,https://eldeber.com.bo/pais/reportan-53-focos-calor-oriente-boliviano_1790979992
Red Uno,2026-10-02,19:20,Diputados inicia tratamiento de ley que permitirá suspender al Fiscal General,https://www.reduno.com.bo/noticias/diputados-inicia-tratamiento-de-ley-que-permitira-suspender-al-fiscal-general-2026102191846
Unitel,2026-10-02,19:22,Diputados sancionan proyecto de ley para suspender al fiscal general y lo remiten al Ejecutivo para su promulgación,https://unitel.bo/noticias/politica/diputados-sancionan-proyecto-de-ley-para-suspender-al-fiscal-general-y-lo-remiten-al-ejecutivo-para-su-promulgacion-DB23883231
Unitel,2026-10-02,19:34,Diputados de Alianza Popular señalan observaciones al proyecto de ley para suspender al fiscal general,https://unitel.bo/noticias/politica/diputados-de-alianza-popular-senalan-observaciones-al-proyecto-de-ley-para-suspender-al-fiscal-general-EB23883986
Red Uno,2026-10-02,19:39,Transporte federado de Cochabamba prevé para este lunes el inicio de la conversión de diésel a GNV,https://www.reduno.com.bo/noticias/transporte-federado-de-cochabamba-preve-para-este-lunes-el-inicio-de-la-conversion-de-diesel-a-gnv-2026102162218
Diez,2026-10-02,19:40,"El Tahuichi recibirá una inversión de Bs 51,1 millones para la Sudamericana 2027",https://diez.bo/futbol/el-tahuichi-recibira-una-inversion-de-bs-51-1-millones-para-la-sudamericana-2027_1790984421
El Deber,2026-10-02,19:47,Asambleístas reconocen y protegen la identidad cultural chiquitana,https://eldeber.com.bo/santa-cruz/asambleistas-reconocen-protegen-identidad-cultural-chiquitana_1790984666
Red Uno,2026-10-02,19:51,"""Fueron estafados"": Ofrecían falsas visas y trabajos en el primer mundo a jóvenes del Valle Alto y Bajo",https://www.reduno.com.bo/noticias/fueron-estafados-ofrecian-falsas-visas-y-trabajos-en-el-primer-mundo-a-jovenes-del-valle-alto-y-bajo-202610217242
Unitel,2026-10-02,19:57,Buscan en el Norte Integrado y en Santa Cruz de la Sierra a tres implicados en un secuestro,https://unitel.bo/noticias/seguridad/buscan-en-el-norte-integrado-y-en-santa-cruz-de-la-sierra-a-tres-implicados-en-un-secuestro-KB23883900
Red Uno,2026-10-02,20:00,"""Se hacía pasar por mototaxista"": Atrapan a sospechoso tras asaltar a una estudiante en Cotoca",https://www.reduno.com.bo/noticias/se-hacia-pasar-por-mototaxista-atrapan-a-sospechoso-tras-asaltar-a-una-estudiante-en-cotoca-2026102172953
ANF,2026-10-02,20:02,Detienen a 31 personas y bloquean 6.700 vehículos por carga irregular de combustibles en un mes de intervención a ANH,https://www.noticiasfides.com/economia/detienen-a-31-personas-y-bloquean-6-700-vehiculos-por-carga-irregular-de-combustibles-en-un-mes-de-intervencion-a-anh
El Deber,2026-10-02,20:03,Chile reafirma apoyo a Paz y afina agenda con Bolivia antes de la visita de Kast,https://eldeber.com.bo/pais/chile-reafirma-apoyo-paz-afina-agenda-bolivia-antes-visita-kast_1790985241
Red Uno,2026-10-02,20:06,Sondeo en Santa Cruz: Ciudadanos expresan indignación y piden cambios en la justicia,https://www.reduno.com.bo/noticias/sondeo-en-santa-cruz-ciudadanos-expresan-indignacion-y-piden-cambios-en-la-justicia-202610217540
Red Uno,2026-10-02,20:15,Avanza la limpieza de canales en Santa Cruz: Intervienen 45.000 metros lineales para prevenir inundaciones,https://www.reduno.com.bo/noticias/avanza-la-limpieza-de-canales-en-santa-cruz-intervienen-45-000-metros-lineales-para-prevenir-inundaciones-2026102184046
ANF,2026-10-02,20:16,Ministerio Público programa audiencia cautelar de Mariaca para las 5:00 de la madrugada del sábado,https://www.noticiasfides.com/nacional/seguridad/ministerio-publico-programa-audiencia-cautelar-de-mariaca-para-las-5-00-de-la-madrugada-del-sabado
Red Uno,2026-10-02,20:17,Abogado de Zeballos confirma audiencia a las 05:00 y anuncia que pedirá su libertad,https://www.reduno.com.bo/noticias/abogado-de-zeballos-confirma-audiencia-a-las-05-00-y-anuncia-que-pedira-su-libertad-2026102201334
Vision 360,2026-10-02,20:18,Diputados aprueba en grande proyecto de ley que modifica las causales para la suplencia del fiscal general,https://www.vision360.bo/noticias/2026/10/02/70665-diputados-aprueba-en-grande-proyecto-de-ley-que-modifica-las-causales-para-la-suplencia-del-fiscal-general
Red Uno,2026-10-02,20:28,Diputados sancionan ley para destituir a Mariaca y elegir Fiscal General Interino,https://www.reduno.com.bo/noticias/diputados-sancionan-ley-para-destituir-a-mariaca-y-elegir-fiscal-general-interino-2026102195530
La Razon,2026-10-02,20:29,Diputados sanciona ley que modifica el mecanismo de sucesión del Fiscal General,https://larazon.bo/nacional/2026/10/02/diputados-sanciona-ley-que-modifica-el-mecanismo-de-sucesion-del-fiscal-general/
Vision 360,2026-10-02,20:33,Diputados sanciona proyecto de ley para suspender al fiscal general y lo remite para su promulgación,https://www.vision360.bo/noticias/2026/10/02/70668-diputados-sanciona-proyecto-de-ley-para-suspender-al-fiscal-general-y-lo-remite-para-su-promulgacion
Unitel,2026-10-02,20:36,¿Habrá paro de trasporte este lunes y martes en Santa Cruz? Esto responde el sector de micros,https://unitel.bo/noticias/sociedad/habra-paro-de-trasporte-este-lunes-y-martes-en-santa-cruz-esto-responde-el-sector-de-micros-GB23884453
Red Uno,2026-10-02,20:38,"Caso ""Pavimento Fantasma"": Municipio exige recuperar recursos",https://www.reduno.com.bo/noticias/caso-pavimento-fantasma-municipio-exige-recuperar-recursos-202610218571
El Deber,2026-10-02,20:44,El FMI libera un primer desembolso de $us 214 millones del paquete de $us 1.900 millones para Bolivia,https://eldeber.com.bo/economia/fmi-libera-primer-desembolso-us-214-millones-paquete-us-1-900-millones-bolivia_1790988034
Diez,2026-10-02,20:45,Perú y Chile aparecen como posibles rivales de Bolivia en noviembre,https://diez.bo/futbol/peru-y-chile-aparecen-como-posibles-rivales-de-bolivia-en-noviembre_1790988348
Unitel,2026-10-02,20:45,Rodrigo Paz promulga ley para suspender al fiscal general y designar un interino,https://unitel.bo/noticias/politica/rodrigo-paz-promulga-ley-para-suspender-al-fiscal-general-y-designar-un-interino-NB23884382
Opinion,2026-10-02,20:49,"Tras sismo registrado en Palca, Alcaldía de Sacaba continúa con capacitaciones y alista simulacro",https://www.opinion.com.bo/cochabamba/sismo-registrado-palca-alcaldia-sacaba-continua-capacitaciones-alista-simulacro/20261002204912997039.html
Red Uno,2026-10-02,20:55,"Comisión aprueba informe técnico con tarifa de Bs 3,50 y lo remite al plenario municipal",https://www.reduno.com.bo/noticias/comision-aprueba-informe-tecnico-con-tarifa-de-bs-3-50-y-lo-remite-al-plenario-municipal-202610220410
ANF,2026-10-02,20:58,Diputados sanciona proyecto de ley para destituir al fiscal general y lo remiten al Ejecutivo,https://www.noticiasfides.com/nacional/politica/diputados-sanciona-proyecto-de-ley-para-destituir-al-fiscal-general-y-lo-remiten-al-ejecutivo
Unitel,2026-10-02,20:59,"Santa Cruz: Concejo aprueba tarifa de Bs 3,50 para mayores y remite norma al Ejecutivo Municipal",https://unitel.bo/noticias/sociedad/santa-cruz-concejo-aprueba-tarifa-de-bs-350-para-mayores-y-remite-norma-al-ejecutivo-municipal-EB23884808
Vision 360,2026-10-02,21:03,Abogado de Zeballos advierte que imputación no tiene fundamento y será desvirtuada en audiencia cautelar,https://www.vision360.bo/noticias/2026/10/02/70662-abogado-de-zeballos-advierte-que-imputacion-no-tiene-fundamento-y-sera-desvirtuada-en-audiencia-cautelar
Red Uno,2026-10-02,21:05,Video registra el preciso momento en que vecinos y víctimas acorralan a un presunto asaltante,https://www.reduno.com.bo/noticias/video-registra-el-preciso-momento-en-que-vecinos-y-victimas-acorralan-a-un-presunto-asaltante-2026102185935
El Deber,2026-10-02,21:06,Cruceños destacados en robótica son reconocidos por el TCP y se alistan para otra competencia internacional,https://eldeber.com.bo/santa-cruz/crucenos-destacados-robotica-reconocidos-tcp-alistan-otra-competencia-internacional_1790988075
La Razon,2026-10-02,21:06,Alemania busca alianzas con empresas bolivianas para acelerar la transición energética,https://larazon.bo/economia-y-empresa/2026/10/02/alemania-busca-alianzas-con-empresas-bolivianas-para-acelerar-la-transicion-energetica/
Diez,2026-10-02,21:07,San Antonio lleva 20 días de paro por sueldos impagos,https://diez.bo/futbol/san-antonio-lleva-20-dias-de-paro-por-sueldos-impagos_1790989651
La Razon,2026-10-02,21:10,"Paz promulga la Ley 1773, que modifica la Ley del Ministerio Público",https://larazon.bo/nacional/2026/10/02/paz-promulga-la-ley-1773-que-modifica-la-ley-del-ministerio-publico/
El Deber,2026-10-02,21:12,"Descentralizan Fonabosque, ahora está en Santa Cruz y pronto en Pando",https://eldeber.com.bo/pais/descentralizan-fonabosque-ahora-esta-santa-cruz-pronto-pando_1790989790
Los Tiempos,2026-10-02,21:13,Marinkovic: el cambio en la Fiscalía busca sacar a las mafias del poder,https://www.lostiempos.com/actualidad/pais/20261002/marinkovic-cambio-fiscalia-busca-sacar-mafias-del-poder
Los Tiempos,2026-10-02,21:16,Diputados sanciona la ley para suspender al fiscal Mariaca,https://www.lostiempos.com/actualidad/pais/20261002/diputados-sanciona-ley-suspender-al-fiscal-mariaca
Vision 360,2026-10-02,21:16,Presidente Paz promulga ley para suspender al fiscal general y elegir a un interino,https://www.vision360.bo/noticias/2026/10/02/70671-presidente-paz-promulga-ley-para-suspender-al-fiscal-general-y-elegir-a-un-interino
El Deber,2026-10-02,21:17,El presidente Paz promulga la normativa que permite a la ALP suspender al fiscal General del Estado,https://eldeber.com.bo/pais/presidente-paz-promulga-normativa-permite-alp-suspender-fiscal-general-estado_1790988814
Red Uno,2026-10-02,21:17,Presidente promulga Ley para elegir Fiscal General Interino,https://www.reduno.com.bo/noticias/presidente-promulga-ley-para-elegir-fiscal-general-interino-202610221120
Red Uno,2026-10-02,21:20,Asamblea: ¿Cómo se elegirá al Fiscal General Interino?,https://www.reduno.com.bo/noticias/asamblea-como-se-elegira-al-fiscal-general-interino-202610221749
Unitel,2026-10-02,21:20,Ávila señala que aprobación de ley para suspender al fiscal general “da inicio al proceso de reforma judicial”,https://unitel.bo/noticias/politica/avila-senala-que-aprobacion-de-ley-para-suspender-al-fiscal-general-da-inicio-al-proceso-de-reforma-judicial-CB23884710
Unitel,2026-10-02,21:27,Inicia la votación en la Asamblea Legislativa para la suspensión de Roger Mariaca como fiscal general,https://unitel.bo/noticias/politica/inicia-la-votacion-en-la-asamblea-legislativa-para-la-suspension-de-roger-mariaca-como-fiscal-general-IB23884826
El Deber,2026-10-02,21:32,"Concejales aprueban que nueva tarifa del pasaje urbano sea de Bs 3,50",https://eldeber.com.bo/santa-cruz/concejales-aprueban-nueva-tarifa-pasaje-urbano-bs-3-50_1790991122
Vision 360,2026-10-02,21:39,Las minas de Potosí cobran la vida de 120 trabajadores; las dos nuevas víctimas cayeron al vacío desde 40 y 50 metros,https://www.vision360.bo/noticias/2026/10/02/70641-las-minas-de-potosi-cobran-la-vida-de-120-trabajadores-las-dos-nuevas-victimas-cayeron-al-vacio-desde-40-y-50-metros
El Deber,2026-10-02,21:44,Audiencia de Mariaca y otros detenidos será a las 05:00; Fiscalía pide detención preventiva,https://eldeber.com.bo/pais/audiencia-mariaca-otros-detenidos-sera-05-00-fiscalia-pide-detencion-preventiva_1790991382
Opinion,2026-10-02,21:48,Senado aprueba modificación de la Ley 260 que establece mecanismo para suspender al Fiscal General,https://www.opinion.com.bo/pais/senado-aprueba-modificacion-ley-260-que-establece-mecanismo-suspender-fiscal-general/20261002214841997040.html
Los Tiempos,2026-10-02,21:49,Entregan y bendicen la escultura de la familia en la fuente de La Recoleta,https://www.lostiempos.com/actualidad/cochabamba/20261002/entregan-bendicen-escultura-familia-fuente-recoleta
Opinion,2026-10-02,21:49,Prevén declarar ‘Día Municipal de las Mascotas’ este 4 de octubre; Alcaldía y Concejo impulsan la ley,https://www.opinion.com.bo/cochabamba/preven-declarar-dia-municipal-mascotas-4-octubre-alcaldia-concejo-impulsan-ley/20261002214950997041.html
Opinion,2026-10-02,21:52,Paz promulga ley que permite suspender al fiscal general,https://www.opinion.com.bo/pais/paz-promulga-ley-que-permite-suspender-fiscal-general/20261002215221997042.html
Red Uno,2026-10-02,21:54,"Concejo municipal cruceño aprueba tarifa de pasaje urbano en Bs. 3,50",https://www.reduno.com.bo/noticias/concejo-municipal-cruceno-aprueba-tarifa-de-pasaje-urbano-en-bs-3-50-202610221520
Red Uno,2026-10-02,21:57,Justicia dicta detención preventiva indefinida en El Abra para el acusado del feminicidio de Teodocia Chávez,https://www.reduno.com.bo/noticias/justicia-dicta-detencion-preventiva-indefinida-en-el-abra-para-el-acusado-del-feminicidio-de-teodocia-chavez-2026102214332
ANF,2026-10-02,22:03,Paz promulga ley que abre paso a la destitución del fiscal Mariaca y destaca el apoyo del Escudo de las Américas,https://www.noticiasfides.com/nacional/politica/paz-promulga-ley-que-abre-paso-a-la-destitucion-del-fiscal-mariaca-y-destaca-el-apoyo-del-escudo-de-las-americas
Unitel,2026-10-02,22:08,“Estas son las decisiones que cambian el Estado”: Paz al firmar la ley que permite suspender al fiscal general,https://unitel.bo/noticias/politica/estas-son-las-decisiones-que-cambian-el-estado-paz-al-firmar-la-ley-que-permite-suspender-al-fiscal-general-BB23885004
El Deber,2026-10-02,22:11,¿Qué pasa con la amenaza de la suspensión del servicio de transporte previsto para este lunes?,https://eldeber.com.bo/santa-cruz/pasa-amenaza-suspension-servicio-transporte-previsto-este-lunes_1790993005
Los Tiempos,2026-10-02,22:14,La ALP sesiona para destituir a Mariaca y designar un Fiscal General interino,https://www.lostiempos.com/actualidad/pais/20261002/alp-sesiona-destituir-mariaca-designar-fiscal-general-interino
Diez,2026-10-02,22:15,Aurora se queda con la cima y Real Potosí se jugará la clasificación,https://diez.bo/futbol/aurora-se-queda-con-la-cima-y-real-potosi-se-jugara-la-clasificacion_1790993759
El Deber,2026-10-02,22:18,Caso Mariaca: nueve funcionarios de la Fiscalía liberados después de la audiencia cautelar,https://eldeber.com.bo/santa-cruz/caso-mariaca-nueve-funcionarios-fiscalia-liberados-despues-audiencia-cautelar_1790993120
Los Tiempos,2026-10-02,22:18,"Audiencia cautelar de Mariaca, Zeballos, Irusta y Aparicio será este sábado a las 5:00 de forma virtual",https://www.lostiempos.com/actualidad/pais/20261002/audiencia-cautelar-mariaca-zeballos-irusta-aparicio-sera-este-sabado-500
ERBOL,2026-10-02,22:27,La Verde se queda sin amistoso,https://erbol.com.bo/deporte/la-verde-se-queda-sin-amistoso
ERBOL,2026-10-02,22:33,Oficializan la segunda prueba del Campeonato Municipal de Automóvilsmo,https://erbol.com.bo/deporte/oficializan-la-segunda-prueba-del-campeonato-municipal-de-autom%C3%B3vilsmo
ERBOL,2026-10-02,22:36,Gery Vargas vuelve tras dos meses en la sombra,https://erbol.com.bo/deporte/gery-vargas-vuelve-tras-dos-meses-en-la-sombra
Red Uno,2026-10-02,22:39,"¡A tomar nota! Conoce los días, horarios y tarifas para disfrutar de la Playa Turquesa en Cochabamba",https://www.reduno.com.bo/noticias/a-tomar-nota-conoce-los-dias-horarios-y-tarifas-para-disfrutar-de-la-playa-turquesa-en-cochabamba-202610222369
La Razon,2026-10-02,22:42,Paz advierte al crimen organizado: ‘Esto no ha acabado’,https://larazon.bo/nacional/2026/10/02/paz-advierte-al-crimen-organizado-esto-no-ha-acabado/
Red Uno,2026-10-02,22:47,Padres de familia rechazan cualquier incremento del pasaje: “Ellos no mejoran el servicio”,https://www.reduno.com.bo/noticias/padres-de-familia-rechazan-cualquier-incremento-del-pasaje-ellos-no-mejoran-el-servicio-2026102202352
Diez,2026-10-02,22:49,Paraguay golpea a Colombia y cierra la fecha FIFA con dos victorias,https://diez.bo/futbol/paraguay-golpea-a-colombia-y-cierra-la-fecha-fifa-con-dos-victorias_1790995797
Red Uno,2026-10-02,22:49,Conflicto por la basura en Quillacollo: Se rompe el diálogo entre comunarios y autoridades,https://www.reduno.com.bo/noticias/conflicto-por-la-basura-en-quillacollo-se-rompe-el-dialogo-entre-comunarios-y-autoridades-2026102203540
Red Uno,2026-10-02,22:50,Asamblea reinstala sesión para suspender a Mariaca y elegir Fiscal General Interino,https://www.reduno.com.bo/noticias/asamblea-reinstala-sesion-para-suspender-a-mariaca-y-elegir-fiscal-general-interino-2026102222116
Unitel,2026-10-02,22:51,Transporte urbano cruceño define este sábado en ampliado si acatarán paro el lunes y martes,https://unitel.bo/noticias/sociedad/transporte-urbano-cruceno-define-este-sabado-en-ampliado-si-acataran-paro-el-lunes-y-martes-KB23885690
Red Uno,2026-10-02,22:54,Acaloradas discusiones entre choferes y vecinos marcaron el diálogo por el pasaje en Santa Cruz,https://www.reduno.com.bo/noticias/acaloradas-discusiones-entre-choferes-y-vecinos-marcaron-el-dialogo-por-el-pasaje-en-santa-cruz-2026102203638
La Razon,2026-10-02,22:55,ABB logra un triunfo balsámico en Villa Tunari,https://larazon.bo/marcas/2026/10/02/abb-logra-un-triunfo-balsamico-en-villa-tunari/
Red Uno,2026-10-02,22:56,Secuestradores habrían pedido $us 500 mil por la liberación de Vania Rojo en Montero,https://www.reduno.com.bo/noticias/secuestradores-habrian-pedido-us-500-mil-por-la-liberacion-de-vania-rojo-en-montero-2026102204840
Unitel,2026-10-02,22:56,Asamblea suspende a Mariaca como fiscal general del Estado y abre camino para la designación de un interino,https://unitel.bo/noticias/politica/asamblea-suspende-a-mariaca-como-fiscal-general-del-estado-y-abre-camino-para-la-designacion-de-un-interino-LB23885538
Red Uno,2026-10-02,23:00,"""Es ilegal e inconstitucional"": Justiniano cuestiona reforma a Ley del Ministerio Público",https://www.reduno.com.bo/noticias/es-ilegal-e-inconstitucional-justiniano-cuestiona-reforma-a-ley-del-ministerio-publico-202610221258
Los Tiempos,2026-10-02,23:02,Fracasa el diálogo por el botadero de Cotapachi en Quillacollo,https://www.lostiempos.com/actualidad/cochabamba/20261002/fracasa-dialogo-botadero-cotapachi-quillacollo
Red Uno,2026-10-02,23:04,Policía afirma que secuestro fue perpetrado por tres encapuchados,https://www.reduno.com.bo/noticias/policia-afirma-que-secuestro-fue-perpetrado-por-tres-encapuchados-2026102213148
La Razon,2026-10-02,23:05,Real Potosí cede un empate; Aurora se clasifica,https://larazon.bo/marcas/2026/10/02/real-potosi-cede-un-empate-aurora-se-clasifica/
Red Uno,2026-10-02,23:11,Uno de los presuntos delincuentes golpeados por comunarios en Cruce Kaluyo pierde la vida,https://www.reduno.com.bo/noticias/uno-de-los-presuntos-delincuentes-golpeados-por-comunarios-en-cruce-kaluyo-pierde-la-vida-2026102221549
Red Uno,2026-10-02,23:12,Piden identificar a sujeto que incendió dos palmeras en la zona norte de Cochabamba,https://www.reduno.com.bo/noticias/piden-identificar-a-sujeto-que-incendio-dos-palmeras-en-la-zona-norte-de-cochabamba-2026102222457
Red Uno,2026-10-02,23:29,"Tras acuerdo, vuelven los camiones con gas a los barrios",https://www.reduno.com.bo/noticias/tras-acuerdo-vuelven-los-camiones-con-gas-a-los-barrios-202610223928
El Deber,2026-10-02,23:39,Retienen y golpean a tres sospechosos de robo en Tarata; uno muere,https://eldeber.com.bo/pais/retienen-golpean-tres-sospechosos-robo-tarata-uno-muere_1790998744
Los Tiempos,2026-10-02,23:43,"Linchan a un presunto autero en Kaluyo, en Tarata, y queman el auto de los sospechosos",https://www.lostiempos.com/actualidad/seguridad/20261002/linchan-presunto-autero-kaluyo-tarata-queman-auto-sospechosos
El Deber,2026-10-02,23:47,Concejo Municipal: subida de tarifa con nuevas obligaciones para mejorar el transporte público,https://eldeber.com.bo/santa-cruz/concejo-municipal-subida-tarifa-nuevas-obligaciones-mejorar-transporte-publico_1790999257
La Razon,2026-10-02,23:50,Asamblea suspende de forma definitiva a Roger Mariaca como Fiscal General,https://larazon.bo/nacional/2026/10/02/asamblea-suspende-de-forma-definitiva-a-roger-mariaca-como-fiscal-general/
El Deber,2026-10-02,23:58,"ALP aprueba la ""suspensión definitiva"" del fiscal general del Estado, Róger Mariaca",https://eldeber.com.bo/pais/ald-aprueba-suspension-definitiva-fiscal-general-estado-roger-mariaca_1790998235
Vision 360,2026-10-03,00:00,El costo de la demagogia: el inevitable fin de las estatales de papel,https://www.vision360.bo/noticias/2026/10/03/70302-el-costo-de-la-demagogia-el-inevitable-fin-de-las-estatales-de-papel
Vision 360,2026-10-03,00:00,Una tabla sobre un mar violento,https://www.vision360.bo/noticias/2026/10/03/70584-una-tabla-sobre-un-mar-violento
Vision 360,2026-10-03,00:00,"El devenir de la ALP, de los puñetazos al QR",https://www.vision360.bo/noticias/2026/10/03/70626-el-devenir-de-la-alp-de-los-punetazos-al-qr
Vision 360,2026-10-03,00:00,Tiempos de resignificaciones,https://www.vision360.bo/noticias/2026/10/03/70629-tiempos-de-resignificaciones
Vision 360,2026-10-03,00:00,O Brasil vai dançar ao ritmo de forró ou sertanejo,https://www.vision360.bo/noticias/2026/10/03/70680-o-brasil-vai-danar-ao-ritmo-de-forro-ou-sertanejo
Red Uno,2026-10-03,00:01,Asamblea suspende a Mariaca como Fiscal General del Estado por más de dos tercios,https://www.reduno.com.bo/noticias/asamblea-suspende-a-mariaca-como-fiscal-general-por-mas-de-dos-tercios-202610223410
Unitel,2026-10-03,00:04,"Mariaca, destituido: Así cambió el rumbo del ahora exfiscal general investigado por presuntos nexos con el narcotráfico",https://unitel.bo/noticias/seguridad/mariaca-destituido-asi-cambio-el-rumbo-del-ahora-exfiscal-general-investigado-por-presuntos-nexos-con-el-narcotrafico-CB23885456
La Razon,2026-10-03,00:15,Paz promulga Ley 1773 y la Asamblea suspende a Mariaca,https://larazon.bo/nacional/2026/10/03/paz-promulga-ley-1773-y-la-asamblea-suspende-a-mariaca/
Vision 360,2026-10-03,00:20,ALP suspende a Roger Mariaca como fiscal general con 113 votos a favor,https://www.vision360.bo/noticias/2026/10/03/70683-alp-suspende-a-roger-mariaca-como-fiscal-general-con-113-votos-a-favor
Opinion,2026-10-03,00:26,Sedepos alerta sobre captación de niños y jóvenes en redes sociales para explotación,https://www.opinion.com.bo/cochabamba/sedepos-alerta-captacion-ninos-jovenes-redes-sociales-explotacion/20261003002624997050.html
Opinion,2026-10-03,00:29,"Punata proyecta una represa de Bs 395 millones para consumo, riego y recarga hídrica",https://www.opinion.com.bo/cochabamba/punata-proyecta-represa-bs-395-millones-consumo-riego-recarga-hidrica/20261003002927997052.html
Unitel,2026-10-03,00:34,"Tras la suspensión de Mariaca, el Legislativo vota para elegir al fiscal general interino, pero no se concreta los dos tercios",https://unitel.bo/noticias/politica/tras-la-suspension-de-mariaca-el-legislativo-vota-para-elegir-al-fiscal-general-interino-pero-no-se-concreta-los-dos-tercios-AB23886226
ANF,2026-10-03,00:44,"Asamblea suspende definitivamente a Roger Mariaca del cargo de fiscal general, el próximo paso es designar a un interino",https://www.noticiasfides.com/nacional/politica/asamblea-suspende-definitivamente-a-roger-mariaca-del-cargo-de-fiscal-general-el-proximo-paso-es-designar-a-un-interino
La Razon,2026-10-03,01:01,Cuando la justicia queda bajo sospecha,https://larazon.bo/opinion/columnistas/2026/10/03/cuando-la-justicia-queda-bajo-sospecha/
La Razon,2026-10-03,01:06,El sector privado y la reactivación,https://larazon.bo/opinion/columnistas/2026/10/03/el-sector-privado-y-la-reactivacion/
La Razon,2026-10-03,01:11,Devolverle la patria a los bolivianos,https://larazon.bo/voces/2026/10/03/devolverle-la-patria-a-los-bolivianos/
Opinion,2026-10-03,01:14,Asamblea suspende a Mariaca y abre paso a la designación de un fiscal general interino,https://www.opinion.com.bo/pais/asamblea-suspende-mariaca-abre-paso-designacion-fiscal-general-interino/20261003011427997053.html
La Razon,2026-10-03,01:18,"Santa Cruz: Concejo aprueba pasaje de Bs 3,50 para adultos",https://larazon.bo/ciudades/2026/10/03/santa-cruz-concejo-aprueba-pasaje-de-bs-350-para-adultos/
El Diario,2026-10-03,01:23,Lucas Careaga da inicio a su camino para llegar a la Fórmula Uno,https://www.eldiario.net/portal/2026/10/03/lucas-careaga-da-inicio-a-su-camino-para-llegar-a-la-formula-uno/
El Deber,2026-10-03,04:25,Asamblea no logra acuerdo para elegir fiscal general interino tras cinco votaciones,https://eldeber.com.bo/pais/asamblea-no-logra-acuerdo-elegir-fiscal-general-interino-cinco-votaciones_1791015721
El Deber,2026-10-03,05:00,La vigencia de los ensayos políticos de Ramiro Velasco Romero,https://eldeber.com.bo/opinion/vigencia-ensayos-politicos-ramiro-velasco-romero_1790989506
El Deber,2026-10-03,05:00,"El mundo no necesita que lo “salves”, necesita que te arregles a ti mismo",https://eldeber.com.bo/opinion/mundo-no-necesita-salves-necesita-te-arregles-ti-mismo_1790989751
El Deber,2026-10-03,05:00,De la fatiga a la guillotina,https://eldeber.com.bo/opinion/fatiga-guillotina_1790989925
El Deber,2026-10-03,05:00,El país de las explicaciones,https://eldeber.com.bo/opinion/pais-explicaciones_1790990197
El Deber,2026-10-03,05:00,¿Y después qué?,https://eldeber.com.bo/opinion/despues_1790990482
Unitel,2026-10-03,05:12,"Tras cinco votaciones, el Legislativo no logra designar al fiscal general interino, quedan dos en carrera",https://unitel.bo/noticias/politica/tras-cinco-votaciones-el-legislativo-no-logra-designar-al-fiscal-general-interino-quedan-dos-en-carrera-DB23888319
El Deber,2026-10-03,06:00,Cara a Cara,https://eldeber.com.bo/opinion/cara-cara_1790975228
Unitel,2026-10-03,06:02,"Instalan la audiencia cautelar en la que se define el futuro de Mariaca, Zeballos e Irusta",https://unitel.bo/noticias/seguridad/instalan-la-audiencia-cautelar-en-la-que-se-define-el-futuro-de-mariaca-zeballos-e-irusta-NB23888775
El Deber,2026-10-03,06:16,"Instalan audiencia de Mariaca, Zeballos, Irusta y Aparicio; Fiscalía pide seis meses de detención",https://eldeber.com.bo/la-paz/instalan-audiencia-mariaca-zeballos-irusta-aparicio-fiscalia-pide-seis-meses-detencion_1790995689
El Diario,2026-10-03,06:18,Contrabando se concentra en gasolina,https://www.eldiario.net/portal/2026/10/03/contrabando-se-concentra-en-gasolina/
El Diario,2026-10-03,06:19,Miembros del Escudo de las Américas apoyan al país,https://www.eldiario.net/portal/2026/10/03/miembros-del-escudo-de-las-americas-apoyan-al-pais/
El Diario,2026-10-03,06:20,Imputación a Mariaca es por tráfico de sustancias controladas,https://www.eldiario.net/portal/2026/10/03/imputacion-a-mariaca-es-por-trafico-de-sustancias-controladas/
El Diario,2026-10-03,06:21,Bolivia recibirá $us 214 millones con aval del FMI,https://www.eldiario.net/portal/2026/10/03/bolivia-recibira-us-214-millones-con-aval-del-fmi/
El Diario,2026-10-03,06:23,ALP definirá designación de Fiscal General interino,https://www.eldiario.net/portal/2026/10/03/alp-definira-designacion-de-fiscal-general-interino/
El Deber,2026-10-03,06:28,José Armando Urioste Viera es el nuevo fiscal general del Estado interino,https://eldeber.com.bo/la-paz/jose-armando-urioste-viera-nuevo-fiscal-general-estado-interino_1791020658
Unitel,2026-10-03,06:28,La Asamblea Legislativa designa a José Armando Urioste Viera como fiscal general interino,https://unitel.bo/noticias/politica/la-asamblea-legislativa-designa-a-jose-armando-urioste-viera-como-fiscal-general-interino-GB23888916
El Diario,2026-10-03,06:29,Porongo recibe 11 tanques de agua,https://www.eldiario.net/portal/2026/10/03/porongo-recibe-11-tanques-de-agua/
Los Tiempos,2026-10-03,06:29,"Instalan la audiencia cautelar en la que se define el futuro de Mariaca, Zeballos e Irusta",https://www.lostiempos.com/actualidad/seguridad/20261003/instalan-audiencia-cautelar-que-se-define-futuro-mariaca-zeballos-e
El Diario,2026-10-03,06:30,"Registran sismo de 3,4 grados en el Chapare",https://www.eldiario.net/portal/2026/10/03/registran-sismo-de-34-grados-en-el-chapare/
El Diario,2026-10-03,06:30,En La Guardia miden infestación de mosquito transmisor del dengue,https://www.eldiario.net/portal/2026/10/03/en-la-guardia-miden-infestacion-de-mosquito-transmisor-del-dengue/
El Diario,2026-10-03,06:31,Filas por gasolina persisten en surtidores de ciudades del eje,https://www.eldiario.net/portal/2026/10/03/filas-por-gasolina-persisten-en-surtidores-de-ciudades-del-eje/
El Diario,2026-10-03,06:32,Oruro confirma caso importado de lepra,https://www.eldiario.net/portal/2026/10/03/oruro-confirma-caso-importado-de-lepra-2/
El Diario,2026-10-03,06:32,"Estudio municipal establece pasaje para adultos en Bs 3,50",https://www.eldiario.net/portal/2026/10/03/estudio-municipal-establece-pasaje-para-adultos-en-bs-350/
El Diario,2026-10-03,06:34,Torrez renuncia a la Fiscalía Departamental de La Paz,https://www.eldiario.net/portal/2026/10/03/torrez-renuncia-a-la-fiscalia-departamental-de-la-paz-2/
El Diario,2026-10-03,06:35,Policía despliega operativo tras secuestro y pedido de dinero,https://www.eldiario.net/portal/2026/10/03/policia-despliega-operativo-tras-secuestro-y-pedido-de-dinero/
El Diario,2026-10-03,06:36,Nuevo feminicidio en Cochabamba eleva a 65 los casos a nivel nacional,https://www.eldiario.net/portal/2026/10/03/nuevo-feminicidio-en-cochabamba-eleva-a-65-los-casos-a-nivel-nacional/
El Diario,2026-10-03,06:37,Felcv fortalece sus ambientes y equipos,https://www.eldiario.net/portal/2026/10/03/felcv-fortalece-sus-ambientes-y-equipos/
El Diario,2026-10-03,06:38,"Ministerio Público pide seis meses de prisión para Mariaca, Zeballos e Irusta",https://www.eldiario.net/portal/2026/10/03/ministerio-publico-pide-seis-meses-de-prision-para-mariaca-zeballos-e-irusta-2/
Red Uno,2026-10-03,06:38,José Armando Urioste Viera fue elegido como el nuevo Fiscal General Interino,https://www.reduno.com.bo/noticias/jose-armando-urioste-viera-fue-elegido-como-el-nuevo-fiscal-general-interino-202610363832
El Diario,2026-10-03,06:39,OEA aprueba resolución que exige elecciones en Nicaragua,https://www.eldiario.net/portal/2026/10/03/oea-aprueba-resolucion-que-exige-elecciones-en-nicaragua/
El Diario,2026-10-03,06:39,Talleres en cárcel femenina preparan adornos con imagen del Papa en Perú,https://www.eldiario.net/portal/2026/10/03/talleres-en-carcel-femenina-preparan-adornos-con-imagen-del-papa-en-peru/
El Diario,2026-10-03,06:41,Congreso rechaza dos decretos para afrontar crisis de vivienda,https://www.eldiario.net/portal/2026/10/03/congreso-rechaza-dos-decretos-para-afrontar-crisis-de-vivienda-2/
El Diario,2026-10-03,06:41,Movimiento “Cucaracha” demanda dimisión de funcionario electoral,https://www.eldiario.net/portal/2026/10/03/movimiento-cucaracha-demanda-dimision-de-funcionario-electoral/
Vision 360,2026-10-03,06:42,José Armando Urioste Viera es elegido fiscal general interino en medio de la crisis del Ministerio Público,https://www.vision360.bo/noticias/2026/10/03/70689-jose-armando-urioste-viera-es-elegido-fiscal-general-interino-en-medio-de-la-crisis-del-ministerio-publico
El Diario,2026-10-03,06:43,Amplían plazo para pagar impuestos municipales 2025,https://www.eldiario.net/portal/2026/10/03/amplian-plazo-para-pagar-impuestos-municipales-2025-2/
El Diario,2026-10-03,06:44,Conozca los precios en mercados de La Paz,https://www.eldiario.net/portal/2026/10/03/conozca-los-precios-en-mercados-de-la-paz/
El Diario,2026-10-03,06:45,Niños de Villa Salomé transitan ruta peligrosa,https://www.eldiario.net/portal/2026/10/03/ninos-de-villa-salome-transitan-ruta-peligrosa/
El Diario,2026-10-03,06:46,Realizan 35 cirugías gratuitas de mano,https://www.eldiario.net/portal/2026/10/03/realizan-35-cirugias-gratuitas-de-mano/
El Diario,2026-10-03,06:47,Milo J celebra un año de “La vida era más corta” con “La Jangada”,https://www.eldiario.net/portal/2026/10/03/milo-j-celebra-un-ano-de-la-vida-era-mas-corta-con-la-jangada/
El Diario,2026-10-03,06:48,Horóscopo WM,https://www.eldiario.net/portal/2026/10/03/horoscopo-wm-845/
El Diario,2026-10-03,06:48,Denuncian sin pruebas pago por votos,https://www.eldiario.net/portal/2026/10/03/denuncian-sin-pruebas-pago-por-votos/
El Diario,2026-10-03,06:49,La Paz recogerá propuestas para reformar su sistema electoral,https://www.eldiario.net/portal/2026/10/03/la-paz-recogera-propuestas-para-reformar-su-sistema-electoral/
El Diario,2026-10-03,06:50,CPE del MAS creó un monstruo en la figura del fiscal general,https://www.eldiario.net/portal/2026/10/03/cpe-del-mas-creo-un-monstruo-en-la-figura-del-fiscal-general-2/
El Diario,2026-10-03,06:51,Elección departamental de fiscales mediante méritos,https://www.eldiario.net/portal/2026/10/03/eleccion-departamental-de-fiscales-mediante-meritos/
El Diario,2026-10-03,06:52,Presidente del TSE encabezará misión de la Uniore en Perú,https://www.eldiario.net/portal/2026/10/03/presidente-del-tse-encabezara-mision-de-la-uniore-en-peru-2/
El Diario,2026-10-03,06:52,Reformas normativas pueden ser aporte contra la injerencia política,https://www.eldiario.net/portal/2026/10/03/reformas-normativas-pueden-ser-aporte-contra-la-injerencia-politica/
El Diario,2026-10-03,06:55,Productores cruceños priorizan tecnología en cuidado del suelo,https://www.eldiario.net/portal/2026/10/03/productores-crucenos-priorizan-tecnologia-en-cuidado-del-suelo/
El Diario,2026-10-03,06:55,Sector inmobiliario abre diálogo sobre inversión y crecimiento,https://www.eldiario.net/portal/2026/10/03/sector-inmobiliario-abre-dialogo-sobre-inversion-y-crecimiento/
El Diario,2026-10-03,06:57,Contrabando de combustibles se concentra ahora en gasolina,https://www.eldiario.net/portal/2026/10/03/contrabando-de-combustibles-se-concentra-ahora-en-gasolina/
El Diario,2026-10-03,06:58,Bolivia tiene tres desafíos para combatir la corrupción,https://www.eldiario.net/portal/2026/10/03/bolivia-tiene-tres-desafios-para-combatir-la-corrupcion/
El Diario,2026-10-03,07:00,Medidas para enfrentar la crisis energética,https://www.eldiario.net/portal/2026/10/03/medidas-para-enfrentar-la-crisis-energetica/
El Diario,2026-10-03,07:01,Defensa de lo indefendible,https://www.eldiario.net/portal/2026/10/03/defensa-de-lo-indefendible/
Unitel,2026-10-03,07:03,"¿Quién es José Urioste, el nuevo fiscal general interino de Bolivia?",https://unitel.bo/noticias/politica/quien-es-jose-urioste-el-nuevo-fiscal-general-interino-de-bolivia-KB23889131
Opinion,2026-10-03,07:05,Asamblea designa a José Armando Urioste como fiscal general interino tras suspender a Mariaca,https://www.opinion.com.bo/pais/asamblea-designa-jose-armando-urioste-como-fiscal-general-interino-suspender-mariaca/20261003070553997055.html
El Diario,2026-10-03,07:06,Injusticia causa extradiciones,https://www.eldiario.net/portal/2026/10/03/injusticia-causa-extradiciones/
El Diario,2026-10-03,07:06,La cacofonía gubernamental,https://www.eldiario.net/portal/2026/10/03/la-cacofonia-gubernamental/
El Diario,2026-10-03,07:07,Aceptación de herencia y su inscripción en Derechos Reales,https://www.eldiario.net/portal/2026/10/03/aceptacion-de-herencia-y-su-inscripcion-en-derechos-reales/
El Diario,2026-10-03,07:08,IPP: el Índice donde comienza una historia,https://www.eldiario.net/portal/2026/10/03/ipp-el-indice-donde-comienza-una-historia/
El Diario,2026-10-03,07:08,El costo de la demagogia: inevitable fin de las estatales de papel,https://www.eldiario.net/portal/2026/10/03/el-costo-de-la-demagogia-inevitable-fin-de-las-estatales-de-papel/
El Diario,2026-10-03,07:10,Nacional Potosí enfrenta a Real Oruro en la Villa Imperial,https://www.eldiario.net/portal/2026/10/03/nacional-potosi-enfrenta-a-real-oruro-en-la-villa-imperial/
Opinion,2026-10-03,07:10,Hombre de 61 años es enviado a El Abra por el feminicidio de su pareja,https://www.opinion.com.bo/policial/envian-abra-hombre-investigado-feminicidio-pareja-tiquipaya/20261003071003997048.html
El Diario,2026-10-03,07:12,Djokovic iguala el récord de Nadal en Pekín,https://www.eldiario.net/portal/2026/10/03/djokovic-iguala-el-record-de-nadal-en-pekin/
El Diario,2026-10-03,07:12,Manuel Ferrel admite que participó en amaño de partido,https://www.eldiario.net/portal/2026/10/03/manuel-ferrel-admite-que-participo-en-amano-de-partido/
El Diario,2026-10-03,07:13,0-2: ABB sorprende a San Antonio,https://www.eldiario.net/portal/2026/10/03/0-2-abb-sorprende-a-san-antonio/
El Diario,2026-10-03,07:14,Messi arriba a Argentina y prepara su despedida,https://www.eldiario.net/portal/2026/10/03/messi-arriba-a-argentina-y-prepara-su-despedida/
El Diario,2026-10-03,07:14,Always Ready va por la victoria,https://www.eldiario.net/portal/2026/10/03/always-ready-va-por-la-victoria/
El Diario,2026-10-03,07:15,EL TIGRE BUSCA ASEGURAR SU CLASIFICACIÓN,https://www.eldiario.net/portal/2026/10/03/el-tigre-busca-asegurar-su-clasificacion/
El Diario,2026-10-03,07:19,FBF arrancó la devolución de entradas,https://www.eldiario.net/portal/2026/10/03/fbf-arranco-la-devolucion-de-entradas/
El Diario,2026-10-03,07:20,"De Viscarra a Maraude, la Verde tiene más dudas que certezas",https://www.eldiario.net/portal/2026/10/03/de-viscarra-a-maraude-la-verde-tiene-mas-dudas-que-certezas/
El Diario,2026-10-03,07:21,Legionarios se sienten perjudicados tras suspensión,https://www.eldiario.net/portal/2026/10/03/legionarios-se-sienten-perjudicados-tras-suspension/
El Diario,2026-10-03,07:22,El camino “espinoso” de las Eliminatorias 2030,https://www.eldiario.net/portal/2026/10/03/el-camino-espinoso-de-las-eliminatorias-2030/
El Deber,2026-10-03,07:29,"¿Quién es José Armando Urioste Viera, el nuevo fiscal general interino elegido por la Asamblea Legislativa?",https://eldeber.com.bo/pais/quien-jose-armando-urioste-viera-nuevo-fiscal-general-interino-elegido-asamblea-legislativa_1791026832
El Diario,2026-10-03,07:33,La poesía de Francesco Guccini y Joaquín Sabina llega al centro Dante Alighieri,https://www.eldiario.net/portal/2026/10/03/la-poesia-de-francesco-guccini-y-joaquin-sabina-llega-al-centro-dante-alighieri/
Red Uno,2026-10-03,07:33,"Se desarrolla la audiencia que definirá la situación jurídica de Mariaca, Zeballos e Irusta ante el juez",https://www.reduno.com.bo/noticias/se-desarrolla-la-audiencia-que-definira-la-situacion-juridica-de-mariaca-zeballos-e-irusta-ante-el-juez-20261037329
El Deber,2026-10-03,07:36,Urioste será posesionado el lunes como fiscal general interino,https://eldeber.com.bo/pais/urioste-sera-posesionado-lunes-fiscal-general-interino_1791026932
Unitel,2026-10-03,07:40,"Juez niega juicio de responsabilidades a Mariaca y defensa apela decisión, según abogado",https://unitel.bo/noticias/seguridad/juez-niega-juicio-de-responsabilidades-a-mariaca-y-defensa-apela-decision-segun-abogado-NB23889523
El Diario,2026-10-03,07:41,Doble celebración en Caranavi,https://www.eldiario.net/portal/2026/10/03/doble-celebracion-en-caranavi/
El Diario,2026-10-03,07:44,Recepción en la Embajada Argentina en honor de Scalandrum,https://www.eldiario.net/portal/2026/10/03/recepcion-en-la-embajada-argentina-en-honor-de-scalandrum/
Los Tiempos,2026-10-03,07:46,Asamblea designa a José Armando Urioste como fiscal general interino tras suspender a Mariaca,https://www.lostiempos.com/actualidad/pais/20261003/asamblea-designa-jose-armando-urioste-como-fiscal-general-interino
La Razon,2026-10-03,07:53,Legislativo designa a José Armando Urioste Viera como fiscal general interino,https://larazon.bo/nacional/2026/10/03/legislativo-designa-a-jose-armando-urioste-viera-como-fiscal-general-interino/
ANF,2026-10-03,07:54,Asamblea Legislativa designa a José Armando Urioste como fiscal general del Estado interino,https://www.noticiasfides.com/nacional/politica/asamblea-legislativa-designa-a-jose-armando-urioste-como-fiscal-general-del-estado-interino
Red Uno,2026-10-03,07:55,¿Quién es José Armando Urioste? Este es el perfil del nuevo Fiscal General Interino,https://www.reduno.com.bo/noticias/quien-es-jose-armando-urioste-este-es-el-perfil-del-nuevo-fiscal-general-interino-202610375512
Vision 360,2026-10-03,08:00,The Strongest recibe a FC Universitario con la misión de asegurar la clasificación,https://www.vision360.bo/noticias/2026/10/03/70686-the-strongest-recibe-a-fc-universitario-con-la-mision-de-asegurar-la-clasificacion
Vision 360,2026-10-03,08:05,José Armando Urioste Viera: de juez y catedrático a fiscal general del Estado interino,https://www.vision360.bo/noticias/2026/10/03/70692-jose-armando-urioste-viera-de-juez-y-catedratico-a-fiscal-general-del-estado-interino
Unitel,2026-10-03,08:06,"Algunos micreros ya cobran Bs 3,50 a mayores en Santa Cruz de la Sierra; dirigencia se reúne este sábado para definir su postura",https://unitel.bo/noticias/sociedad/algunos-micreros-ya-cobran-bs-350-a-mayores-en-santa-cruz-de-la-sierra-dirigencia-se-reune-este-sabado-para-definir-su-postura-LB23889772
Opinion,2026-10-03,08:07,FMI aprueba el acuerdo con Bolivia y dispone primer desembolso de $us 214 millones,https://www.opinion.com.bo/pais/fmi-aprueba-acuerdo-bolivia-dispone-primer-desembolso-us-214-millones/20261003080700997057.html
El Deber,2026-10-03,08:09,"Más de 20 horas, una ley, la salida de Mariaca y un nuevo fiscal: así fue la maratónica sesión de la Asamblea Legislativa",https://eldeber.com.bo/la-paz/20-horas-ley-salida-mariaca-nuevo-fiscal-asi-fue-maratonica-sesion-asamblea-legislativa_1791028426
El Diario,2026-10-03,08:10,Economía bajo presión a un día de los comicios en Brasil,https://www.eldiario.net/portal/2026/10/03/economia-bajo-presion-a-un-dia-de-los-comicios-en-brasil/
La Razon,2026-10-03,08:14,"Se instala la audiencia cautelar de Mariaca, Zeballos e Irusta",https://larazon.bo/nacional/2026/10/03/instalan-la-audiencia-cautelar-de-mariaca-zeballos-e-irusta/
Unitel,2026-10-03,08:15,Urioste jurará el lunes en La Paz ante el Legislativo y luego viajará a Sucre para liderar la Fiscalía General del Estado,https://unitel.bo/noticias/politica/urioste-jurara-el-lunes-en-la-paz-ante-el-legislativo-y-luego-viajara-a-sucre-para-liderar-la-fiscalia-general-del-estado-EB23889973
Los Tiempos,2026-10-03,08:20,El Fiscal interino José Urioste cree en una justicia independiente y sin manoseo político,https://www.lostiempos.com/actualidad/pais/20261003/fiscal-interino-jose-urioste-cree-justicia-independiente-manoseo-politico
El Deber,2026-10-03,08:32,Avioneta boliviana cae con media tonelada de droga tras ser perseguida en Paraguay y Brasil,https://eldeber.com.bo/pais/avioneta-boliviana-cae-media-tonelada-droga-ser-perseguida-paraguay-brasil_1791030040
ANF,2026-10-03,08:34,"Armando Urioste en 2024 planteó una justicia independiente, sin injerencia política y cero tolerancia a la corrupción",https://www.noticiasfides.com/justicia/armando-urioste-en-2024-planteo-una-justicia-independiente-sin-injerencia-politica-y-cero-tolerancia-a-la-corrupcion
Red Uno,2026-10-03,08:38,¿Cómo estará el tiempo este sábado? Estas son las temperaturas previstas en las principales ciudades,https://www.reduno.com.bo/noticias/como-estara-el-tiempo-este-sabado-estas-son-las-temperaturas-previstas-en-las-principales-ciudades-20261038377
El Deber,2026-10-03,08:50,La fiscalía de Emiratos Árabes Unidos afirma que el copiloto del vuelo de Dubái a Israel atacó al capitán con un hacha,https://eldeber.com.bo/bbc/la-fiscalia-de-emiratos-arabes-unidos-afirma-que-el-copiloto-del-vuelo-de-dubai-a-israel-ataco-al-capitan-con-un-hacha-202610392024
La Razon,2026-10-03,08:54,Ávila destaca consenso en fuerzas políticas para elegir al nuevo fiscal general,https://larazon.bo/nacional/2026/10/03/avila-destaca-consenso-en-fuerzas-politicas-para-elegir-al-nuevo-fiscal-general/
Opinion,2026-10-03,08:54,Cochabamba ofrece una agenda de ferias gastronómicas y productivas para este fin de semana,https://www.opinion.com.bo/cochabamba/cochabamba-ofrece-agenda-ferias-gastronomicas-productivas-fin-semana/20261003085405997046.html
Diez,2026-10-03,08:57,"Desde el repechaje, la Verde recibió 14 goles y no marcó ninguno",https://diez.bo/futbol/desde-el-repechaje-la-verde-recibio-14-goles-y-no-marco-ninguno_1790951102
Diez,2026-10-03,08:57,"The Strongest, Nacional Potosí y Tomayapo quieren sellar su clasificación",https://diez.bo/futbol/the-strongest-nacional-potosi-y-tomayapo-quieren-sellar-su-clasificacion_1790951225
Diez,2026-10-03,08:57,Paulucci no tuvo el arranque esperado con Blooming e intentará redimirse en Oruro,https://diez.bo/blooming/paulucci-no-tuvo-el-arranque-esperado-con-blooming-e-intentara-redimirse-en-oruro_1790951325
Diez,2026-10-03,08:57,De Pekerman a Scaloni: los nueve entrenadores que marcaron la carrera de Messi,https://diez.bo/futbol/de-pekerman-a-scaloni-los-nueve-entrenadores-que-marcaron-la-carrera-de-messi_1790951726
Opinion,2026-10-03,08:59,‘Ted’ regresa en versión animada: conoce cuándo se estrena la nueva serie,https://www.opinion.com.bo/tendencias/ted-regresa-version-animada-conoce-cuando-estrena-nueva-serie/20261003085900997033.html
El Deber,2026-10-03,09:01,Lo que la fallida ejecución de Christa Pike revela sobre la pena de muerte en EEUU,https://eldeber.com.bo/bbc/lo-que-la-fallida-ejecucion-de-christa-pike-revela-sobre-la-pena-de-muerte-en-ee-uu--202610392249
Red Uno,2026-10-03,09:05,Juez niega a Roger Mariaca juicio de responsabilidades y dispone que sea procesado por la vía ordinaria,https://www.reduno.com.bo/noticias/juez-niega-a-roger-mariaca-juicio-de-responsabilidades-y-dispone-que-sea-procesado-por-la-via-ordinaria-20261038570
Vision 360,2026-10-03,09:12,Verstappen en la 'pole' de Sepang; Hamilton a su lado en primera fila,https://www.vision360.bo/noticias/2026/10/03/70704-verstappen-en-la-pole-de-sepang-hamilton-a-su-lado-en-primera-fila
Opinion,2026-10-03,09:13,El Fiscal interino José Urioste cree en una justicia independiente y sin manoseo político,https://www.opinion.com.bo/pais/fiscal-interino-jose-urioste-cree-justicia-independiente-manoseo-politico/20261003091330997059.html
El Deber,2026-10-03,09:15,"¿Cuál es la misión prioritaria del nuevo fiscal general, José Armando Urioste?",https://eldeber.com.bo/pais/cual-mision-prioritaria-nuevo-fiscal-general-jose-armando-urioste_1791032702
Los Tiempos,2026-10-03,09:16,"Juez niega juico de responsabilidades a Mariaca y defensa apela decisión, según abogado",https://www.lostiempos.com/actualidad/seguridad/20261003/juez-niega-juico-responsabilidades-mariaca-defensa-apela-decision
Vision 360,2026-10-03,09:24,"Trump se moviliza a un mes de las legislativas que ha convertido en un ""autorreferéndum""",https://www.vision360.bo/noticias/2026/10/03/70701-trump-se-moviliza-a-un-mes-de-las-legislativas-que-ha-convertido-en-un-autorreferendum
ANF,2026-10-03,09:27,Brasil elige este domingo entre los modelos antagónicos de Lula y Flávio Bolsonaro en una contienda muy igualada,https://www.noticiasfides.com/mundo/brasil-elige-este-domingo-entre-los-modelos-antagonicos-de-lula-y-flavio-bolsonaro-en-una-contienda-muy-igualada
El Diario,2026-10-03,09:28,José Urioste Viera es Fiscal General interino,https://www.eldiario.net/portal/2026/10/03/jose-urioste-viera-es-fiscal-general-interino/
Vision 360,2026-10-03,09:28,Letones votan con la mente en la guerra en Ucrania y la economía del país,https://www.vision360.bo/noticias/2026/10/03/70698-letones-votan-con-la-mente-en-la-guerra-en-ucrania-y-la-economia-del-pais
Red Uno,2026-10-03,09:30,“Se han pasado recto”: Mujer muere luego de que una moto cayera a un canal de drenaje en Santa Cruz,https://www.reduno.com.bo/noticias/se-han-pasado-recto-mujer-muere-luego-de-que-una-moto-cayera-a-un-canal-de-drenaje-en-santa-cruz-202610392831
ANF,2026-10-03,09:31,"Trump insiste en restringir el acceso a CNN al insistir que está ""perjudicando a la seguridad nacional""",https://www.noticiasfides.com/mundo/trump-insiste-en-restringir-el-acceso-a-cnn-al-insistir-que-esta-perjudicando-a-la-seguridad-nacional
Diez,2026-10-03,09:31,"Con Flores de vuelta, Oriente quiere asegurar su clasificación",https://diez.bo/oriente-petrolero/con-flores-de-vuelta-oriente-quiere-asegurar-su-clasificacion_1791034284
ANF,2026-10-03,09:34,Corea del Norte ensaya un misil balístico hacia el mar del Este,https://www.noticiasfides.com/mundo/corea-del-norte-ensaya-un-misil-balistico-hacia-el-mar-del-este
Unitel,2026-10-03,09:34,"El conflicto por la votación, los tres nombres y el acuerdo “de pasillo” por Urioste, así fue la maratónica sesión del Legislativo",https://unitel.bo/noticias/politica/el-conflicto-por-la-votacion-los-tres-nombres-y-el-acuerdo-de-pasillo-por-urioste-asi-fue-la-maratonica-sesion-del-legislativo-CA23890534
Vision 360,2026-10-03,09:37,Mueren cinco personas en un bombardeo de Israel a un edificio en la ciudad de Gaza,https://www.vision360.bo/noticias/2026/10/03/70695-mueren-cinco-personas-en-un-bombardeo-de-israel-a-un-edificio-en-la-ciudad-de-gaza
La Razon,2026-10-03,09:42,Paraguay vence a Colombia y prolonga su buena racha,https://larazon.bo/marcas/2026/10/03/paraguay-vence-a-colombia-y-prolonga-su-buena-racha/
La Razon,2026-10-03,09:43,"Rueda de negocios ‘Conecta Productiva’ mueve Bs 1,16 MM en Cochabamba",https://larazon.bo/economia-y-empresa/2026/10/03/rueda-de-negocios-conecta-productiva-mueve-bs-116-mm-en-cochabamba/
Vision 360,2026-10-03,09:43,"Argentina después de Messi: nuevo capitán, la 10 vacante y recambio generacional",https://www.vision360.bo/noticias/2026/10/03/70707-argentina-despues-de-messi-nuevo-capitan-la-10-vacante-y-recambio-generacional
Diez,2026-10-03,09:44,De Maradona a Guardiola: las voces que se rindieron ante Messi,https://diez.bo/futbol/de-maradona-a-guardiola-las-voces-que-se-rindieron-ante-messi_1791035045
El Deber,2026-10-03,09:56,¿Cuánto están cobrando los micros este fin de semana?,https://eldeber.com.bo/santa-cruz/cuanto-estan-cobrando-micros-este-fin-semana_1791035801
La Razon,2026-10-03,09:58,Bolivia debuta con 34 empresas en primer ‘Pabellón de Americas Food & Beverage’,https://larazon.bo/economia-y-empresa/2026/10/03/bolivia-debuta-con-34-empresas-en-primer-pabellon-de-americas-food-beverage/
Unitel,2026-10-03,09:59,Lula y Flávio Bolsonaro cierran campaña en Brasil antes de apretadas elecciones,https://unitel.bo/noticias/mundo/lula-y-flavio-bolsonaro-cierran-campana-en-brasil-antes-de-apretadas-elecciones-LA23890812
La Razon,2026-10-03,10:01,Acortan conferencia de Irlanda por tensión con periodistas israelíes,https://larazon.bo/marcas/2026/10/03/acortan-conferencia-de-irlanda-por-tension-con-periodistas-israelies/
Red Uno,2026-10-03,10:02,"¿Qué pasaje sube a Bs 3,50 y cuáles se mantienen tras la aprobación del Concejo Municipal?",https://www.reduno.com.bo/noticias/que-pasaje-sube-a-bs-3-50-y-cuales-se-mantienen-tras-la-aprobacion-del-concejo-municipal-202610395455
La Razon,2026-10-03,10:06,Proyecto Ivirizu avanza con operaciones en embalse de la Presa Sehuencas,https://larazon.bo/economia-y-empresa/2026/10/03/proyecto-ivirizu-avanza-con-operaciones-en-embalse-de-la-presa-sehuencas/
La Razon,2026-10-03,10:13,Justicia rechaza juicio de responsabilidades a Mariaca; su defensa apela,https://larazon.bo/nacional/2026/10/03/defensa-de-mariaca-apela-rechazo-a-juicio-de-responsabilidades-y-presenta-tres-incidentes/
La Razon,2026-10-03,10:14,Santa Cruz: Concejo establece obligaciones para mejorar el transporte público,https://larazon.bo/ciudades/2026/10/03/santa-cruz-concejo-establece-obligaciones-para-mejorar-el-transporte-publico/
ANF,2026-10-03,10:19,Juzgado rechaza que Mariaca sea sometido a juicio de responsabilidades porque cometió delitos comunes,https://www.noticiasfides.com/nacional/seguridad/juzgado-rechaza-que-mariaca-sea-sometido-a-juicio-de-responsabilidades-porque-cometio-delitos-comunes
El Deber,2026-10-03,10:19,Juez rechaza juicio de responsabilidades para Mariaca y dispone que sea procesado por la vía ordinaria,https://eldeber.com.bo/pais/juez-rechaza-juicio-responsabilidades-mariaca-dispone-sea-procesado-via-ordinaria_1791037010
Opinion,2026-10-03,10:21,UNITEPC hace frente al dengue y la chikungunya con ovitrampas,https://www.opinion.com.bo/cochabamba/unitepc-hace-frente-dengue-chikungunya-ovitrampas/20261003102159997061.html
Unitel,2026-10-03,10:25,"Fiscal Montaño se presenta en la Policía de Santa Cruz y queda aprehendido, según fuentes vinculadas con el caso",https://unitel.bo/noticias/seguridad/fiscal-montano-se-presenta-en-la-policia-de-santa-cruz-y-queda-aprehendido-segun-fuentes-vinculadas-con-el-caso-KA23891290
Vision 360,2026-10-03,10:34,"Bolívar alista cambios para enfrentar a ""Inde"" y asegurar su pase de ronda como primero",https://www.vision360.bo/noticias/2026/10/03/70710-bolivar-alista-cambios-para-enfrentar-a-inde-y-asegurar-su-pase-de-ronda-como-primero
Vision 360,2026-10-03,10:38,Juez niega juicio de responsabilidades a Mariaca y su defensa apela decisión,https://www.vision360.bo/noticias/2026/10/03/70713-juez-niega-juicio-de-responsabilidades-a-mariaca-y-su-defensa-apela-decision
El Deber,2026-10-03,10:47,Urioste anuncia reestructuración de la Fiscalía: “Se ha vuelto una camarilla de corrupción”,https://eldeber.com.bo/beni/urioste-anuncia-reestructuracion-fiscalia-ha-vuelto-camarilla-corrupcion_1791038616
La Razon,2026-10-03,10:50,Víctimas de estafa de Las Loritas viven entre deudas y departamentos fantasma,https://larazon.bo/ciudades/2026/10/03/victimas-de-estafa-de-las-loritas-viven-entre-deudas-y-departamentos-fantasma/
Red Uno,2026-10-03,10:57,"Aprehenden a Luis Montaño, quien se autonombró Fiscal General Interino del Estado",https://www.reduno.com.bo/noticias/aprehenden-a-luis-montano-quien-se-autonombro-fiscal-general-interino-del-estado-202610310500
Los Tiempos,2026-10-03,10:59,"Aprehenden al fiscal Luis Montaño, quien se autonombró fiscal general",https://www.lostiempos.com/actualidad/seguridad/20261003/aprehenden-al-fiscal-luis-montano-quien-se-autonombro-fiscal-general
Unitel,2026-10-03,11:07,“El desafío es limpiar esta Fiscalía manchada”: Urioste anuncia una auditoría y señala a Mariaca de impulsar “un brazo extorsivo” que encubría delitos,https://unitel.bo/noticias/politica/el-desafio-es-limpiar-esta-fiscalia-manchada-urioste-anuncia-una-auditoria-y-senala-a-mariaca-de-impulsar-un-brazo-extorsivo-que-encubria-delitos-AA23891515
La Razon,2026-10-03,11:08,FMI destinó $us 40.000 MM en financiamiento a 18 países durante 2026,https://larazon.bo/economia-y-empresa/2026/10/03/fmi-destino-us-40-000-mm-en-financiamiento-a-18-paises-durante-2026/
Opinion,2026-10-03,11:08,"Aprehenden al fiscal Luis Montaño, quien se autonombró Fiscal General",https://www.opinion.com.bo/pais/aprehenden-fiscal-luis-montano-quien-autonombro-fiscal-general/20261003110817997064.html
La Razon,2026-10-03,11:09,Urioste dice que recibe una Fiscalía ‘manchada’; anuncia auditorías para depurar la institución,https://larazon.bo/nacional/2026/10/03/urioste-dice-que-recibe-una-fiscalia-manchada-anuncia-auditorias-para-depurar-la-institucion/
Los Tiempos,2026-10-03,11:18,"Nuevo fiscal general alerta que entra a un ""campo de guerra"", porque afines a Mariaca están ""acuartelados""",https://www.lostiempos.com/actualidad/pais/20261003/nuevo-fiscal-general-alerta-que-entra-campo-guerra-porque-afines-mariaca
Vision 360,2026-10-03,11:18,"Ante la falta de turismo en Cuba, los emprendedores en Viñales “no se adaptan, sobreviven”",https://www.vision360.bo/noticias/2026/10/03/70719-ante-la-falta-de-turismo-en-cuba-los-emprendedores-en-vinales-no-se-adaptan-sobreviven
El Deber,2026-10-03,11:19,De fiscal interino a aprehendido: Luis Montaño cae tras la designación de Urioste en la Fiscalía,https://eldeber.com.bo/pais/fiscal-interino-aprehendido-luis-montano-cae-designacion-urioste-fiscalia_1791040258
La Razon,2026-10-03,11:20,Madera: Empresarios paceños piden defensa del libre tránsito comercial,https://larazon.bo/economia-y-empresa/2026/10/03/madera-feplp-exige-defensa-del-libre-transito-comercial/
ANF,2026-10-03,11:21,Urioste dice que ingresará a un “campo de batalla” y que su principal desafío será reestructurar la Fiscalía General,https://www.noticiasfides.com/nacional/seguridad/urioste-dice-que-ingresara-a-un-campo-de-batalla-y-que-su-principal-desafio-sera-reestructurar-la-fiscalia-general
Opinion,2026-10-03,11:25,Justicia rechaza juicio de responsabilidades para Mariaca y será procesado por vía ordinaria,https://www.opinion.com.bo/pais/justicia-rechaza-juicio-responsabilidades-mariaca-sera-procesado-via-ordinaria/20261003112552997066.html
La Razon,2026-10-03,11:32,Anapo solicita liberación plena de las exportaciones agrícolas,https://larazon.bo/economia-y-empresa/2026/10/03/anapo-solicita-liberacion-plena-de-las-exportaciones-agricolas/
Los Tiempos,2026-10-03,11:32,FEPC advierte daño económico y reputación por incineración de carga boliviana en Chile,https://www.lostiempos.com/actualidad/economia/20261003/fepc-advierte-dano-economico-reputacion-incineracion-carga-boliviana
La Razon,2026-10-03,11:36,Aprehenden al fiscal Luis Montaño en Santa Cruz por presunta usurpación de funciones,https://larazon.bo/nacional/2026/10/03/aprehenden-al-fiscal-luis-montano-en-santa-cruz-por-presunta-usurpacion-de-funciones/
Red Uno,2026-10-03,11:37,"Pasaje de Bs 3,50 ya se cobra en algunas líneas de transporte",https://www.reduno.com.bo/noticias/pasaje-de-bs-3-50-ya-se-cobra-en-algunas-lineas-de-transporte-202610310460
Los Tiempos,2026-10-03,11:47,"¿Quién es José Urioste, el nuevo fiscal general interino de Bolivia?",https://www.lostiempos.com/actualidad/pais/20261003/quien-es-jose-urioste-nuevo-fiscal-general-interino-bolivia
Unitel,2026-10-03,11:49,Crónica de la sesión para definir al fiscal general interno: cinco votaciones fallidas y la elección de un nombre que se propuso al final,https://unitel.bo/noticias/politica/cronica-de-la-sesion-para-definir-al-fiscal-general-interno-cinco-votaciones-fallidas-y-la-eleccion-de-un-nombre-que-se-propuso-al-final-DA23891929
Vision 360,2026-10-03,11:54,Zverev se cita con Djokovic en Pekín y Rybakina cae en su estreno como número uno,https://www.vision360.bo/noticias/2026/10/03/70725-zverev-se-cita-con-djokovic-en-pekin-y-rybakina-cae-en-su-estreno-como-numero-uno
Red Uno,2026-10-03,11:56,INE abre nuevas oportunidades laborales en Santa Cruz para proyectos estadísticos este 2026,https://www.reduno.com.bo/noticias/ine-abre-nuevas-oportunidades-laborales-en-santa-cruz-para-proyectos-estadisticos-este-2026-2026103114448
El Deber,2026-10-03,12:11,¿Le tocó un chofer de micro que aceptó que le pague solo Bs 3? Hay incertidumbre,https://eldeber.com.bo/santa-cruz/le-toco-chofer-micro-acepto-pagar-solo-bs-3-hay-incertidumbre_1791043894
Vision 360,2026-10-03,12:19,"Perú celebra sus comicios locales con polémica por la ""reelección encubierta"" de alcaldes",https://www.vision360.bo/noticias/2026/10/03/70728-peru-celebra-sus-comicios-locales-con-polemica-por-la-reeleccion-encubierta-de-alcaldes
Opinion,2026-10-03,12:26,Día de los animales: Concejo aprueba ley; conozca las actividades de este domingo,https://www.opinion.com.bo/cochabamba/dia-animales-concejo-aprueba-ley-conozca-actividades-domingo/20261003122630997068.html
Red Uno,2026-10-03,12:27,“El principal desafío es limpiar todo”: Nuevo Fiscal General Interino anuncia auditoría jurídica,https://www.reduno.com.bo/noticias/el-principal-desafio-es-limpiar-todo-nuevo-fiscal-general-interino-anuncia-auditoria-juridica-2026103122716
Opinion,2026-10-03,12:34,"Cobraban hasta $us 500.000 para proteger a Marset: Mariaca, Irusta, Zeballos y Aparicio están imputados por dos delitos",https://www.opinion.com.bo/pais/cobraban-us-500000-proteger-marset-mariaca-irusta-zeballos-aparicio-estan-imputados-dos-delitos/20261003123441997070.html
Diez,2026-10-03,12:35,Santa Cruz se alista para vivir un nuevo Bolivia Open,https://diez.bo/tenis/santa-cruz-se-alista-para-vivir-un-nuevo-bolivia-open_1790956009
Opinion,2026-10-03,12:40,Santiesteban: Restricción de visas implica un mensaje de EEUU a Evo Morales,https://www.opinion.com.bo/pais/santiesteban-restriccion-visas-implica-mensaje-eeuu-evo-morales/20261003124057997072.html
El Deber,2026-10-03,12:45,"Joadel Bravo: “Si le consultás a varios fiscales, fuera de cámara, te van a contar historias terribles”",https://eldeber.com.bo/pais/joadel-bravo-si-le-consultas-varios-fiscales-fuera-camara-te-van-contar-historias-terribles_1791040481
Opinion,2026-10-03,12:46,Samuel espera que el nuevo Fiscal General rompa con el pasado “mafioso” del Ministerio Público,https://www.opinion.com.bo/pais/samuel-espera-que-nuevo-fiscal-general-rompa-pasado-mafioso-ministerio-publico/20261003124643997074.html
Diez,2026-10-03,12:52,Brasil golea a India y cierra su gira por Asia y Oceanía,https://diez.bo/futbol/brasil-golea-a-india-y-cierra-su-gira-por-asia-y-oceania_1791046336
Opinion,2026-10-03,12:52,"Nuevo Fiscal General alerta que entra a un “campo de guerra”, porque afines a Mariaca están “acuartelados”",https://www.opinion.com.bo/pais/nuevo-fiscal-general-alerta-que-entra-campo-guerra-porque-afines-mariaca-estan-acuartelados/20261003125230997076.html
Unitel,2026-10-03,12:59,Micreros cruceños declaran cuarto intermedio y habrá micros el lunes 5 y martes 6 de octubre,https://unitel.bo/noticias/sociedad/micreros-crucenos-declaran-cuarto-intermedio-y-habra-micros-el-lunes-5-y-martes-6-de-octubre-GA23892985
Opinion,2026-10-03,13:00,"Elecciones: Lula dice que Brasil no es patio trasero, Bolsonaro promete Escudo de las Américas",https://www.opinion.com.bo/mundo/cerradas-elecciones-lula-dice-que-brasil-es-patio-trasero-bolsonaro-promete-escudo-americas/20261003130027997078.html
Red Uno,2026-10-03,13:03,Transporte urbano suspende paro de 48 horas y da plazo al Gobierno para atender sus demandas,https://www.reduno.com.bo/noticias/transporte-urbano-suspende-paro-de-48-horas-y-da-plazo-al-gobierno-para-atender-sus-demandas-2026103125746
Vision 360,2026-10-03,13:13,"Esperanza renace en ancianos de Perú con visita del papa: ""Nos ha devuelto ganas de vivir""",https://www.vision360.bo/noticias/2026/10/03/70716-esperanza-renace-en-ancianos-de-peru-con-visita-del-papa-nos-ha-devuelto-ganas-de-vivir
